ISO-10303-21;
HEADER;
/* Generated by software containing ST-Developer
 * from STEP Tools, Inc. (www.steptools.com) 
 */

FILE_DESCRIPTION(
/* description */ ('',
'CAx-IF Rec.Pracs.---Representation and Presentation of Product Manufa
cturing Information (PMI)---4.0---2014-10-13'),
/* implementation_level */ '2;1');

FILE_NAME(
/* name */ 'Tokamak.step',
/* time_stamp */ '2025-02-06T16:41:11-05:00',
/* author */ (''),
/* organization */ (''),
/* preprocessor_version */ 'ST-DEVELOPER v20',
/* originating_system */ 'Autodesk Translation Framework v13.20.0.188',

/* authorisation */ '');

FILE_SCHEMA (('AP242_MANAGED_MODEL_BASED_3D_ENGINEERING_MIM_LF { 1 0 10303 442 1 1 4 }'));
ENDSEC;

DATA;
#10=MECHANICAL_DESIGN_GEOMETRIC_PRESENTATION_REPRESENTATION('',(#331,#332,
#333),#9754);
#11=ITEM_DEFINED_TRANSFORMATION($,$,#541,#566);
#12=ITEM_DEFINED_TRANSFORMATION($,$,#541,#567);
#13=ITEM_DEFINED_TRANSFORMATION($,$,#541,#568);
#14=ITEM_DEFINED_TRANSFORMATION($,$,#541,#569);
#15=ITEM_DEFINED_TRANSFORMATION($,$,#541,#570);
#16=ITEM_DEFINED_TRANSFORMATION($,$,#541,#571);
#17=ITEM_DEFINED_TRANSFORMATION($,$,#541,#572);
#18=ITEM_DEFINED_TRANSFORMATION($,$,#541,#573);
#19=ITEM_DEFINED_TRANSFORMATION($,$,#541,#574);
#20=ITEM_DEFINED_TRANSFORMATION($,$,#541,#575);
#21=ITEM_DEFINED_TRANSFORMATION($,$,#541,#576);
#22=ITEM_DEFINED_TRANSFORMATION($,$,#541,#577);
#23=ITEM_DEFINED_TRANSFORMATION($,$,#541,#578);
#24=ITEM_DEFINED_TRANSFORMATION($,$,#541,#579);
#25=ITEM_DEFINED_TRANSFORMATION($,$,#541,#580);
#26=ITEM_DEFINED_TRANSFORMATION($,$,#541,#581);
#27=ITEM_DEFINED_TRANSFORMATION($,$,#541,#582);
#28=ITEM_DEFINED_TRANSFORMATION($,$,#541,#583);
#29=ITEM_DEFINED_TRANSFORMATION($,$,#541,#584);
#30=ITEM_DEFINED_TRANSFORMATION($,$,#541,#585);
#31=ITEM_DEFINED_TRANSFORMATION($,$,#541,#586);
#32=ITEM_DEFINED_TRANSFORMATION($,$,#541,#587);
#33=ITEM_DEFINED_TRANSFORMATION($,$,#541,#588);
#34=ITEM_DEFINED_TRANSFORMATION($,$,#541,#589);
#35=ITEM_DEFINED_TRANSFORMATION($,$,#541,#590);
#36=ITEM_DEFINED_TRANSFORMATION($,$,#541,#591);
#37=ITEM_DEFINED_TRANSFORMATION($,$,#541,#592);
#38=ITEM_DEFINED_TRANSFORMATION($,$,#541,#593);
#39=ITEM_DEFINED_TRANSFORMATION($,$,#541,#594);
#40=ITEM_DEFINED_TRANSFORMATION($,$,#541,#595);
#41=ITEM_DEFINED_TRANSFORMATION($,$,#541,#596);
#42=ITEM_DEFINED_TRANSFORMATION($,$,#541,#597);
#43=ITEM_DEFINED_TRANSFORMATION($,$,#541,#598);
#44=ITEM_DEFINED_TRANSFORMATION($,$,#541,#599);
#45=ITEM_DEFINED_TRANSFORMATION($,$,#541,#600);
#46=ITEM_DEFINED_TRANSFORMATION($,$,#541,#601);
#47=ITEM_DEFINED_TRANSFORMATION($,$,#541,#602);
#48=ITEM_DEFINED_TRANSFORMATION($,$,#541,#603);
#49=ITEM_DEFINED_TRANSFORMATION($,$,#541,#604);
#50=ITEM_DEFINED_TRANSFORMATION($,$,#541,#605);
#51=ITEM_DEFINED_TRANSFORMATION($,$,#541,#606);
#52=ITEM_DEFINED_TRANSFORMATION($,$,#541,#607);
#53=ITEM_DEFINED_TRANSFORMATION($,$,#541,#608);
#54=ITEM_DEFINED_TRANSFORMATION($,$,#541,#609);
#55=ITEM_DEFINED_TRANSFORMATION($,$,#541,#610);
#56=ITEM_DEFINED_TRANSFORMATION($,$,#541,#611);
#57=ITEM_DEFINED_TRANSFORMATION($,$,#541,#612);
#58=ITEM_DEFINED_TRANSFORMATION($,$,#541,#613);
#59=ITEM_DEFINED_TRANSFORMATION($,$,#541,#614);
#60=ITEM_DEFINED_TRANSFORMATION($,$,#541,#615);
#61=ITEM_DEFINED_TRANSFORMATION($,$,#541,#616);
#62=ITEM_DEFINED_TRANSFORMATION($,$,#541,#617);
#63=ITEM_DEFINED_TRANSFORMATION($,$,#541,#618);
#64=ITEM_DEFINED_TRANSFORMATION($,$,#541,#619);
#65=ITEM_DEFINED_TRANSFORMATION($,$,#541,#620);
#66=ITEM_DEFINED_TRANSFORMATION($,$,#541,#621);
#67=ITEM_DEFINED_TRANSFORMATION($,$,#541,#622);
#68=ITEM_DEFINED_TRANSFORMATION($,$,#541,#623);
#69=ITEM_DEFINED_TRANSFORMATION($,$,#541,#624);
#70=ITEM_DEFINED_TRANSFORMATION($,$,#541,#625);
#71=ITEM_DEFINED_TRANSFORMATION($,$,#541,#626);
#72=ITEM_DEFINED_TRANSFORMATION($,$,#541,#627);
#73=ITEM_DEFINED_TRANSFORMATION($,$,#541,#628);
#74=ITEM_DEFINED_TRANSFORMATION($,$,#541,#629);
#75=ITEM_DEFINED_TRANSFORMATION($,$,#541,#630);
#76=ITEM_DEFINED_TRANSFORMATION($,$,#541,#631);
#77=ITEM_DEFINED_TRANSFORMATION($,$,#541,#632);
#78=ITEM_DEFINED_TRANSFORMATION($,$,#541,#633);
#79=ITEM_DEFINED_TRANSFORMATION($,$,#541,#634);
#80=ITEM_DEFINED_TRANSFORMATION($,$,#541,#635);
#81=ITEM_DEFINED_TRANSFORMATION($,$,#541,#636);
#82=ITEM_DEFINED_TRANSFORMATION($,$,#541,#637);
#83=ITEM_DEFINED_TRANSFORMATION($,$,#541,#638);
#84=ITEM_DEFINED_TRANSFORMATION($,$,#541,#639);
#85=ITEM_DEFINED_TRANSFORMATION($,$,#541,#640);
#86=ITEM_DEFINED_TRANSFORMATION($,$,#552,#641);
#87=ITEM_DEFINED_TRANSFORMATION($,$,#552,#642);
#88=ITEM_DEFINED_TRANSFORMATION($,$,#561,#643);
#89=(
REPRESENTATION_RELATIONSHIP($,$,#9846,#9845)
REPRESENTATION_RELATIONSHIP_WITH_TRANSFORMATION(#11)
SHAPE_REPRESENTATION_RELATIONSHIP()
);
#90=(
REPRESENTATION_RELATIONSHIP($,$,#9846,#9845)
REPRESENTATION_RELATIONSHIP_WITH_TRANSFORMATION(#12)
SHAPE_REPRESENTATION_RELATIONSHIP()
);
#91=(
REPRESENTATION_RELATIONSHIP($,$,#9846,#9845)
REPRESENTATION_RELATIONSHIP_WITH_TRANSFORMATION(#13)
SHAPE_REPRESENTATION_RELATIONSHIP()
);
#92=(
REPRESENTATION_RELATIONSHIP($,$,#9846,#9845)
REPRESENTATION_RELATIONSHIP_WITH_TRANSFORMATION(#14)
SHAPE_REPRESENTATION_RELATIONSHIP()
);
#93=(
REPRESENTATION_RELATIONSHIP($,$,#9846,#9845)
REPRESENTATION_RELATIONSHIP_WITH_TRANSFORMATION(#15)
SHAPE_REPRESENTATION_RELATIONSHIP()
);
#94=(
REPRESENTATION_RELATIONSHIP($,$,#9846,#9845)
REPRESENTATION_RELATIONSHIP_WITH_TRANSFORMATION(#16)
SHAPE_REPRESENTATION_RELATIONSHIP()
);
#95=(
REPRESENTATION_RELATIONSHIP($,$,#9846,#9845)
REPRESENTATION_RELATIONSHIP_WITH_TRANSFORMATION(#17)
SHAPE_REPRESENTATION_RELATIONSHIP()
);
#96=(
REPRESENTATION_RELATIONSHIP($,$,#9846,#9845)
REPRESENTATION_RELATIONSHIP_WITH_TRANSFORMATION(#18)
SHAPE_REPRESENTATION_RELATIONSHIP()
);
#97=(
REPRESENTATION_RELATIONSHIP($,$,#9846,#9845)
REPRESENTATION_RELATIONSHIP_WITH_TRANSFORMATION(#19)
SHAPE_REPRESENTATION_RELATIONSHIP()
);
#98=(
REPRESENTATION_RELATIONSHIP($,$,#9846,#9845)
REPRESENTATION_RELATIONSHIP_WITH_TRANSFORMATION(#20)
SHAPE_REPRESENTATION_RELATIONSHIP()
);
#99=(
REPRESENTATION_RELATIONSHIP($,$,#9846,#9845)
REPRESENTATION_RELATIONSHIP_WITH_TRANSFORMATION(#21)
SHAPE_REPRESENTATION_RELATIONSHIP()
);
#100=(
REPRESENTATION_RELATIONSHIP($,$,#9846,#9845)
REPRESENTATION_RELATIONSHIP_WITH_TRANSFORMATION(#22)
SHAPE_REPRESENTATION_RELATIONSHIP()
);
#101=(
REPRESENTATION_RELATIONSHIP($,$,#9846,#9845)
REPRESENTATION_RELATIONSHIP_WITH_TRANSFORMATION(#23)
SHAPE_REPRESENTATION_RELATIONSHIP()
);
#102=(
REPRESENTATION_RELATIONSHIP($,$,#9846,#9845)
REPRESENTATION_RELATIONSHIP_WITH_TRANSFORMATION(#24)
SHAPE_REPRESENTATION_RELATIONSHIP()
);
#103=(
REPRESENTATION_RELATIONSHIP($,$,#9846,#9845)
REPRESENTATION_RELATIONSHIP_WITH_TRANSFORMATION(#25)
SHAPE_REPRESENTATION_RELATIONSHIP()
);
#104=(
REPRESENTATION_RELATIONSHIP($,$,#9846,#9845)
REPRESENTATION_RELATIONSHIP_WITH_TRANSFORMATION(#26)
SHAPE_REPRESENTATION_RELATIONSHIP()
);
#105=(
REPRESENTATION_RELATIONSHIP($,$,#9846,#9845)
REPRESENTATION_RELATIONSHIP_WITH_TRANSFORMATION(#27)
SHAPE_REPRESENTATION_RELATIONSHIP()
);
#106=(
REPRESENTATION_RELATIONSHIP($,$,#9846,#9845)
REPRESENTATION_RELATIONSHIP_WITH_TRANSFORMATION(#28)
SHAPE_REPRESENTATION_RELATIONSHIP()
);
#107=(
REPRESENTATION_RELATIONSHIP($,$,#9846,#9845)
REPRESENTATION_RELATIONSHIP_WITH_TRANSFORMATION(#29)
SHAPE_REPRESENTATION_RELATIONSHIP()
);
#108=(
REPRESENTATION_RELATIONSHIP($,$,#9846,#9845)
REPRESENTATION_RELATIONSHIP_WITH_TRANSFORMATION(#30)
SHAPE_REPRESENTATION_RELATIONSHIP()
);
#109=(
REPRESENTATION_RELATIONSHIP($,$,#9846,#9845)
REPRESENTATION_RELATIONSHIP_WITH_TRANSFORMATION(#31)
SHAPE_REPRESENTATION_RELATIONSHIP()
);
#110=(
REPRESENTATION_RELATIONSHIP($,$,#9846,#9845)
REPRESENTATION_RELATIONSHIP_WITH_TRANSFORMATION(#32)
SHAPE_REPRESENTATION_RELATIONSHIP()
);
#111=(
REPRESENTATION_RELATIONSHIP($,$,#9846,#9845)
REPRESENTATION_RELATIONSHIP_WITH_TRANSFORMATION(#33)
SHAPE_REPRESENTATION_RELATIONSHIP()
);
#112=(
REPRESENTATION_RELATIONSHIP($,$,#9846,#9845)
REPRESENTATION_RELATIONSHIP_WITH_TRANSFORMATION(#34)
SHAPE_REPRESENTATION_RELATIONSHIP()
);
#113=(
REPRESENTATION_RELATIONSHIP($,$,#9846,#9845)
REPRESENTATION_RELATIONSHIP_WITH_TRANSFORMATION(#35)
SHAPE_REPRESENTATION_RELATIONSHIP()
);
#114=(
REPRESENTATION_RELATIONSHIP($,$,#9846,#9845)
REPRESENTATION_RELATIONSHIP_WITH_TRANSFORMATION(#36)
SHAPE_REPRESENTATION_RELATIONSHIP()
);
#115=(
REPRESENTATION_RELATIONSHIP($,$,#9846,#9845)
REPRESENTATION_RELATIONSHIP_WITH_TRANSFORMATION(#37)
SHAPE_REPRESENTATION_RELATIONSHIP()
);
#116=(
REPRESENTATION_RELATIONSHIP($,$,#9846,#9845)
REPRESENTATION_RELATIONSHIP_WITH_TRANSFORMATION(#38)
SHAPE_REPRESENTATION_RELATIONSHIP()
);
#117=(
REPRESENTATION_RELATIONSHIP($,$,#9846,#9845)
REPRESENTATION_RELATIONSHIP_WITH_TRANSFORMATION(#39)
SHAPE_REPRESENTATION_RELATIONSHIP()
);
#118=(
REPRESENTATION_RELATIONSHIP($,$,#9846,#9845)
REPRESENTATION_RELATIONSHIP_WITH_TRANSFORMATION(#40)
SHAPE_REPRESENTATION_RELATIONSHIP()
);
#119=(
REPRESENTATION_RELATIONSHIP($,$,#9846,#9845)
REPRESENTATION_RELATIONSHIP_WITH_TRANSFORMATION(#41)
SHAPE_REPRESENTATION_RELATIONSHIP()
);
#120=(
REPRESENTATION_RELATIONSHIP($,$,#9846,#9845)
REPRESENTATION_RELATIONSHIP_WITH_TRANSFORMATION(#42)
SHAPE_REPRESENTATION_RELATIONSHIP()
);
#121=(
REPRESENTATION_RELATIONSHIP($,$,#9846,#9845)
REPRESENTATION_RELATIONSHIP_WITH_TRANSFORMATION(#43)
SHAPE_REPRESENTATION_RELATIONSHIP()
);
#122=(
REPRESENTATION_RELATIONSHIP($,$,#9846,#9845)
REPRESENTATION_RELATIONSHIP_WITH_TRANSFORMATION(#44)
SHAPE_REPRESENTATION_RELATIONSHIP()
);
#123=(
REPRESENTATION_RELATIONSHIP($,$,#9846,#9845)
REPRESENTATION_RELATIONSHIP_WITH_TRANSFORMATION(#45)
SHAPE_REPRESENTATION_RELATIONSHIP()
);
#124=(
REPRESENTATION_RELATIONSHIP($,$,#9846,#9845)
REPRESENTATION_RELATIONSHIP_WITH_TRANSFORMATION(#46)
SHAPE_REPRESENTATION_RELATIONSHIP()
);
#125=(
REPRESENTATION_RELATIONSHIP($,$,#9846,#9845)
REPRESENTATION_RELATIONSHIP_WITH_TRANSFORMATION(#47)
SHAPE_REPRESENTATION_RELATIONSHIP()
);
#126=(
REPRESENTATION_RELATIONSHIP($,$,#9846,#9845)
REPRESENTATION_RELATIONSHIP_WITH_TRANSFORMATION(#48)
SHAPE_REPRESENTATION_RELATIONSHIP()
);
#127=(
REPRESENTATION_RELATIONSHIP($,$,#9846,#9845)
REPRESENTATION_RELATIONSHIP_WITH_TRANSFORMATION(#49)
SHAPE_REPRESENTATION_RELATIONSHIP()
);
#128=(
REPRESENTATION_RELATIONSHIP($,$,#9846,#9845)
REPRESENTATION_RELATIONSHIP_WITH_TRANSFORMATION(#50)
SHAPE_REPRESENTATION_RELATIONSHIP()
);
#129=(
REPRESENTATION_RELATIONSHIP($,$,#9846,#9845)
REPRESENTATION_RELATIONSHIP_WITH_TRANSFORMATION(#51)
SHAPE_REPRESENTATION_RELATIONSHIP()
);
#130=(
REPRESENTATION_RELATIONSHIP($,$,#9846,#9845)
REPRESENTATION_RELATIONSHIP_WITH_TRANSFORMATION(#52)
SHAPE_REPRESENTATION_RELATIONSHIP()
);
#131=(
REPRESENTATION_RELATIONSHIP($,$,#9846,#9845)
REPRESENTATION_RELATIONSHIP_WITH_TRANSFORMATION(#53)
SHAPE_REPRESENTATION_RELATIONSHIP()
);
#132=(
REPRESENTATION_RELATIONSHIP($,$,#9846,#9845)
REPRESENTATION_RELATIONSHIP_WITH_TRANSFORMATION(#54)
SHAPE_REPRESENTATION_RELATIONSHIP()
);
#133=(
REPRESENTATION_RELATIONSHIP($,$,#9846,#9845)
REPRESENTATION_RELATIONSHIP_WITH_TRANSFORMATION(#55)
SHAPE_REPRESENTATION_RELATIONSHIP()
);
#134=(
REPRESENTATION_RELATIONSHIP($,$,#9846,#9845)
REPRESENTATION_RELATIONSHIP_WITH_TRANSFORMATION(#56)
SHAPE_REPRESENTATION_RELATIONSHIP()
);
#135=(
REPRESENTATION_RELATIONSHIP($,$,#9846,#9845)
REPRESENTATION_RELATIONSHIP_WITH_TRANSFORMATION(#57)
SHAPE_REPRESENTATION_RELATIONSHIP()
);
#136=(
REPRESENTATION_RELATIONSHIP($,$,#9846,#9845)
REPRESENTATION_RELATIONSHIP_WITH_TRANSFORMATION(#58)
SHAPE_REPRESENTATION_RELATIONSHIP()
);
#137=(
REPRESENTATION_RELATIONSHIP($,$,#9846,#9845)
REPRESENTATION_RELATIONSHIP_WITH_TRANSFORMATION(#59)
SHAPE_REPRESENTATION_RELATIONSHIP()
);
#138=(
REPRESENTATION_RELATIONSHIP($,$,#9846,#9845)
REPRESENTATION_RELATIONSHIP_WITH_TRANSFORMATION(#60)
SHAPE_REPRESENTATION_RELATIONSHIP()
);
#139=(
REPRESENTATION_RELATIONSHIP($,$,#9846,#9845)
REPRESENTATION_RELATIONSHIP_WITH_TRANSFORMATION(#61)
SHAPE_REPRESENTATION_RELATIONSHIP()
);
#140=(
REPRESENTATION_RELATIONSHIP($,$,#9846,#9845)
REPRESENTATION_RELATIONSHIP_WITH_TRANSFORMATION(#62)
SHAPE_REPRESENTATION_RELATIONSHIP()
);
#141=(
REPRESENTATION_RELATIONSHIP($,$,#9846,#9845)
REPRESENTATION_RELATIONSHIP_WITH_TRANSFORMATION(#63)
SHAPE_REPRESENTATION_RELATIONSHIP()
);
#142=(
REPRESENTATION_RELATIONSHIP($,$,#9846,#9845)
REPRESENTATION_RELATIONSHIP_WITH_TRANSFORMATION(#64)
SHAPE_REPRESENTATION_RELATIONSHIP()
);
#143=(
REPRESENTATION_RELATIONSHIP($,$,#9846,#9845)
REPRESENTATION_RELATIONSHIP_WITH_TRANSFORMATION(#65)
SHAPE_REPRESENTATION_RELATIONSHIP()
);
#144=(
REPRESENTATION_RELATIONSHIP($,$,#9846,#9845)
REPRESENTATION_RELATIONSHIP_WITH_TRANSFORMATION(#66)
SHAPE_REPRESENTATION_RELATIONSHIP()
);
#145=(
REPRESENTATION_RELATIONSHIP($,$,#9846,#9845)
REPRESENTATION_RELATIONSHIP_WITH_TRANSFORMATION(#67)
SHAPE_REPRESENTATION_RELATIONSHIP()
);
#146=(
REPRESENTATION_RELATIONSHIP($,$,#9846,#9845)
REPRESENTATION_RELATIONSHIP_WITH_TRANSFORMATION(#68)
SHAPE_REPRESENTATION_RELATIONSHIP()
);
#147=(
REPRESENTATION_RELATIONSHIP($,$,#9846,#9845)
REPRESENTATION_RELATIONSHIP_WITH_TRANSFORMATION(#69)
SHAPE_REPRESENTATION_RELATIONSHIP()
);
#148=(
REPRESENTATION_RELATIONSHIP($,$,#9846,#9845)
REPRESENTATION_RELATIONSHIP_WITH_TRANSFORMATION(#70)
SHAPE_REPRESENTATION_RELATIONSHIP()
);
#149=(
REPRESENTATION_RELATIONSHIP($,$,#9846,#9845)
REPRESENTATION_RELATIONSHIP_WITH_TRANSFORMATION(#71)
SHAPE_REPRESENTATION_RELATIONSHIP()
);
#150=(
REPRESENTATION_RELATIONSHIP($,$,#9846,#9845)
REPRESENTATION_RELATIONSHIP_WITH_TRANSFORMATION(#72)
SHAPE_REPRESENTATION_RELATIONSHIP()
);
#151=(
REPRESENTATION_RELATIONSHIP($,$,#9846,#9845)
REPRESENTATION_RELATIONSHIP_WITH_TRANSFORMATION(#73)
SHAPE_REPRESENTATION_RELATIONSHIP()
);
#152=(
REPRESENTATION_RELATIONSHIP($,$,#9846,#9845)
REPRESENTATION_RELATIONSHIP_WITH_TRANSFORMATION(#74)
SHAPE_REPRESENTATION_RELATIONSHIP()
);
#153=(
REPRESENTATION_RELATIONSHIP($,$,#9846,#9845)
REPRESENTATION_RELATIONSHIP_WITH_TRANSFORMATION(#75)
SHAPE_REPRESENTATION_RELATIONSHIP()
);
#154=(
REPRESENTATION_RELATIONSHIP($,$,#9846,#9845)
REPRESENTATION_RELATIONSHIP_WITH_TRANSFORMATION(#76)
SHAPE_REPRESENTATION_RELATIONSHIP()
);
#155=(
REPRESENTATION_RELATIONSHIP($,$,#9846,#9845)
REPRESENTATION_RELATIONSHIP_WITH_TRANSFORMATION(#77)
SHAPE_REPRESENTATION_RELATIONSHIP()
);
#156=(
REPRESENTATION_RELATIONSHIP($,$,#9846,#9845)
REPRESENTATION_RELATIONSHIP_WITH_TRANSFORMATION(#78)
SHAPE_REPRESENTATION_RELATIONSHIP()
);
#157=(
REPRESENTATION_RELATIONSHIP($,$,#9846,#9845)
REPRESENTATION_RELATIONSHIP_WITH_TRANSFORMATION(#79)
SHAPE_REPRESENTATION_RELATIONSHIP()
);
#158=(
REPRESENTATION_RELATIONSHIP($,$,#9846,#9845)
REPRESENTATION_RELATIONSHIP_WITH_TRANSFORMATION(#80)
SHAPE_REPRESENTATION_RELATIONSHIP()
);
#159=(
REPRESENTATION_RELATIONSHIP($,$,#9846,#9845)
REPRESENTATION_RELATIONSHIP_WITH_TRANSFORMATION(#81)
SHAPE_REPRESENTATION_RELATIONSHIP()
);
#160=(
REPRESENTATION_RELATIONSHIP($,$,#9846,#9845)
REPRESENTATION_RELATIONSHIP_WITH_TRANSFORMATION(#82)
SHAPE_REPRESENTATION_RELATIONSHIP()
);
#161=(
REPRESENTATION_RELATIONSHIP($,$,#9846,#9845)
REPRESENTATION_RELATIONSHIP_WITH_TRANSFORMATION(#83)
SHAPE_REPRESENTATION_RELATIONSHIP()
);
#162=(
REPRESENTATION_RELATIONSHIP($,$,#9846,#9845)
REPRESENTATION_RELATIONSHIP_WITH_TRANSFORMATION(#84)
SHAPE_REPRESENTATION_RELATIONSHIP()
);
#163=(
REPRESENTATION_RELATIONSHIP($,$,#9846,#9845)
REPRESENTATION_RELATIONSHIP_WITH_TRANSFORMATION(#85)
SHAPE_REPRESENTATION_RELATIONSHIP()
);
#164=(
REPRESENTATION_RELATIONSHIP($,$,#9847,#9845)
REPRESENTATION_RELATIONSHIP_WITH_TRANSFORMATION(#86)
SHAPE_REPRESENTATION_RELATIONSHIP()
);
#165=(
REPRESENTATION_RELATIONSHIP($,$,#9847,#9845)
REPRESENTATION_RELATIONSHIP_WITH_TRANSFORMATION(#87)
SHAPE_REPRESENTATION_RELATIONSHIP()
);
#166=(
REPRESENTATION_RELATIONSHIP($,$,#9848,#9845)
REPRESENTATION_RELATIONSHIP_WITH_TRANSFORMATION(#88)
SHAPE_REPRESENTATION_RELATIONSHIP()
);
#167=CONTEXT_DEPENDENT_SHAPE_REPRESENTATION(#89,#9767);
#168=CONTEXT_DEPENDENT_SHAPE_REPRESENTATION(#90,#9768);
#169=CONTEXT_DEPENDENT_SHAPE_REPRESENTATION(#91,#9769);
#170=CONTEXT_DEPENDENT_SHAPE_REPRESENTATION(#92,#9770);
#171=CONTEXT_DEPENDENT_SHAPE_REPRESENTATION(#93,#9771);
#172=CONTEXT_DEPENDENT_SHAPE_REPRESENTATION(#94,#9772);
#173=CONTEXT_DEPENDENT_SHAPE_REPRESENTATION(#95,#9773);
#174=CONTEXT_DEPENDENT_SHAPE_REPRESENTATION(#96,#9774);
#175=CONTEXT_DEPENDENT_SHAPE_REPRESENTATION(#97,#9775);
#176=CONTEXT_DEPENDENT_SHAPE_REPRESENTATION(#98,#9776);
#177=CONTEXT_DEPENDENT_SHAPE_REPRESENTATION(#99,#9777);
#178=CONTEXT_DEPENDENT_SHAPE_REPRESENTATION(#100,#9778);
#179=CONTEXT_DEPENDENT_SHAPE_REPRESENTATION(#101,#9779);
#180=CONTEXT_DEPENDENT_SHAPE_REPRESENTATION(#102,#9780);
#181=CONTEXT_DEPENDENT_SHAPE_REPRESENTATION(#103,#9781);
#182=CONTEXT_DEPENDENT_SHAPE_REPRESENTATION(#104,#9782);
#183=CONTEXT_DEPENDENT_SHAPE_REPRESENTATION(#105,#9783);
#184=CONTEXT_DEPENDENT_SHAPE_REPRESENTATION(#106,#9784);
#185=CONTEXT_DEPENDENT_SHAPE_REPRESENTATION(#107,#9785);
#186=CONTEXT_DEPENDENT_SHAPE_REPRESENTATION(#108,#9786);
#187=CONTEXT_DEPENDENT_SHAPE_REPRESENTATION(#109,#9787);
#188=CONTEXT_DEPENDENT_SHAPE_REPRESENTATION(#110,#9788);
#189=CONTEXT_DEPENDENT_SHAPE_REPRESENTATION(#111,#9789);
#190=CONTEXT_DEPENDENT_SHAPE_REPRESENTATION(#112,#9790);
#191=CONTEXT_DEPENDENT_SHAPE_REPRESENTATION(#113,#9791);
#192=CONTEXT_DEPENDENT_SHAPE_REPRESENTATION(#114,#9792);
#193=CONTEXT_DEPENDENT_SHAPE_REPRESENTATION(#115,#9793);
#194=CONTEXT_DEPENDENT_SHAPE_REPRESENTATION(#116,#9794);
#195=CONTEXT_DEPENDENT_SHAPE_REPRESENTATION(#117,#9795);
#196=CONTEXT_DEPENDENT_SHAPE_REPRESENTATION(#118,#9796);
#197=CONTEXT_DEPENDENT_SHAPE_REPRESENTATION(#119,#9797);
#198=CONTEXT_DEPENDENT_SHAPE_REPRESENTATION(#120,#9798);
#199=CONTEXT_DEPENDENT_SHAPE_REPRESENTATION(#121,#9799);
#200=CONTEXT_DEPENDENT_SHAPE_REPRESENTATION(#122,#9800);
#201=CONTEXT_DEPENDENT_SHAPE_REPRESENTATION(#123,#9801);
#202=CONTEXT_DEPENDENT_SHAPE_REPRESENTATION(#124,#9802);
#203=CONTEXT_DEPENDENT_SHAPE_REPRESENTATION(#125,#9803);
#204=CONTEXT_DEPENDENT_SHAPE_REPRESENTATION(#126,#9804);
#205=CONTEXT_DEPENDENT_SHAPE_REPRESENTATION(#127,#9805);
#206=CONTEXT_DEPENDENT_SHAPE_REPRESENTATION(#128,#9806);
#207=CONTEXT_DEPENDENT_SHAPE_REPRESENTATION(#129,#9807);
#208=CONTEXT_DEPENDENT_SHAPE_REPRESENTATION(#130,#9808);
#209=CONTEXT_DEPENDENT_SHAPE_REPRESENTATION(#131,#9809);
#210=CONTEXT_DEPENDENT_SHAPE_REPRESENTATION(#132,#9810);
#211=CONTEXT_DEPENDENT_SHAPE_REPRESENTATION(#133,#9811);
#212=CONTEXT_DEPENDENT_SHAPE_REPRESENTATION(#134,#9812);
#213=CONTEXT_DEPENDENT_SHAPE_REPRESENTATION(#135,#9813);
#214=CONTEXT_DEPENDENT_SHAPE_REPRESENTATION(#136,#9814);
#215=CONTEXT_DEPENDENT_SHAPE_REPRESENTATION(#137,#9815);
#216=CONTEXT_DEPENDENT_SHAPE_REPRESENTATION(#138,#9816);
#217=CONTEXT_DEPENDENT_SHAPE_REPRESENTATION(#139,#9817);
#218=CONTEXT_DEPENDENT_SHAPE_REPRESENTATION(#140,#9818);
#219=CONTEXT_DEPENDENT_SHAPE_REPRESENTATION(#141,#9819);
#220=CONTEXT_DEPENDENT_SHAPE_REPRESENTATION(#142,#9820);
#221=CONTEXT_DEPENDENT_SHAPE_REPRESENTATION(#143,#9821);
#222=CONTEXT_DEPENDENT_SHAPE_REPRESENTATION(#144,#9822);
#223=CONTEXT_DEPENDENT_SHAPE_REPRESENTATION(#145,#9823);
#224=CONTEXT_DEPENDENT_SHAPE_REPRESENTATION(#146,#9824);
#225=CONTEXT_DEPENDENT_SHAPE_REPRESENTATION(#147,#9825);
#226=CONTEXT_DEPENDENT_SHAPE_REPRESENTATION(#148,#9826);
#227=CONTEXT_DEPENDENT_SHAPE_REPRESENTATION(#149,#9827);
#228=CONTEXT_DEPENDENT_SHAPE_REPRESENTATION(#150,#9828);
#229=CONTEXT_DEPENDENT_SHAPE_REPRESENTATION(#151,#9829);
#230=CONTEXT_DEPENDENT_SHAPE_REPRESENTATION(#152,#9830);
#231=CONTEXT_DEPENDENT_SHAPE_REPRESENTATION(#153,#9831);
#232=CONTEXT_DEPENDENT_SHAPE_REPRESENTATION(#154,#9832);
#233=CONTEXT_DEPENDENT_SHAPE_REPRESENTATION(#155,#9833);
#234=CONTEXT_DEPENDENT_SHAPE_REPRESENTATION(#156,#9834);
#235=CONTEXT_DEPENDENT_SHAPE_REPRESENTATION(#157,#9835);
#236=CONTEXT_DEPENDENT_SHAPE_REPRESENTATION(#158,#9836);
#237=CONTEXT_DEPENDENT_SHAPE_REPRESENTATION(#159,#9837);
#238=CONTEXT_DEPENDENT_SHAPE_REPRESENTATION(#160,#9838);
#239=CONTEXT_DEPENDENT_SHAPE_REPRESENTATION(#161,#9839);
#240=CONTEXT_DEPENDENT_SHAPE_REPRESENTATION(#162,#9840);
#241=CONTEXT_DEPENDENT_SHAPE_REPRESENTATION(#163,#9841);
#242=CONTEXT_DEPENDENT_SHAPE_REPRESENTATION(#164,#9842);
#243=CONTEXT_DEPENDENT_SHAPE_REPRESENTATION(#165,#9843);
#244=CONTEXT_DEPENDENT_SHAPE_REPRESENTATION(#166,#9844);
#245=NEXT_ASSEMBLY_USAGE_OCCURRENCE('toroidal coil v2:59',
'toroidal coil v2:59','toroidal coil v2:59',#9850,#9851,
'toroidal coil v2:59');
#246=NEXT_ASSEMBLY_USAGE_OCCURRENCE('toroidal coil v2:60',
'toroidal coil v2:60','toroidal coil v2:60',#9850,#9851,
'toroidal coil v2:60');
#247=NEXT_ASSEMBLY_USAGE_OCCURRENCE('toroidal coil v2:61',
'toroidal coil v2:61','toroidal coil v2:61',#9850,#9851,
'toroidal coil v2:61');
#248=NEXT_ASSEMBLY_USAGE_OCCURRENCE('toroidal coil v2:62',
'toroidal coil v2:62','toroidal coil v2:62',#9850,#9851,
'toroidal coil v2:62');
#249=NEXT_ASSEMBLY_USAGE_OCCURRENCE('toroidal coil v2:63',
'toroidal coil v2:63','toroidal coil v2:63',#9850,#9851,
'toroidal coil v2:63');
#250=NEXT_ASSEMBLY_USAGE_OCCURRENCE('toroidal coil v2:64',
'toroidal coil v2:64','toroidal coil v2:64',#9850,#9851,
'toroidal coil v2:64');
#251=NEXT_ASSEMBLY_USAGE_OCCURRENCE('toroidal coil v2:65',
'toroidal coil v2:65','toroidal coil v2:65',#9850,#9851,
'toroidal coil v2:65');
#252=NEXT_ASSEMBLY_USAGE_OCCURRENCE('toroidal coil v2:66',
'toroidal coil v2:66','toroidal coil v2:66',#9850,#9851,
'toroidal coil v2:66');
#253=NEXT_ASSEMBLY_USAGE_OCCURRENCE('toroidal coil v2:67',
'toroidal coil v2:67','toroidal coil v2:67',#9850,#9851,
'toroidal coil v2:67');
#254=NEXT_ASSEMBLY_USAGE_OCCURRENCE('toroidal coil v2:68',
'toroidal coil v2:68','toroidal coil v2:68',#9850,#9851,
'toroidal coil v2:68');
#255=NEXT_ASSEMBLY_USAGE_OCCURRENCE('toroidal coil v2:69',
'toroidal coil v2:69','toroidal coil v2:69',#9850,#9851,
'toroidal coil v2:69');
#256=NEXT_ASSEMBLY_USAGE_OCCURRENCE('toroidal coil v2:70',
'toroidal coil v2:70','toroidal coil v2:70',#9850,#9851,
'toroidal coil v2:70');
#257=NEXT_ASSEMBLY_USAGE_OCCURRENCE('toroidal coil v2:71',
'toroidal coil v2:71','toroidal coil v2:71',#9850,#9851,
'toroidal coil v2:71');
#258=NEXT_ASSEMBLY_USAGE_OCCURRENCE('toroidal coil v2:72',
'toroidal coil v2:72','toroidal coil v2:72',#9850,#9851,
'toroidal coil v2:72');
#259=NEXT_ASSEMBLY_USAGE_OCCURRENCE('toroidal coil v2:73',
'toroidal coil v2:73','toroidal coil v2:73',#9850,#9851,
'toroidal coil v2:73');
#260=NEXT_ASSEMBLY_USAGE_OCCURRENCE('toroidal coil v2:74',
'toroidal coil v2:74','toroidal coil v2:74',#9850,#9851,
'toroidal coil v2:74');
#261=NEXT_ASSEMBLY_USAGE_OCCURRENCE('toroidal coil v2:75',
'toroidal coil v2:75','toroidal coil v2:75',#9850,#9851,
'toroidal coil v2:75');
#262=NEXT_ASSEMBLY_USAGE_OCCURRENCE('toroidal coil v2:76',
'toroidal coil v2:76','toroidal coil v2:76',#9850,#9851,
'toroidal coil v2:76');
#263=NEXT_ASSEMBLY_USAGE_OCCURRENCE('toroidal coil v2:77',
'toroidal coil v2:77','toroidal coil v2:77',#9850,#9851,
'toroidal coil v2:77');
#264=NEXT_ASSEMBLY_USAGE_OCCURRENCE('toroidal coil v2:78',
'toroidal coil v2:78','toroidal coil v2:78',#9850,#9851,
'toroidal coil v2:78');
#265=NEXT_ASSEMBLY_USAGE_OCCURRENCE('toroidal coil v2:79',
'toroidal coil v2:79','toroidal coil v2:79',#9850,#9851,
'toroidal coil v2:79');
#266=NEXT_ASSEMBLY_USAGE_OCCURRENCE('toroidal coil v2:80',
'toroidal coil v2:80','toroidal coil v2:80',#9850,#9851,
'toroidal coil v2:80');
#267=NEXT_ASSEMBLY_USAGE_OCCURRENCE('toroidal coil v2:81',
'toroidal coil v2:81','toroidal coil v2:81',#9850,#9851,
'toroidal coil v2:81');
#268=NEXT_ASSEMBLY_USAGE_OCCURRENCE('toroidal coil v2:82',
'toroidal coil v2:82','toroidal coil v2:82',#9850,#9851,
'toroidal coil v2:82');
#269=NEXT_ASSEMBLY_USAGE_OCCURRENCE('toroidal coil v2:83',
'toroidal coil v2:83','toroidal coil v2:83',#9850,#9851,
'toroidal coil v2:83');
#270=NEXT_ASSEMBLY_USAGE_OCCURRENCE('toroidal coil v2:84',
'toroidal coil v2:84','toroidal coil v2:84',#9850,#9851,
'toroidal coil v2:84');
#271=NEXT_ASSEMBLY_USAGE_OCCURRENCE('toroidal coil v2:85',
'toroidal coil v2:85','toroidal coil v2:85',#9850,#9851,
'toroidal coil v2:85');
#272=NEXT_ASSEMBLY_USAGE_OCCURRENCE('toroidal coil v2:86',
'toroidal coil v2:86','toroidal coil v2:86',#9850,#9851,
'toroidal coil v2:86');
#273=NEXT_ASSEMBLY_USAGE_OCCURRENCE('toroidal coil v2:87',
'toroidal coil v2:87','toroidal coil v2:87',#9850,#9851,
'toroidal coil v2:87');
#274=NEXT_ASSEMBLY_USAGE_OCCURRENCE('toroidal coil v2:88',
'toroidal coil v2:88','toroidal coil v2:88',#9850,#9851,
'toroidal coil v2:88');
#275=NEXT_ASSEMBLY_USAGE_OCCURRENCE('toroidal coil v2:89',
'toroidal coil v2:89','toroidal coil v2:89',#9850,#9851,
'toroidal coil v2:89');
#276=NEXT_ASSEMBLY_USAGE_OCCURRENCE('toroidal coil v2:90',
'toroidal coil v2:90','toroidal coil v2:90',#9850,#9851,
'toroidal coil v2:90');
#277=NEXT_ASSEMBLY_USAGE_OCCURRENCE('toroidal coil v2:91',
'toroidal coil v2:91','toroidal coil v2:91',#9850,#9851,
'toroidal coil v2:91');
#278=NEXT_ASSEMBLY_USAGE_OCCURRENCE('toroidal coil v2:92',
'toroidal coil v2:92','toroidal coil v2:92',#9850,#9851,
'toroidal coil v2:92');
#279=NEXT_ASSEMBLY_USAGE_OCCURRENCE('toroidal coil v2:93',
'toroidal coil v2:93','toroidal coil v2:93',#9850,#9851,
'toroidal coil v2:93');
#280=NEXT_ASSEMBLY_USAGE_OCCURRENCE('toroidal coil v2:94',
'toroidal coil v2:94','toroidal coil v2:94',#9850,#9851,
'toroidal coil v2:94');
#281=NEXT_ASSEMBLY_USAGE_OCCURRENCE('toroidal coil v2:95',
'toroidal coil v2:95','toroidal coil v2:95',#9850,#9851,
'toroidal coil v2:95');
#282=NEXT_ASSEMBLY_USAGE_OCCURRENCE('toroidal coil v2:96',
'toroidal coil v2:96','toroidal coil v2:96',#9850,#9851,
'toroidal coil v2:96');
#283=NEXT_ASSEMBLY_USAGE_OCCURRENCE('toroidal coil v2:97',
'toroidal coil v2:97','toroidal coil v2:97',#9850,#9851,
'toroidal coil v2:97');
#284=NEXT_ASSEMBLY_USAGE_OCCURRENCE('toroidal coil v2:98',
'toroidal coil v2:98','toroidal coil v2:98',#9850,#9851,
'toroidal coil v2:98');
#285=NEXT_ASSEMBLY_USAGE_OCCURRENCE('toroidal coil v2:99',
'toroidal coil v2:99','toroidal coil v2:99',#9850,#9851,
'toroidal coil v2:99');
#286=NEXT_ASSEMBLY_USAGE_OCCURRENCE('toroidal coil v2:100',
'toroidal coil v2:100','toroidal coil v2:100',#9850,#9851,
'toroidal coil v2:100');
#287=NEXT_ASSEMBLY_USAGE_OCCURRENCE('toroidal coil v2:101',
'toroidal coil v2:101','toroidal coil v2:101',#9850,#9851,
'toroidal coil v2:101');
#288=NEXT_ASSEMBLY_USAGE_OCCURRENCE('toroidal coil v2:102',
'toroidal coil v2:102','toroidal coil v2:102',#9850,#9851,
'toroidal coil v2:102');
#289=NEXT_ASSEMBLY_USAGE_OCCURRENCE('toroidal coil v2:103',
'toroidal coil v2:103','toroidal coil v2:103',#9850,#9851,
'toroidal coil v2:103');
#290=NEXT_ASSEMBLY_USAGE_OCCURRENCE('toroidal coil v2:104',
'toroidal coil v2:104','toroidal coil v2:104',#9850,#9851,
'toroidal coil v2:104');
#291=NEXT_ASSEMBLY_USAGE_OCCURRENCE('toroidal coil v2:105',
'toroidal coil v2:105','toroidal coil v2:105',#9850,#9851,
'toroidal coil v2:105');
#292=NEXT_ASSEMBLY_USAGE_OCCURRENCE('toroidal coil v2:106',
'toroidal coil v2:106','toroidal coil v2:106',#9850,#9851,
'toroidal coil v2:106');
#293=NEXT_ASSEMBLY_USAGE_OCCURRENCE('toroidal coil v2:107',
'toroidal coil v2:107','toroidal coil v2:107',#9850,#9851,
'toroidal coil v2:107');
#294=NEXT_ASSEMBLY_USAGE_OCCURRENCE('toroidal coil v2:108',
'toroidal coil v2:108','toroidal coil v2:108',#9850,#9851,
'toroidal coil v2:108');
#295=NEXT_ASSEMBLY_USAGE_OCCURRENCE('toroidal coil v2:109',
'toroidal coil v2:109','toroidal coil v2:109',#9850,#9851,
'toroidal coil v2:109');
#296=NEXT_ASSEMBLY_USAGE_OCCURRENCE('toroidal coil v2:110',
'toroidal coil v2:110','toroidal coil v2:110',#9850,#9851,
'toroidal coil v2:110');
#297=NEXT_ASSEMBLY_USAGE_OCCURRENCE('toroidal coil v2:111',
'toroidal coil v2:111','toroidal coil v2:111',#9850,#9851,
'toroidal coil v2:111');
#298=NEXT_ASSEMBLY_USAGE_OCCURRENCE('toroidal coil v2:112',
'toroidal coil v2:112','toroidal coil v2:112',#9850,#9851,
'toroidal coil v2:112');
#299=NEXT_ASSEMBLY_USAGE_OCCURRENCE('toroidal coil v2:113',
'toroidal coil v2:113','toroidal coil v2:113',#9850,#9851,
'toroidal coil v2:113');
#300=NEXT_ASSEMBLY_USAGE_OCCURRENCE('toroidal coil v2:114',
'toroidal coil v2:114','toroidal coil v2:114',#9850,#9851,
'toroidal coil v2:114');
#301=NEXT_ASSEMBLY_USAGE_OCCURRENCE('toroidal coil v2:115',
'toroidal coil v2:115','toroidal coil v2:115',#9850,#9851,
'toroidal coil v2:115');
#302=NEXT_ASSEMBLY_USAGE_OCCURRENCE('toroidal coil v2:116',
'toroidal coil v2:116','toroidal coil v2:116',#9850,#9851,
'toroidal coil v2:116');
#303=NEXT_ASSEMBLY_USAGE_OCCURRENCE('toroidal coil v2:117',
'toroidal coil v2:117','toroidal coil v2:117',#9850,#9851,
'toroidal coil v2:117');
#304=NEXT_ASSEMBLY_USAGE_OCCURRENCE('toroidal coil v2:118',
'toroidal coil v2:118','toroidal coil v2:118',#9850,#9851,
'toroidal coil v2:118');
#305=NEXT_ASSEMBLY_USAGE_OCCURRENCE('toroidal coil v2:119',
'toroidal coil v2:119','toroidal coil v2:119',#9850,#9851,
'toroidal coil v2:119');
#306=NEXT_ASSEMBLY_USAGE_OCCURRENCE('toroidal coil v2:120',
'toroidal coil v2:120','toroidal coil v2:120',#9850,#9851,
'toroidal coil v2:120');
#307=NEXT_ASSEMBLY_USAGE_OCCURRENCE('toroidal coil v2:121',
'toroidal coil v2:121','toroidal coil v2:121',#9850,#9851,
'toroidal coil v2:121');
#308=NEXT_ASSEMBLY_USAGE_OCCURRENCE('toroidal coil v2:122',
'toroidal coil v2:122','toroidal coil v2:122',#9850,#9851,
'toroidal coil v2:122');
#309=NEXT_ASSEMBLY_USAGE_OCCURRENCE('toroidal coil v2:123',
'toroidal coil v2:123','toroidal coil v2:123',#9850,#9851,
'toroidal coil v2:123');
#310=NEXT_ASSEMBLY_USAGE_OCCURRENCE('toroidal coil v2:124',
'toroidal coil v2:124','toroidal coil v2:124',#9850,#9851,
'toroidal coil v2:124');
#311=NEXT_ASSEMBLY_USAGE_OCCURRENCE('toroidal coil v2:125',
'toroidal coil v2:125','toroidal coil v2:125',#9850,#9851,
'toroidal coil v2:125');
#312=NEXT_ASSEMBLY_USAGE_OCCURRENCE('toroidal coil v2:126',
'toroidal coil v2:126','toroidal coil v2:126',#9850,#9851,
'toroidal coil v2:126');
#313=NEXT_ASSEMBLY_USAGE_OCCURRENCE('toroidal coil v2:127',
'toroidal coil v2:127','toroidal coil v2:127',#9850,#9851,
'toroidal coil v2:127');
#314=NEXT_ASSEMBLY_USAGE_OCCURRENCE('toroidal coil v2:128',
'toroidal coil v2:128','toroidal coil v2:128',#9850,#9851,
'toroidal coil v2:128');
#315=NEXT_ASSEMBLY_USAGE_OCCURRENCE('toroidal coil v2:129',
'toroidal coil v2:129','toroidal coil v2:129',#9850,#9851,
'toroidal coil v2:129');
#316=NEXT_ASSEMBLY_USAGE_OCCURRENCE('toroidal coil v2:130',
'toroidal coil v2:130','toroidal coil v2:130',#9850,#9851,
'toroidal coil v2:130');
#317=NEXT_ASSEMBLY_USAGE_OCCURRENCE('toroidal coil v2:131',
'toroidal coil v2:131','toroidal coil v2:131',#9850,#9851,
'toroidal coil v2:131');
#318=NEXT_ASSEMBLY_USAGE_OCCURRENCE('toroidal coil v2:132',
'toroidal coil v2:132','toroidal coil v2:132',#9850,#9851,
'toroidal coil v2:132');
#319=NEXT_ASSEMBLY_USAGE_OCCURRENCE('toroidal coil v2:133',
'toroidal coil v2:133','toroidal coil v2:133',#9850,#9851,
'toroidal coil v2:133');
#320=NEXT_ASSEMBLY_USAGE_OCCURRENCE('outer poloidal coil v4:1',
'outer poloidal coil v4:1','outer poloidal coil v4:1',#9850,#9852,
'outer poloidal coil v4:1');
#321=NEXT_ASSEMBLY_USAGE_OCCURRENCE('outer poloidal coil v4:2',
'outer poloidal coil v4:2','outer poloidal coil v4:2',#9850,#9852,
'outer poloidal coil v4:2');
#322=NEXT_ASSEMBLY_USAGE_OCCURRENCE('central solenoid v3:1',
'central solenoid v3:1','central solenoid v3:1',#9850,#9853,
'central solenoid v3:1');
#323=B_SPLINE_CURVE_WITH_KNOTS('',3,(#9149,#9150,#9151,#9152,#9153,#9154,
#9155,#9156,#9157,#9158,#9159,#9160,#9161,#9162,#9163,#9164,#9165,#9166,
#9167,#9168,#9169,#9170,#9171,#9172,#9173,#9174,#9175,#9176,#9177,#9178,
#9179,#9180,#9181,#9182,#9183,#9184,#9185,#9186,#9187,#9188,#9189,#9190,
#9191,#9192,#9193,#9194,#9195,#9196,#9197,#9198,#9199,#9200,#9201,#9202,
#9203,#9204,#9205,#9206,#9207,#9208,#9209,#9210,#9211,#9212,#9213,#9214,
#9215,#9216,#9217,#9218,#9219,#9220,#9221,#9222,#9223,#9224,#9225,#9226,
#9227,#9228,#9229,#9230,#9231,#9232,#9233,#9234,#9235,#9236,#9237,#9238,
#9239,#9240,#9241,#9242,#9243,#9244,#9245,#9246,#9247,#9248,#9249,#9250,
#9251,#9252,#9253,#9254,#9255,#9256,#9257,#9258,#9259,#9260,#9261,#9262,
#9263,#9264,#9265,#9266,#9267,#9268,#9269,#9270,#9271,#9272,#9273,#9274,
#9275,#9276,#9277,#9278,#9279,#9280,#9281,#9282,#9283,#9284,#9285,#9286,
#9287,#9288,#9289,#9290,#9291,#9292,#9293,#9294,#9295,#9296,#9297,#9298,
#9299,#9300,#9301,#9302,#9303,#9304,#9305,#9306,#9307,#9308,#9309,#9310,
#9311,#9312,#9313,#9314,#9315,#9316,#9317,#9318,#9319,#9320,#9321,#9322,
#9323,#9324,#9325,#9326,#9327,#9328,#9329,#9330,#9331,#9332,#9333,#9334,
#9335,#9336,#9337,#9338,#9339,#9340,#9341,#9342,#9343,#9344,#9345,#9346,
#9347,#9348,#9349,#9350,#9351,#9352,#9353,#9354,#9355,#9356,#9357,#9358,
#9359,#9360,#9361,#9362,#9363,#9364,#9365,#9366,#9367,#9368,#9369,#9370,
#9371,#9372,#9373,#9374,#9375,#9376,#9377,#9378,#9379,#9380,#9381,#9382,
#9383,#9384,#9385,#9386,#9387,#9388,#9389,#9390,#9391,#9392,#9393,#9394,
#9395,#9396,#9397,#9398,#9399,#9400,#9401,#9402,#9403,#9404,#9405,#9406,
#9407,#9408,#9409,#9410,#9411,#9412,#9413,#9414,#9415,#9416,#9417,#9418,
#9419,#9420,#9421,#9422,#9423,#9424,#9425,#9426,#9427,#9428,#9429,#9430,
#9431,#9432,#9433,#9434,#9435,#9436,#9437,#9438,#9439,#9440,#9441,#9442,
#9443,#9444,#9445,#9446,#9447,#9448,#9449,#9450,#9451,#9452,#9453,#9454,
#9455,#9456,#9457,#9458,#9459,#9460,#9461,#9462,#9463,#9464,#9465,#9466,
#9467,#9468,#9469,#9470,#9471,#9472,#9473,#9474,#9475,#9476,#9477,#9478,
#9479,#9480,#9481,#9482,#9483,#9484,#9485,#9486,#9487,#9488,#9489,#9490,
#9491,#9492,#9493,#9494,#9495,#9496,#9497,#9498,#9499,#9500,#9501,#9502,
#9503,#9504,#9505,#9506,#9507,#9508,#9509,#9510,#9511,#9512,#9513,#9514,
#9515,#9516,#9517,#9518,#9519,#9520,#9521,#9522,#9523,#9524,#9525,#9526,
#9527,#9528,#9529,#9530,#9531,#9532,#9533,#9534,#9535,#9536,#9537,#9538,
#9539,#9540,#9541,#9542,#9543,#9544,#9545,#9546,#9547,#9548,#9549,#9550,
#9551,#9552,#9553,#9554,#9555,#9556,#9557,#9558,#9559,#9560,#9561,#9562,
#9563,#9564,#9565,#9566,#9567,#9568,#9569,#9570,#9571,#9572,#9573,#9574,
#9575,#9576,#9577,#9578,#9579,#9580,#9581,#9582,#9583,#9584,#9585,#9586,
#9587,#9588,#9589,#9590,#9591,#9592,#9593,#9594,#9595,#9596,#9597,#9598,
#9599,#9600,#9601,#9602,#9603,#9604,#9605,#9606,#9607,#9608,#9609,#9610,
#9611,#9612,#9613,#9614,#9615,#9616,#9617,#9618,#9619,#9620,#9621,#9622,
#9623,#9624,#9625,#9626,#9627,#9628,#9629,#9630,#9631,#9632,#9633,#9634,
#9635,#9636,#9637,#9638,#9639,#9640,#9641,#9642,#9643,#9644,#9645,#9646,
#9647,#9648,#9649,#9650,#9651,#9652,#9653,#9654,#9655,#9656,#9657,#9658,
#9659,#9660,#9661,#9662,#9663),.UNSPECIFIED.,.F.,.F.,(4,1,1,1,1,1,1,1,1,
1,1,1,1,1,1,1,1,1,1,1,1,1,1,1,1,1,1,1,1,1,1,1,1,1,1,1,1,1,1,1,1,1,1,1,1,
1,1,1,1,1,1,1,1,1,1,1,1,1,1,1,1,1,1,1,1,1,1,1,1,1,1,1,1,1,1,1,1,1,1,1,1,
1,1,1,1,1,1,1,1,1,1,1,1,1,1,1,1,1,1,1,1,1,1,1,1,1,1,1,1,1,1,1,1,1,1,1,1,
1,1,1,1,1,1,1,1,1,1,1,1,1,1,1,1,1,1,1,1,1,1,1,1,1,1,1,1,1,1,1,1,1,1,1,1,
1,1,1,1,1,1,1,1,1,1,1,1,1,1,1,1,1,1,1,1,1,1,1,1,1,1,1,1,1,1,1,1,1,1,1,1,
1,1,1,1,1,1,1,1,1,1,1,1,1,1,1,1,1,1,1,1,1,1,1,1,1,1,1,1,1,1,1,1,1,1,1,1,
1,1,1,1,1,1,1,1,1,1,1,1,1,1,1,1,1,1,1,1,1,1,1,1,1,1,1,1,1,1,1,1,1,1,1,1,
1,1,1,1,1,1,1,1,1,1,1,1,1,1,1,1,1,1,1,1,1,1,1,1,1,1,1,1,1,1,1,1,1,1,1,1,
1,1,1,1,1,1,1,1,1,1,1,1,1,1,1,1,1,1,1,1,1,1,1,1,1,1,1,1,1,1,1,1,1,1,1,1,
1,1,1,1,1,1,1,1,1,1,1,1,1,1,1,1,1,1,1,1,1,1,1,1,1,1,1,1,1,1,1,1,1,1,1,1,
1,1,1,1,1,1,1,1,1,1,1,1,1,1,1,1,1,1,1,1,1,1,1,1,1,1,1,1,1,1,1,1,1,1,1,1,
1,1,1,1,1,1,1,1,1,1,1,1,1,1,1,1,1,1,1,1,1,1,1,1,1,1,1,1,1,1,1,1,1,1,1,1,
1,1,1,1,1,1,1,1,1,1,1,1,1,1,1,1,1,1,1,1,1,1,1,1,1,1,1,1,1,1,1,1,1,1,1,1,
1,1,1,1,1,1,1,1,1,1,1,1,1,1,1,1,1,1,1,1,1,1,1,1,1,1,1,1,1,1,1,1,1,1,1,4),
(0.,0.249479416608601,0.498958833217202,0.748438249825804,0.997917666434405,
1.49687649965161,1.99583533286881,2.24531474947741,2.49479416608601,2.74427358269461,
2.99375299930321,3.49271183252042,3.99167066573762,4.24115008234622,4.49062949895482,
4.74010891556342,4.98958833217202,5.48854716538923,5.98750599860643,6.23698541521503,
6.48646483182363,6.73594424843223,6.98542366504083,7.48438249825804,7.98334133147524,
8.23282074808384,8.48230016469244,8.73177958130104,8.98125899790964,9.48021783112685,
9.97917666434405,10.2286560809526,10.4781354975613,10.7276149141699,10.9770943307785,
11.4760531639957,11.9750119972129,12.2244914138215,12.4739708304301,12.7234502470387,
12.9729296636473,13.4718884968645,13.9708473300817,14.2203267466903,14.4698061632989,
14.7192855799075,14.9687649965161,15.4677238297333,15.9666826629505,16.2161620795591,
16.4656414961677,16.7151209127763,16.9646003293849,17.4635591626021,17.9625179958193,
18.2119974124279,18.4614768290365,18.7109562456451,18.9604356622537,19.4593944954709,
19.9583533286881,20.2078327452967,20.4573121619053,20.7067915785139,20.9562709951225,
21.4552298283397,21.9541886615569,22.2036680781655,22.4531474947741,22.7026269113827,
22.9521063279913,23.4510651612085,23.9500239944257,24.1995034110343,24.4489828276429,
24.6984622442515,24.9479416608601,25.4469004940773,25.9458593272945,26.1953387439031,
26.4448181605117,26.6942975771203,26.9437769937289,27.4427358269461,27.9416946601633,
28.1911740767719,28.4406534933805,28.6901329099891,28.9396123265977,29.4385711598149,
29.9375299930321,30.1870094096407,30.4364888262493,30.6859682428579,30.9354476594666,
31.4344064926838,31.933365325901,32.1828447425096,32.4323241591182,32.6818035757268,
32.9312829923354,33.4302418255526,33.9292006587698,34.1786800753784,34.428159491987,
34.6776389085956,34.9271183252042,35.4260771584214,35.9250359916386,36.1745154082472,
36.4239948248558,36.6734742414644,36.922953658073,37.4219124912902,37.9208713245074,
38.170350741116,38.4198301577246,38.6693095743332,38.9187889909418,39.417747824159,
39.9167066573762,40.1661860739848,40.4156654905934,40.665144907202,40.9146243238106,
41.4135831570278,41.912541990245,42.1620214068536,42.4115008234622,42.6609802400708,
42.9104596566794,43.4094184898966,43.9083773231138,44.1578567397224,44.407336156331,
44.6568155729396,44.9062949895482,45.4052538227654,45.9042126559826,46.1536920725912,
46.4031714891998,46.6526509058084,46.902130322417,47.4010891556342,47.9000479888514,
48.14952740546,48.3990068220686,48.6484862386772,48.8979656552858,49.396924488503,
49.8958833217202,50.1453627383288,50.3948421549374,50.644321571546,50.8938009881546,
51.3927598213718,51.891718654589,52.1411980711976,52.3906774878063,52.6401569044149,
52.8896363210235,53.3885951542407,53.8875539874579,54.1370334040665,54.3865128206751,
54.6359922372837,54.8854716538923,55.3844304871095,55.8833893203267,56.1328687369353,
56.3823481535439,56.6318275701525,56.8813069867611,57.3802658199783,57.8792246531955,
58.1287040698041,58.3781834864127,58.6276629030213,58.8771423196299,59.3761011528471,
59.8750599860643,60.1245394026729,60.3740188192815,60.6234982358901,60.8729776524987,
61.3719364857159,61.8708953189331,62.1203747355417,62.3698541521503,62.6193335687589,
62.8688129853675,63.3677718185847,63.8667306518019,64.1162100684105,64.3656894850191,
64.6151689016277,64.8646483182363,65.3636071514535,65.8625659846707,66.1120454012793,
66.3615248178879,66.6110042344965,66.8604836511051,67.3594424843223,67.8584013175395,
68.1078807341481,68.3573601507567,68.6068395673653,68.8563189839739,69.3552778171911,
69.8542366504083,70.1037160670169,70.3531954836255,70.6026749002341,70.8521543168427,
71.3511131500599,71.8500719832771,72.0995513998857,72.3490308164943,72.598510233103,
72.8479896497116,73.3469484829288,73.845907316146,74.0953867327545,74.3448661493632,
74.5943455659718,74.8438249825804,75.3427838157976,75.8417426490148,76.0912220656234,
76.340701482232,76.5901808988406,76.8396603154492,77.3386191486664,77.8375779818836,
78.0870573984922,78.3365368151008,78.5860162317094,78.835495648318,79.3344544815352,
79.8334133147524,80.082892731361,80.3323721479696,80.5818515645782,80.8313309811868,
81.330289814404,81.8292486476212,82.0787280642298,82.3282074808384,82.577686897447,
82.8271663140556,83.3261251472728,83.82508398049,84.0745633970986,84.3240428137072,
84.5735222303158,84.8230016469244,85.072481063533,85.3219604801416,85.5714398967502,
85.8209193133588,86.319878146576,86.8188369797932,87.0683163964018,87.3177958130104,
87.567275229619,87.8167546462276,88.3157134794448,88.814672312662,89.0641517292706,
89.3136311458792,89.5631105624878,89.8125899790964,90.3115488123136,90.8105076455308,
91.0599870621394,91.309466478748,91.5589458953566,91.8084253119652,92.3073841451825,
92.8063429783997,93.0558223950082,93.3053018116169,93.5547812282255,93.8042606448341,
94.3032194780513,94.8021783112685,95.0516577278771,95.3011371444857,95.5506165610943,
95.8000959777029,96.2990548109201,96.7980136441373,97.0474930607459,97.2969724773545,
97.5464518939631,97.7959313105717,98.2948901437889,98.7938489770061,99.0433283936147,
99.2928078102233,99.5422872268319,99.7917666434405,100.290725476658,100.789684309875,
101.039163726483,101.288643143092,101.538122559701,101.787601976309,102.286560809526,
102.785519642744,103.034999059352,103.284478475961,103.53395789257,103.783437309178,
104.282396142395,104.781354975613,105.030834392221,105.28031380883,105.529793225438,
105.779272642047,106.278231475264,106.777190308481,107.02666972509,107.276149141699,
107.525628558307,107.775107974916,108.274066808133,108.77302564135,109.022505057959,
109.271984474567,109.521463891176,109.770943307785,110.269902141002,110.768860974219,
111.018340390828,111.267819807436,111.517299224045,111.766778640653,112.265737473871,
112.764696307088,113.014175723696,113.263655140305,113.513134556914,113.762613973522,
114.261572806739,114.760531639957,115.010011056565,115.259490473174,115.508969889782,
115.758449306391,116.257408139608,116.756366972825,117.005846389434,117.255325806043,
117.504805222651,117.75428463926,118.253243472477,118.752202305694,119.001681722303,
119.251161138911,119.50064055552,119.750119972129,120.249078805346,120.748037638563,
120.997517055172,121.24699647178,121.496475888389,121.745955304997,122.244914138215,
122.743872971432,122.99335238804,123.242831804649,123.492311221258,123.741790637866,
124.240749471083,124.739708304301,124.989187720909,125.238667137518,125.488146554126,
125.737625970735,126.236584803952,126.735543637169,126.985023053778,127.234502470387,
127.483981886995,127.733461303604,128.232420136821,128.731378970038,128.980858386647,
129.230337803255,129.479817219864,129.729296636473,130.22825546969,130.727214302907,
130.976693719516,131.226173136124,131.475652552733,131.725131969341,132.224090802559,
132.723049635776,132.972529052384,133.222008468993,133.471487885602,133.72096730221,
134.219926135427,134.718884968645,134.968364385253,135.217843801862,135.46732321847,
135.716802635079,136.215761468296,136.714720301513,136.964199718122,137.213679134731,
137.463158551339,137.712637967948,138.211596801165,138.710555634382,138.960035050991,
139.209514467599,139.458993884208,139.708473300817,140.207432134034,140.706390967251,
140.95587038386,141.205349800468,141.454829217077,141.704308633685,142.203267466903,
142.70222630012,142.951705716728,143.201185133337,143.450664549946,143.700143966554,
144.199102799771,144.698061632989,144.947541049597,145.197020466206,145.446499882815,
145.695979299423,146.19493813264,146.693896965858,146.943376382466,147.192855799075,
147.442335215683,147.691814632292,148.190773465509,148.689732298726,148.939211715335,
149.188691131944,149.438170548552,149.687649965161,150.186608798378,150.685567631595,
150.935047048204,151.184526464812,151.434005881421,151.68348529803,152.182444131247,
152.681402964464,152.930882381073,153.180361797681,153.42984121429,153.679320630898,
154.178279464116,154.677238297333,154.926717713941,155.17619713055,155.425676547159,
155.675155963767,156.174114796984,156.673073630202,156.92255304681,157.172032463419,
157.421511880027,157.670991296636,158.169950129853,158.66890896307,158.918388379679,
159.167867796288,159.417347212896,159.666826629505,160.165785462722,160.664744295939,
160.914223712548,161.163703129156,161.413182545765,161.662661962374,162.161620795591,
162.660579628808,162.910059045417,163.159538462025,163.409017878634,163.658497295242,
164.15745612846,164.656414961677,164.905894378285,165.155373794894,165.404853211503,
165.654332628111,166.153291461328,166.652250294546,166.901729711154,167.151209127763,
167.400688544371,167.65016796098,168.149126794197,168.648085627414,168.897565044023,
169.147044460632,169.39652387724,169.646003293849),.UNSPECIFIED.);
#324=B_SPLINE_SURFACE_WITH_KNOTS('',3,3,((#906,#907,#908,#909,#910,#911,
#912,#913,#914,#915,#916,#917,#918,#919,#920,#921,#922,#923,#924,#925,#926,
#927,#928,#929,#930,#931,#932,#933,#934,#935,#936,#937,#938,#939,#940,#941,
#942,#943,#944,#945,#946,#947,#948,#949,#950,#951,#952,#953,#954,#955,#956,
#957,#958,#959,#960,#961,#962,#963,#964,#965,#966,#967,#968,#969,#970,#971,
#972,#973,#974,#975,#976,#977,#978,#979,#980,#981,#982,#983,#984,#985,#986,
#987,#988,#989,#990,#991,#992,#993,#994,#995,#996,#997,#998,#999,#1000,
#1001,#1002,#1003,#1004,#1005,#1006,#1007,#1008,#1009,#1010,#1011,#1012,
#1013,#1014,#1015,#1016,#1017,#1018,#1019,#1020,#1021,#1022,#1023,#1024,
#1025,#1026,#1027,#1028,#1029,#1030,#1031,#1032,#1033,#1034,#1035,#1036,
#1037,#1038,#1039,#1040,#1041,#1042,#1043,#1044,#1045,#1046,#1047,#1048,
#1049,#1050,#1051,#1052,#1053,#1054,#1055,#1056,#1057,#1058,#1059,#1060,
#1061,#1062,#1063,#1064,#1065,#1066,#1067,#1068,#1069,#1070,#1071,#1072,
#1073,#1074,#1075,#1076,#1077,#1078,#1079,#1080,#1081,#1082,#1083,#1084,
#1085,#1086,#1087,#1088,#1089,#1090,#1091,#1092,#1093,#1094,#1095,#1096,
#1097,#1098,#1099,#1100,#1101,#1102,#1103,#1104,#1105,#1106,#1107,#1108,
#1109,#1110,#1111,#1112,#1113,#1114,#1115,#1116,#1117,#1118,#1119,#1120,
#1121,#1122,#1123,#1124,#1125,#1126,#1127,#1128,#1129,#1130,#1131,#1132,
#1133,#1134,#1135,#1136,#1137,#1138,#1139,#1140,#1141,#1142,#1143,#1144,
#1145,#1146,#1147,#1148,#1149,#1150,#1151,#1152,#1153,#1154,#1155,#1156,
#1157,#1158,#1159,#1160,#1161,#1162,#1163,#1164,#1165,#1166,#1167,#1168,
#1169,#1170,#1171,#1172,#1173,#1174,#1175,#1176,#1177,#1178,#1179,#1180,
#1181,#1182,#1183,#1184,#1185,#1186,#1187,#1188,#1189,#1190,#1191,#1192,
#1193,#1194,#1195,#1196,#1197,#1198,#1199,#1200,#1201,#1202,#1203,#1204,
#1205,#1206,#1207,#1208,#1209,#1210,#1211,#1212,#1213,#1214,#1215,#1216,
#1217,#1218,#1219,#1220,#1221,#1222,#1223,#1224,#1225,#1226,#1227,#1228,
#1229,#1230,#1231,#1232,#1233,#1234,#1235,#1236,#1237,#1238,#1239,#1240,
#1241,#1242,#1243,#1244,#1245,#1246,#1247,#1248,#1249,#1250,#1251,#1252,
#1253,#1254,#1255,#1256,#1257,#1258,#1259,#1260,#1261,#1262,#1263,#1264,
#1265,#1266,#1267,#1268,#1269,#1270,#1271,#1272,#1273,#1274,#1275,#1276,
#1277,#1278,#1279,#1280,#1281,#1282,#1283,#1284,#1285,#1286,#1287,#1288,
#1289,#1290,#1291,#1292,#1293,#1294,#1295,#1296,#1297,#1298,#1299,#1300,
#1301,#1302,#1303,#1304,#1305,#1306,#1307,#1308,#1309,#1310,#1311,#1312,
#1313,#1314,#1315,#1316,#1317,#1318,#1319,#1320,#1321,#1322,#1323,#1324,
#1325,#1326,#1327,#1328,#1329,#1330,#1331,#1332,#1333,#1334,#1335,#1336,
#1337,#1338,#1339,#1340,#1341,#1342,#1343,#1344,#1345,#1346,#1347,#1348,
#1349,#1350,#1351,#1352,#1353,#1354,#1355,#1356,#1357,#1358,#1359,#1360,
#1361,#1362,#1363,#1364,#1365,#1366,#1367,#1368,#1369,#1370,#1371,#1372,
#1373,#1374,#1375,#1376,#1377,#1378,#1379,#1380,#1381,#1382,#1383,#1384,
#1385,#1386,#1387,#1388,#1389,#1390,#1391,#1392,#1393,#1394,#1395,#1396,
#1397,#1398,#1399,#1400,#1401,#1402,#1403,#1404,#1405,#1406,#1407,#1408,
#1409,#1410,#1411,#1412,#1413,#1414,#1415,#1416,#1417,#1418,#1419,#1420),
(#1421,#1422,#1423,#1424,#1425,#1426,#1427,#1428,#1429,#1430,#1431,#1432,
#1433,#1434,#1435,#1436,#1437,#1438,#1439,#1440,#1441,#1442,#1443,#1444,
#1445,#1446,#1447,#1448,#1449,#1450,#1451,#1452,#1453,#1454,#1455,#1456,
#1457,#1458,#1459,#1460,#1461,#1462,#1463,#1464,#1465,#1466,#1467,#1468,
#1469,#1470,#1471,#1472,#1473,#1474,#1475,#1476,#1477,#1478,#1479,#1480,
#1481,#1482,#1483,#1484,#1485,#1486,#1487,#1488,#1489,#1490,#1491,#1492,
#1493,#1494,#1495,#1496,#1497,#1498,#1499,#1500,#1501,#1502,#1503,#1504,
#1505,#1506,#1507,#1508,#1509,#1510,#1511,#1512,#1513,#1514,#1515,#1516,
#1517,#1518,#1519,#1520,#1521,#1522,#1523,#1524,#1525,#1526,#1527,#1528,
#1529,#1530,#1531,#1532,#1533,#1534,#1535,#1536,#1537,#1538,#1539,#1540,
#1541,#1542,#1543,#1544,#1545,#1546,#1547,#1548,#1549,#1550,#1551,#1552,
#1553,#1554,#1555,#1556,#1557,#1558,#1559,#1560,#1561,#1562,#1563,#1564,
#1565,#1566,#1567,#1568,#1569,#1570,#1571,#1572,#1573,#1574,#1575,#1576,
#1577,#1578,#1579,#1580,#1581,#1582,#1583,#1584,#1585,#1586,#1587,#1588,
#1589,#1590,#1591,#1592,#1593,#1594,#1595,#1596,#1597,#1598,#1599,#1600,
#1601,#1602,#1603,#1604,#1605,#1606,#1607,#1608,#1609,#1610,#1611,#1612,
#1613,#1614,#1615,#1616,#1617,#1618,#1619,#1620,#1621,#1622,#1623,#1624,
#1625,#1626,#1627,#1628,#1629,#1630,#1631,#1632,#1633,#1634,#1635,#1636,
#1637,#1638,#1639,#1640,#1641,#1642,#1643,#1644,#1645,#1646,#1647,#1648,
#1649,#1650,#1651,#1652,#1653,#1654,#1655,#1656,#1657,#1658,#1659,#1660,
#1661,#1662,#1663,#1664,#1665,#1666,#1667,#1668,#1669,#1670,#1671,#1672,
#1673,#1674,#1675,#1676,#1677,#1678,#1679,#1680,#1681,#1682,#1683,#1684,
#1685,#1686,#1687,#1688,#1689,#1690,#1691,#1692,#1693,#1694,#1695,#1696,
#1697,#1698,#1699,#1700,#1701,#1702,#1703,#1704,#1705,#1706,#1707,#1708,
#1709,#1710,#1711,#1712,#1713,#1714,#1715,#1716,#1717,#1718,#1719,#1720,
#1721,#1722,#1723,#1724,#1725,#1726,#1727,#1728,#1729,#1730,#1731,#1732,
#1733,#1734,#1735,#1736,#1737,#1738,#1739,#1740,#1741,#1742,#1743,#1744,
#1745,#1746,#1747,#1748,#1749,#1750,#1751,#1752,#1753,#1754,#1755,#1756,
#1757,#1758,#1759,#1760,#1761,#1762,#1763,#1764,#1765,#1766,#1767,#1768,
#1769,#1770,#1771,#1772,#1773,#1774,#1775,#1776,#1777,#1778,#1779,#1780,
#1781,#1782,#1783,#1784,#1785,#1786,#1787,#1788,#1789,#1790,#1791,#1792,
#1793,#1794,#1795,#1796,#1797,#1798,#1799,#1800,#1801,#1802,#1803,#1804,
#1805,#1806,#1807,#1808,#1809,#1810,#1811,#1812,#1813,#1814,#1815,#1816,
#1817,#1818,#1819,#1820,#1821,#1822,#1823,#1824,#1825,#1826,#1827,#1828,
#1829,#1830,#1831,#1832,#1833,#1834,#1835,#1836,#1837,#1838,#1839,#1840,
#1841,#1842,#1843,#1844,#1845,#1846,#1847,#1848,#1849,#1850,#1851,#1852,
#1853,#1854,#1855,#1856,#1857,#1858,#1859,#1860,#1861,#1862,#1863,#1864,
#1865,#1866,#1867,#1868,#1869,#1870,#1871,#1872,#1873,#1874,#1875,#1876,
#1877,#1878,#1879,#1880,#1881,#1882,#1883,#1884,#1885,#1886,#1887,#1888,
#1889,#1890,#1891,#1892,#1893,#1894,#1895,#1896,#1897,#1898,#1899,#1900,
#1901,#1902,#1903,#1904,#1905,#1906,#1907,#1908,#1909,#1910,#1911,#1912,
#1913,#1914,#1915,#1916,#1917,#1918,#1919,#1920,#1921,#1922,#1923,#1924,
#1925,#1926,#1927,#1928,#1929,#1930,#1931,#1932,#1933,#1934,#1935),(#1936,
#1937,#1938,#1939,#1940,#1941,#1942,#1943,#1944,#1945,#1946,#1947,#1948,
#1949,#1950,#1951,#1952,#1953,#1954,#1955,#1956,#1957,#1958,#1959,#1960,
#1961,#1962,#1963,#1964,#1965,#1966,#1967,#1968,#1969,#1970,#1971,#1972,
#1973,#1974,#1975,#1976,#1977,#1978,#1979,#1980,#1981,#1982,#1983,#1984,
#1985,#1986,#1987,#1988,#1989,#1990,#1991,#1992,#1993,#1994,#1995,#1996,
#1997,#1998,#1999,#2000,#2001,#2002,#2003,#2004,#2005,#2006,#2007,#2008,
#2009,#2010,#2011,#2012,#2013,#2014,#2015,#2016,#2017,#2018,#2019,#2020,
#2021,#2022,#2023,#2024,#2025,#2026,#2027,#2028,#2029,#2030,#2031,#2032,
#2033,#2034,#2035,#2036,#2037,#2038,#2039,#2040,#2041,#2042,#2043,#2044,
#2045,#2046,#2047,#2048,#2049,#2050,#2051,#2052,#2053,#2054,#2055,#2056,
#2057,#2058,#2059,#2060,#2061,#2062,#2063,#2064,#2065,#2066,#2067,#2068,
#2069,#2070,#2071,#2072,#2073,#2074,#2075,#2076,#2077,#2078,#2079,#2080,
#2081,#2082,#2083,#2084,#2085,#2086,#2087,#2088,#2089,#2090,#2091,#2092,
#2093,#2094,#2095,#2096,#2097,#2098,#2099,#2100,#2101,#2102,#2103,#2104,
#2105,#2106,#2107,#2108,#2109,#2110,#2111,#2112,#2113,#2114,#2115,#2116,
#2117,#2118,#2119,#2120,#2121,#2122,#2123,#2124,#2125,#2126,#2127,#2128,
#2129,#2130,#2131,#2132,#2133,#2134,#2135,#2136,#2137,#2138,#2139,#2140,
#2141,#2142,#2143,#2144,#2145,#2146,#2147,#2148,#2149,#2150,#2151,#2152,
#2153,#2154,#2155,#2156,#2157,#2158,#2159,#2160,#2161,#2162,#2163,#2164,
#2165,#2166,#2167,#2168,#2169,#2170,#2171,#2172,#2173,#2174,#2175,#2176,
#2177,#2178,#2179,#2180,#2181,#2182,#2183,#2184,#2185,#2186,#2187,#2188,
#2189,#2190,#2191,#2192,#2193,#2194,#2195,#2196,#2197,#2198,#2199,#2200,
#2201,#2202,#2203,#2204,#2205,#2206,#2207,#2208,#2209,#2210,#2211,#2212,
#2213,#2214,#2215,#2216,#2217,#2218,#2219,#2220,#2221,#2222,#2223,#2224,
#2225,#2226,#2227,#2228,#2229,#2230,#2231,#2232,#2233,#2234,#2235,#2236,
#2237,#2238,#2239,#2240,#2241,#2242,#2243,#2244,#2245,#2246,#2247,#2248,
#2249,#2250,#2251,#2252,#2253,#2254,#2255,#2256,#2257,#2258,#2259,#2260,
#2261,#2262,#2263,#2264,#2265,#2266,#2267,#2268,#2269,#2270,#2271,#2272,
#2273,#2274,#2275,#2276,#2277,#2278,#2279,#2280,#2281,#2282,#2283,#2284,
#2285,#2286,#2287,#2288,#2289,#2290,#2291,#2292,#2293,#2294,#2295,#2296,
#2297,#2298,#2299,#2300,#2301,#2302,#2303,#2304,#2305,#2306,#2307,#2308,
#2309,#2310,#2311,#2312,#2313,#2314,#2315,#2316,#2317,#2318,#2319,#2320,
#2321,#2322,#2323,#2324,#2325,#2326,#2327,#2328,#2329,#2330,#2331,#2332,
#2333,#2334,#2335,#2336,#2337,#2338,#2339,#2340,#2341,#2342,#2343,#2344,
#2345,#2346,#2347,#2348,#2349,#2350,#2351,#2352,#2353,#2354,#2355,#2356,
#2357,#2358,#2359,#2360,#2361,#2362,#2363,#2364,#2365,#2366,#2367,#2368,
#2369,#2370,#2371,#2372,#2373,#2374,#2375,#2376,#2377,#2378,#2379,#2380,
#2381,#2382,#2383,#2384,#2385,#2386,#2387,#2388,#2389,#2390,#2391,#2392,
#2393,#2394,#2395,#2396,#2397,#2398,#2399,#2400,#2401,#2402,#2403,#2404,
#2405,#2406,#2407,#2408,#2409,#2410,#2411,#2412,#2413,#2414,#2415,#2416,
#2417,#2418,#2419,#2420,#2421,#2422,#2423,#2424,#2425,#2426,#2427,#2428,
#2429,#2430,#2431,#2432,#2433,#2434,#2435,#2436,#2437,#2438,#2439,#2440,
#2441,#2442,#2443,#2444,#2445,#2446,#2447,#2448,#2449,#2450),(#2451,#2452,
#2453,#2454,#2455,#2456,#2457,#2458,#2459,#2460,#2461,#2462,#2463,#2464,
#2465,#2466,#2467,#2468,#2469,#2470,#2471,#2472,#2473,#2474,#2475,#2476,
#2477,#2478,#2479,#2480,#2481,#2482,#2483,#2484,#2485,#2486,#2487,#2488,
#2489,#2490,#2491,#2492,#2493,#2494,#2495,#2496,#2497,#2498,#2499,#2500,
#2501,#2502,#2503,#2504,#2505,#2506,#2507,#2508,#2509,#2510,#2511,#2512,
#2513,#2514,#2515,#2516,#2517,#2518,#2519,#2520,#2521,#2522,#2523,#2524,
#2525,#2526,#2527,#2528,#2529,#2530,#2531,#2532,#2533,#2534,#2535,#2536,
#2537,#2538,#2539,#2540,#2541,#2542,#2543,#2544,#2545,#2546,#2547,#2548,
#2549,#2550,#2551,#2552,#2553,#2554,#2555,#2556,#2557,#2558,#2559,#2560,
#2561,#2562,#2563,#2564,#2565,#2566,#2567,#2568,#2569,#2570,#2571,#2572,
#2573,#2574,#2575,#2576,#2577,#2578,#2579,#2580,#2581,#2582,#2583,#2584,
#2585,#2586,#2587,#2588,#2589,#2590,#2591,#2592,#2593,#2594,#2595,#2596,
#2597,#2598,#2599,#2600,#2601,#2602,#2603,#2604,#2605,#2606,#2607,#2608,
#2609,#2610,#2611,#2612,#2613,#2614,#2615,#2616,#2617,#2618,#2619,#2620,
#2621,#2622,#2623,#2624,#2625,#2626,#2627,#2628,#2629,#2630,#2631,#2632,
#2633,#2634,#2635,#2636,#2637,#2638,#2639,#2640,#2641,#2642,#2643,#2644,
#2645,#2646,#2647,#2648,#2649,#2650,#2651,#2652,#2653,#2654,#2655,#2656,
#2657,#2658,#2659,#2660,#2661,#2662,#2663,#2664,#2665,#2666,#2667,#2668,
#2669,#2670,#2671,#2672,#2673,#2674,#2675,#2676,#2677,#2678,#2679,#2680,
#2681,#2682,#2683,#2684,#2685,#2686,#2687,#2688,#2689,#2690,#2691,#2692,
#2693,#2694,#2695,#2696,#2697,#2698,#2699,#2700,#2701,#2702,#2703,#2704,
#2705,#2706,#2707,#2708,#2709,#2710,#2711,#2712,#2713,#2714,#2715,#2716,
#2717,#2718,#2719,#2720,#2721,#2722,#2723,#2724,#2725,#2726,#2727,#2728,
#2729,#2730,#2731,#2732,#2733,#2734,#2735,#2736,#2737,#2738,#2739,#2740,
#2741,#2742,#2743,#2744,#2745,#2746,#2747,#2748,#2749,#2750,#2751,#2752,
#2753,#2754,#2755,#2756,#2757,#2758,#2759,#2760,#2761,#2762,#2763,#2764,
#2765,#2766,#2767,#2768,#2769,#2770,#2771,#2772,#2773,#2774,#2775,#2776,
#2777,#2778,#2779,#2780,#2781,#2782,#2783,#2784,#2785,#2786,#2787,#2788,
#2789,#2790,#2791,#2792,#2793,#2794,#2795,#2796,#2797,#2798,#2799,#2800,
#2801,#2802,#2803,#2804,#2805,#2806,#2807,#2808,#2809,#2810,#2811,#2812,
#2813,#2814,#2815,#2816,#2817,#2818,#2819,#2820,#2821,#2822,#2823,#2824,
#2825,#2826,#2827,#2828,#2829,#2830,#2831,#2832,#2833,#2834,#2835,#2836,
#2837,#2838,#2839,#2840,#2841,#2842,#2843,#2844,#2845,#2846,#2847,#2848,
#2849,#2850,#2851,#2852,#2853,#2854,#2855,#2856,#2857,#2858,#2859,#2860,
#2861,#2862,#2863,#2864,#2865,#2866,#2867,#2868,#2869,#2870,#2871,#2872,
#2873,#2874,#2875,#2876,#2877,#2878,#2879,#2880,#2881,#2882,#2883,#2884,
#2885,#2886,#2887,#2888,#2889,#2890,#2891,#2892,#2893,#2894,#2895,#2896,
#2897,#2898,#2899,#2900,#2901,#2902,#2903,#2904,#2905,#2906,#2907,#2908,
#2909,#2910,#2911,#2912,#2913,#2914,#2915,#2916,#2917,#2918,#2919,#2920,
#2921,#2922,#2923,#2924,#2925,#2926,#2927,#2928,#2929,#2930,#2931,#2932,
#2933,#2934,#2935,#2936,#2937,#2938,#2939,#2940,#2941,#2942,#2943,#2944,
#2945,#2946,#2947,#2948,#2949,#2950,#2951,#2952,#2953,#2954,#2955,#2956,
#2957,#2958,#2959,#2960,#2961,#2962,#2963,#2964,#2965),(#2966,#2967,#2968,
#2969,#2970,#2971,#2972,#2973,#2974,#2975,#2976,#2977,#2978,#2979,#2980,
#2981,#2982,#2983,#2984,#2985,#2986,#2987,#2988,#2989,#2990,#2991,#2992,
#2993,#2994,#2995,#2996,#2997,#2998,#2999,#3000,#3001,#3002,#3003,#3004,
#3005,#3006,#3007,#3008,#3009,#3010,#3011,#3012,#3013,#3014,#3015,#3016,
#3017,#3018,#3019,#3020,#3021,#3022,#3023,#3024,#3025,#3026,#3027,#3028,
#3029,#3030,#3031,#3032,#3033,#3034,#3035,#3036,#3037,#3038,#3039,#3040,
#3041,#3042,#3043,#3044,#3045,#3046,#3047,#3048,#3049,#3050,#3051,#3052,
#3053,#3054,#3055,#3056,#3057,#3058,#3059,#3060,#3061,#3062,#3063,#3064,
#3065,#3066,#3067,#3068,#3069,#3070,#3071,#3072,#3073,#3074,#3075,#3076,
#3077,#3078,#3079,#3080,#3081,#3082,#3083,#3084,#3085,#3086,#3087,#3088,
#3089,#3090,#3091,#3092,#3093,#3094,#3095,#3096,#3097,#3098,#3099,#3100,
#3101,#3102,#3103,#3104,#3105,#3106,#3107,#3108,#3109,#3110,#3111,#3112,
#3113,#3114,#3115,#3116,#3117,#3118,#3119,#3120,#3121,#3122,#3123,#3124,
#3125,#3126,#3127,#3128,#3129,#3130,#3131,#3132,#3133,#3134,#3135,#3136,
#3137,#3138,#3139,#3140,#3141,#3142,#3143,#3144,#3145,#3146,#3147,#3148,
#3149,#3150,#3151,#3152,#3153,#3154,#3155,#3156,#3157,#3158,#3159,#3160,
#3161,#3162,#3163,#3164,#3165,#3166,#3167,#3168,#3169,#3170,#3171,#3172,
#3173,#3174,#3175,#3176,#3177,#3178,#3179,#3180,#3181,#3182,#3183,#3184,
#3185,#3186,#3187,#3188,#3189,#3190,#3191,#3192,#3193,#3194,#3195,#3196,
#3197,#3198,#3199,#3200,#3201,#3202,#3203,#3204,#3205,#3206,#3207,#3208,
#3209,#3210,#3211,#3212,#3213,#3214,#3215,#3216,#3217,#3218,#3219,#3220,
#3221,#3222,#3223,#3224,#3225,#3226,#3227,#3228,#3229,#3230,#3231,#3232,
#3233,#3234,#3235,#3236,#3237,#3238,#3239,#3240,#3241,#3242,#3243,#3244,
#3245,#3246,#3247,#3248,#3249,#3250,#3251,#3252,#3253,#3254,#3255,#3256,
#3257,#3258,#3259,#3260,#3261,#3262,#3263,#3264,#3265,#3266,#3267,#3268,
#3269,#3270,#3271,#3272,#3273,#3274,#3275,#3276,#3277,#3278,#3279,#3280,
#3281,#3282,#3283,#3284,#3285,#3286,#3287,#3288,#3289,#3290,#3291,#3292,
#3293,#3294,#3295,#3296,#3297,#3298,#3299,#3300,#3301,#3302,#3303,#3304,
#3305,#3306,#3307,#3308,#3309,#3310,#3311,#3312,#3313,#3314,#3315,#3316,
#3317,#3318,#3319,#3320,#3321,#3322,#3323,#3324,#3325,#3326,#3327,#3328,
#3329,#3330,#3331,#3332,#3333,#3334,#3335,#3336,#3337,#3338,#3339,#3340,
#3341,#3342,#3343,#3344,#3345,#3346,#3347,#3348,#3349,#3350,#3351,#3352,
#3353,#3354,#3355,#3356,#3357,#3358,#3359,#3360,#3361,#3362,#3363,#3364,
#3365,#3366,#3367,#3368,#3369,#3370,#3371,#3372,#3373,#3374,#3375,#3376,
#3377,#3378,#3379,#3380,#3381,#3382,#3383,#3384,#3385,#3386,#3387,#3388,
#3389,#3390,#3391,#3392,#3393,#3394,#3395,#3396,#3397,#3398,#3399,#3400,
#3401,#3402,#3403,#3404,#3405,#3406,#3407,#3408,#3409,#3410,#3411,#3412,
#3413,#3414,#3415,#3416,#3417,#3418,#3419,#3420,#3421,#3422,#3423,#3424,
#3425,#3426,#3427,#3428,#3429,#3430,#3431,#3432,#3433,#3434,#3435,#3436,
#3437,#3438,#3439,#3440,#3441,#3442,#3443,#3444,#3445,#3446,#3447,#3448,
#3449,#3450,#3451,#3452,#3453,#3454,#3455,#3456,#3457,#3458,#3459,#3460,
#3461,#3462,#3463,#3464,#3465,#3466,#3467,#3468,#3469,#3470,#3471,#3472,
#3473,#3474,#3475,#3476,#3477,#3478,#3479,#3480),(#3481,#3482,#3483,#3484,
#3485,#3486,#3487,#3488,#3489,#3490,#3491,#3492,#3493,#3494,#3495,#3496,
#3497,#3498,#3499,#3500,#3501,#3502,#3503,#3504,#3505,#3506,#3507,#3508,
#3509,#3510,#3511,#3512,#3513,#3514,#3515,#3516,#3517,#3518,#3519,#3520,
#3521,#3522,#3523,#3524,#3525,#3526,#3527,#3528,#3529,#3530,#3531,#3532,
#3533,#3534,#3535,#3536,#3537,#3538,#3539,#3540,#3541,#3542,#3543,#3544,
#3545,#3546,#3547,#3548,#3549,#3550,#3551,#3552,#3553,#3554,#3555,#3556,
#3557,#3558,#3559,#3560,#3561,#3562,#3563,#3564,#3565,#3566,#3567,#3568,
#3569,#3570,#3571,#3572,#3573,#3574,#3575,#3576,#3577,#3578,#3579,#3580,
#3581,#3582,#3583,#3584,#3585,#3586,#3587,#3588,#3589,#3590,#3591,#3592,
#3593,#3594,#3595,#3596,#3597,#3598,#3599,#3600,#3601,#3602,#3603,#3604,
#3605,#3606,#3607,#3608,#3609,#3610,#3611,#3612,#3613,#3614,#3615,#3616,
#3617,#3618,#3619,#3620,#3621,#3622,#3623,#3624,#3625,#3626,#3627,#3628,
#3629,#3630,#3631,#3632,#3633,#3634,#3635,#3636,#3637,#3638,#3639,#3640,
#3641,#3642,#3643,#3644,#3645,#3646,#3647,#3648,#3649,#3650,#3651,#3652,
#3653,#3654,#3655,#3656,#3657,#3658,#3659,#3660,#3661,#3662,#3663,#3664,
#3665,#3666,#3667,#3668,#3669,#3670,#3671,#3672,#3673,#3674,#3675,#3676,
#3677,#3678,#3679,#3680,#3681,#3682,#3683,#3684,#3685,#3686,#3687,#3688,
#3689,#3690,#3691,#3692,#3693,#3694,#3695,#3696,#3697,#3698,#3699,#3700,
#3701,#3702,#3703,#3704,#3705,#3706,#3707,#3708,#3709,#3710,#3711,#3712,
#3713,#3714,#3715,#3716,#3717,#3718,#3719,#3720,#3721,#3722,#3723,#3724,
#3725,#3726,#3727,#3728,#3729,#3730,#3731,#3732,#3733,#3734,#3735,#3736,
#3737,#3738,#3739,#3740,#3741,#3742,#3743,#3744,#3745,#3746,#3747,#3748,
#3749,#3750,#3751,#3752,#3753,#3754,#3755,#3756,#3757,#3758,#3759,#3760,
#3761,#3762,#3763,#3764,#3765,#3766,#3767,#3768,#3769,#3770,#3771,#3772,
#3773,#3774,#3775,#3776,#3777,#3778,#3779,#3780,#3781,#3782,#3783,#3784,
#3785,#3786,#3787,#3788,#3789,#3790,#3791,#3792,#3793,#3794,#3795,#3796,
#3797,#3798,#3799,#3800,#3801,#3802,#3803,#3804,#3805,#3806,#3807,#3808,
#3809,#3810,#3811,#3812,#3813,#3814,#3815,#3816,#3817,#3818,#3819,#3820,
#3821,#3822,#3823,#3824,#3825,#3826,#3827,#3828,#3829,#3830,#3831,#3832,
#3833,#3834,#3835,#3836,#3837,#3838,#3839,#3840,#3841,#3842,#3843,#3844,
#3845,#3846,#3847,#3848,#3849,#3850,#3851,#3852,#3853,#3854,#3855,#3856,
#3857,#3858,#3859,#3860,#3861,#3862,#3863,#3864,#3865,#3866,#3867,#3868,
#3869,#3870,#3871,#3872,#3873,#3874,#3875,#3876,#3877,#3878,#3879,#3880,
#3881,#3882,#3883,#3884,#3885,#3886,#3887,#3888,#3889,#3890,#3891,#3892,
#3893,#3894,#3895,#3896,#3897,#3898,#3899,#3900,#3901,#3902,#3903,#3904,
#3905,#3906,#3907,#3908,#3909,#3910,#3911,#3912,#3913,#3914,#3915,#3916,
#3917,#3918,#3919,#3920,#3921,#3922,#3923,#3924,#3925,#3926,#3927,#3928,
#3929,#3930,#3931,#3932,#3933,#3934,#3935,#3936,#3937,#3938,#3939,#3940,
#3941,#3942,#3943,#3944,#3945,#3946,#3947,#3948,#3949,#3950,#3951,#3952,
#3953,#3954,#3955,#3956,#3957,#3958,#3959,#3960,#3961,#3962,#3963,#3964,
#3965,#3966,#3967,#3968,#3969,#3970,#3971,#3972,#3973,#3974,#3975,#3976,
#3977,#3978,#3979,#3980,#3981,#3982,#3983,#3984,#3985,#3986,#3987,#3988,
#3989,#3990,#3991,#3992,#3993,#3994,#3995),(#3996,#3997,#3998,#3999,#4000,
#4001,#4002,#4003,#4004,#4005,#4006,#4007,#4008,#4009,#4010,#4011,#4012,
#4013,#4014,#4015,#4016,#4017,#4018,#4019,#4020,#4021,#4022,#4023,#4024,
#4025,#4026,#4027,#4028,#4029,#4030,#4031,#4032,#4033,#4034,#4035,#4036,
#4037,#4038,#4039,#4040,#4041,#4042,#4043,#4044,#4045,#4046,#4047,#4048,
#4049,#4050,#4051,#4052,#4053,#4054,#4055,#4056,#4057,#4058,#4059,#4060,
#4061,#4062,#4063,#4064,#4065,#4066,#4067,#4068,#4069,#4070,#4071,#4072,
#4073,#4074,#4075,#4076,#4077,#4078,#4079,#4080,#4081,#4082,#4083,#4084,
#4085,#4086,#4087,#4088,#4089,#4090,#4091,#4092,#4093,#4094,#4095,#4096,
#4097,#4098,#4099,#4100,#4101,#4102,#4103,#4104,#4105,#4106,#4107,#4108,
#4109,#4110,#4111,#4112,#4113,#4114,#4115,#4116,#4117,#4118,#4119,#4120,
#4121,#4122,#4123,#4124,#4125,#4126,#4127,#4128,#4129,#4130,#4131,#4132,
#4133,#4134,#4135,#4136,#4137,#4138,#4139,#4140,#4141,#4142,#4143,#4144,
#4145,#4146,#4147,#4148,#4149,#4150,#4151,#4152,#4153,#4154,#4155,#4156,
#4157,#4158,#4159,#4160,#4161,#4162,#4163,#4164,#4165,#4166,#4167,#4168,
#4169,#4170,#4171,#4172,#4173,#4174,#4175,#4176,#4177,#4178,#4179,#4180,
#4181,#4182,#4183,#4184,#4185,#4186,#4187,#4188,#4189,#4190,#4191,#4192,
#4193,#4194,#4195,#4196,#4197,#4198,#4199,#4200,#4201,#4202,#4203,#4204,
#4205,#4206,#4207,#4208,#4209,#4210,#4211,#4212,#4213,#4214,#4215,#4216,
#4217,#4218,#4219,#4220,#4221,#4222,#4223,#4224,#4225,#4226,#4227,#4228,
#4229,#4230,#4231,#4232,#4233,#4234,#4235,#4236,#4237,#4238,#4239,#4240,
#4241,#4242,#4243,#4244,#4245,#4246,#4247,#4248,#4249,#4250,#4251,#4252,
#4253,#4254,#4255,#4256,#4257,#4258,#4259,#4260,#4261,#4262,#4263,#4264,
#4265,#4266,#4267,#4268,#4269,#4270,#4271,#4272,#4273,#4274,#4275,#4276,
#4277,#4278,#4279,#4280,#4281,#4282,#4283,#4284,#4285,#4286,#4287,#4288,
#4289,#4290,#4291,#4292,#4293,#4294,#4295,#4296,#4297,#4298,#4299,#4300,
#4301,#4302,#4303,#4304,#4305,#4306,#4307,#4308,#4309,#4310,#4311,#4312,
#4313,#4314,#4315,#4316,#4317,#4318,#4319,#4320,#4321,#4322,#4323,#4324,
#4325,#4326,#4327,#4328,#4329,#4330,#4331,#4332,#4333,#4334,#4335,#4336,
#4337,#4338,#4339,#4340,#4341,#4342,#4343,#4344,#4345,#4346,#4347,#4348,
#4349,#4350,#4351,#4352,#4353,#4354,#4355,#4356,#4357,#4358,#4359,#4360,
#4361,#4362,#4363,#4364,#4365,#4366,#4367,#4368,#4369,#4370,#4371,#4372,
#4373,#4374,#4375,#4376,#4377,#4378,#4379,#4380,#4381,#4382,#4383,#4384,
#4385,#4386,#4387,#4388,#4389,#4390,#4391,#4392,#4393,#4394,#4395,#4396,
#4397,#4398,#4399,#4400,#4401,#4402,#4403,#4404,#4405,#4406,#4407,#4408,
#4409,#4410,#4411,#4412,#4413,#4414,#4415,#4416,#4417,#4418,#4419,#4420,
#4421,#4422,#4423,#4424,#4425,#4426,#4427,#4428,#4429,#4430,#4431,#4432,
#4433,#4434,#4435,#4436,#4437,#4438,#4439,#4440,#4441,#4442,#4443,#4444,
#4445,#4446,#4447,#4448,#4449,#4450,#4451,#4452,#4453,#4454,#4455,#4456,
#4457,#4458,#4459,#4460,#4461,#4462,#4463,#4464,#4465,#4466,#4467,#4468,
#4469,#4470,#4471,#4472,#4473,#4474,#4475,#4476,#4477,#4478,#4479,#4480,
#4481,#4482,#4483,#4484,#4485,#4486,#4487,#4488,#4489,#4490,#4491,#4492,
#4493,#4494,#4495,#4496,#4497,#4498,#4499,#4500,#4501,#4502,#4503,#4504,
#4505,#4506,#4507,#4508,#4509,#4510),(#4511,#4512,#4513,#4514,#4515,#4516,
#4517,#4518,#4519,#4520,#4521,#4522,#4523,#4524,#4525,#4526,#4527,#4528,
#4529,#4530,#4531,#4532,#4533,#4534,#4535,#4536,#4537,#4538,#4539,#4540,
#4541,#4542,#4543,#4544,#4545,#4546,#4547,#4548,#4549,#4550,#4551,#4552,
#4553,#4554,#4555,#4556,#4557,#4558,#4559,#4560,#4561,#4562,#4563,#4564,
#4565,#4566,#4567,#4568,#4569,#4570,#4571,#4572,#4573,#4574,#4575,#4576,
#4577,#4578,#4579,#4580,#4581,#4582,#4583,#4584,#4585,#4586,#4587,#4588,
#4589,#4590,#4591,#4592,#4593,#4594,#4595,#4596,#4597,#4598,#4599,#4600,
#4601,#4602,#4603,#4604,#4605,#4606,#4607,#4608,#4609,#4610,#4611,#4612,
#4613,#4614,#4615,#4616,#4617,#4618,#4619,#4620,#4621,#4622,#4623,#4624,
#4625,#4626,#4627,#4628,#4629,#4630,#4631,#4632,#4633,#4634,#4635,#4636,
#4637,#4638,#4639,#4640,#4641,#4642,#4643,#4644,#4645,#4646,#4647,#4648,
#4649,#4650,#4651,#4652,#4653,#4654,#4655,#4656,#4657,#4658,#4659,#4660,
#4661,#4662,#4663,#4664,#4665,#4666,#4667,#4668,#4669,#4670,#4671,#4672,
#4673,#4674,#4675,#4676,#4677,#4678,#4679,#4680,#4681,#4682,#4683,#4684,
#4685,#4686,#4687,#4688,#4689,#4690,#4691,#4692,#4693,#4694,#4695,#4696,
#4697,#4698,#4699,#4700,#4701,#4702,#4703,#4704,#4705,#4706,#4707,#4708,
#4709,#4710,#4711,#4712,#4713,#4714,#4715,#4716,#4717,#4718,#4719,#4720,
#4721,#4722,#4723,#4724,#4725,#4726,#4727,#4728,#4729,#4730,#4731,#4732,
#4733,#4734,#4735,#4736,#4737,#4738,#4739,#4740,#4741,#4742,#4743,#4744,
#4745,#4746,#4747,#4748,#4749,#4750,#4751,#4752,#4753,#4754,#4755,#4756,
#4757,#4758,#4759,#4760,#4761,#4762,#4763,#4764,#4765,#4766,#4767,#4768,
#4769,#4770,#4771,#4772,#4773,#4774,#4775,#4776,#4777,#4778,#4779,#4780,
#4781,#4782,#4783,#4784,#4785,#4786,#4787,#4788,#4789,#4790,#4791,#4792,
#4793,#4794,#4795,#4796,#4797,#4798,#4799,#4800,#4801,#4802,#4803,#4804,
#4805,#4806,#4807,#4808,#4809,#4810,#4811,#4812,#4813,#4814,#4815,#4816,
#4817,#4818,#4819,#4820,#4821,#4822,#4823,#4824,#4825,#4826,#4827,#4828,
#4829,#4830,#4831,#4832,#4833,#4834,#4835,#4836,#4837,#4838,#4839,#4840,
#4841,#4842,#4843,#4844,#4845,#4846,#4847,#4848,#4849,#4850,#4851,#4852,
#4853,#4854,#4855,#4856,#4857,#4858,#4859,#4860,#4861,#4862,#4863,#4864,
#4865,#4866,#4867,#4868,#4869,#4870,#4871,#4872,#4873,#4874,#4875,#4876,
#4877,#4878,#4879,#4880,#4881,#4882,#4883,#4884,#4885,#4886,#4887,#4888,
#4889,#4890,#4891,#4892,#4893,#4894,#4895,#4896,#4897,#4898,#4899,#4900,
#4901,#4902,#4903,#4904,#4905,#4906,#4907,#4908,#4909,#4910,#4911,#4912,
#4913,#4914,#4915,#4916,#4917,#4918,#4919,#4920,#4921,#4922,#4923,#4924,
#4925,#4926,#4927,#4928,#4929,#4930,#4931,#4932,#4933,#4934,#4935,#4936,
#4937,#4938,#4939,#4940,#4941,#4942,#4943,#4944,#4945,#4946,#4947,#4948,
#4949,#4950,#4951,#4952,#4953,#4954,#4955,#4956,#4957,#4958,#4959,#4960,
#4961,#4962,#4963,#4964,#4965,#4966,#4967,#4968,#4969,#4970,#4971,#4972,
#4973,#4974,#4975,#4976,#4977,#4978,#4979,#4980,#4981,#4982,#4983,#4984,
#4985,#4986,#4987,#4988,#4989,#4990,#4991,#4992,#4993,#4994,#4995,#4996,
#4997,#4998,#4999,#5000,#5001,#5002,#5003,#5004,#5005,#5006,#5007,#5008,
#5009,#5010,#5011,#5012,#5013,#5014,#5015,#5016,#5017,#5018,#5019,#5020,
#5021,#5022,#5023,#5024,#5025),(#5026,#5027,#5028,#5029,#5030,#5031,#5032,
#5033,#5034,#5035,#5036,#5037,#5038,#5039,#5040,#5041,#5042,#5043,#5044,
#5045,#5046,#5047,#5048,#5049,#5050,#5051,#5052,#5053,#5054,#5055,#5056,
#5057,#5058,#5059,#5060,#5061,#5062,#5063,#5064,#5065,#5066,#5067,#5068,
#5069,#5070,#5071,#5072,#5073,#5074,#5075,#5076,#5077,#5078,#5079,#5080,
#5081,#5082,#5083,#5084,#5085,#5086,#5087,#5088,#5089,#5090,#5091,#5092,
#5093,#5094,#5095,#5096,#5097,#5098,#5099,#5100,#5101,#5102,#5103,#5104,
#5105,#5106,#5107,#5108,#5109,#5110,#5111,#5112,#5113,#5114,#5115,#5116,
#5117,#5118,#5119,#5120,#5121,#5122,#5123,#5124,#5125,#5126,#5127,#5128,
#5129,#5130,#5131,#5132,#5133,#5134,#5135,#5136,#5137,#5138,#5139,#5140,
#5141,#5142,#5143,#5144,#5145,#5146,#5147,#5148,#5149,#5150,#5151,#5152,
#5153,#5154,#5155,#5156,#5157,#5158,#5159,#5160,#5161,#5162,#5163,#5164,
#5165,#5166,#5167,#5168,#5169,#5170,#5171,#5172,#5173,#5174,#5175,#5176,
#5177,#5178,#5179,#5180,#5181,#5182,#5183,#5184,#5185,#5186,#5187,#5188,
#5189,#5190,#5191,#5192,#5193,#5194,#5195,#5196,#5197,#5198,#5199,#5200,
#5201,#5202,#5203,#5204,#5205,#5206,#5207,#5208,#5209,#5210,#5211,#5212,
#5213,#5214,#5215,#5216,#5217,#5218,#5219,#5220,#5221,#5222,#5223,#5224,
#5225,#5226,#5227,#5228,#5229,#5230,#5231,#5232,#5233,#5234,#5235,#5236,
#5237,#5238,#5239,#5240,#5241,#5242,#5243,#5244,#5245,#5246,#5247,#5248,
#5249,#5250,#5251,#5252,#5253,#5254,#5255,#5256,#5257,#5258,#5259,#5260,
#5261,#5262,#5263,#5264,#5265,#5266,#5267,#5268,#5269,#5270,#5271,#5272,
#5273,#5274,#5275,#5276,#5277,#5278,#5279,#5280,#5281,#5282,#5283,#5284,
#5285,#5286,#5287,#5288,#5289,#5290,#5291,#5292,#5293,#5294,#5295,#5296,
#5297,#5298,#5299,#5300,#5301,#5302,#5303,#5304,#5305,#5306,#5307,#5308,
#5309,#5310,#5311,#5312,#5313,#5314,#5315,#5316,#5317,#5318,#5319,#5320,
#5321,#5322,#5323,#5324,#5325,#5326,#5327,#5328,#5329,#5330,#5331,#5332,
#5333,#5334,#5335,#5336,#5337,#5338,#5339,#5340,#5341,#5342,#5343,#5344,
#5345,#5346,#5347,#5348,#5349,#5350,#5351,#5352,#5353,#5354,#5355,#5356,
#5357,#5358,#5359,#5360,#5361,#5362,#5363,#5364,#5365,#5366,#5367,#5368,
#5369,#5370,#5371,#5372,#5373,#5374,#5375,#5376,#5377,#5378,#5379,#5380,
#5381,#5382,#5383,#5384,#5385,#5386,#5387,#5388,#5389,#5390,#5391,#5392,
#5393,#5394,#5395,#5396,#5397,#5398,#5399,#5400,#5401,#5402,#5403,#5404,
#5405,#5406,#5407,#5408,#5409,#5410,#5411,#5412,#5413,#5414,#5415,#5416,
#5417,#5418,#5419,#5420,#5421,#5422,#5423,#5424,#5425,#5426,#5427,#5428,
#5429,#5430,#5431,#5432,#5433,#5434,#5435,#5436,#5437,#5438,#5439,#5440,
#5441,#5442,#5443,#5444,#5445,#5446,#5447,#5448,#5449,#5450,#5451,#5452,
#5453,#5454,#5455,#5456,#5457,#5458,#5459,#5460,#5461,#5462,#5463,#5464,
#5465,#5466,#5467,#5468,#5469,#5470,#5471,#5472,#5473,#5474,#5475,#5476,
#5477,#5478,#5479,#5480,#5481,#5482,#5483,#5484,#5485,#5486,#5487,#5488,
#5489,#5490,#5491,#5492,#5493,#5494,#5495,#5496,#5497,#5498,#5499,#5500,
#5501,#5502,#5503,#5504,#5505,#5506,#5507,#5508,#5509,#5510,#5511,#5512,
#5513,#5514,#5515,#5516,#5517,#5518,#5519,#5520,#5521,#5522,#5523,#5524,
#5525,#5526,#5527,#5528,#5529,#5530,#5531,#5532,#5533,#5534,#5535,#5536,
#5537,#5538,#5539,#5540),(#5541,#5542,#5543,#5544,#5545,#5546,#5547,#5548,
#5549,#5550,#5551,#5552,#5553,#5554,#5555,#5556,#5557,#5558,#5559,#5560,
#5561,#5562,#5563,#5564,#5565,#5566,#5567,#5568,#5569,#5570,#5571,#5572,
#5573,#5574,#5575,#5576,#5577,#5578,#5579,#5580,#5581,#5582,#5583,#5584,
#5585,#5586,#5587,#5588,#5589,#5590,#5591,#5592,#5593,#5594,#5595,#5596,
#5597,#5598,#5599,#5600,#5601,#5602,#5603,#5604,#5605,#5606,#5607,#5608,
#5609,#5610,#5611,#5612,#5613,#5614,#5615,#5616,#5617,#5618,#5619,#5620,
#5621,#5622,#5623,#5624,#5625,#5626,#5627,#5628,#5629,#5630,#5631,#5632,
#5633,#5634,#5635,#5636,#5637,#5638,#5639,#5640,#5641,#5642,#5643,#5644,
#5645,#5646,#5647,#5648,#5649,#5650,#5651,#5652,#5653,#5654,#5655,#5656,
#5657,#5658,#5659,#5660,#5661,#5662,#5663,#5664,#5665,#5666,#5667,#5668,
#5669,#5670,#5671,#5672,#5673,#5674,#5675,#5676,#5677,#5678,#5679,#5680,
#5681,#5682,#5683,#5684,#5685,#5686,#5687,#5688,#5689,#5690,#5691,#5692,
#5693,#5694,#5695,#5696,#5697,#5698,#5699,#5700,#5701,#5702,#5703,#5704,
#5705,#5706,#5707,#5708,#5709,#5710,#5711,#5712,#5713,#5714,#5715,#5716,
#5717,#5718,#5719,#5720,#5721,#5722,#5723,#5724,#5725,#5726,#5727,#5728,
#5729,#5730,#5731,#5732,#5733,#5734,#5735,#5736,#5737,#5738,#5739,#5740,
#5741,#5742,#5743,#5744,#5745,#5746,#5747,#5748,#5749,#5750,#5751,#5752,
#5753,#5754,#5755,#5756,#5757,#5758,#5759,#5760,#5761,#5762,#5763,#5764,
#5765,#5766,#5767,#5768,#5769,#5770,#5771,#5772,#5773,#5774,#5775,#5776,
#5777,#5778,#5779,#5780,#5781,#5782,#5783,#5784,#5785,#5786,#5787,#5788,
#5789,#5790,#5791,#5792,#5793,#5794,#5795,#5796,#5797,#5798,#5799,#5800,
#5801,#5802,#5803,#5804,#5805,#5806,#5807,#5808,#5809,#5810,#5811,#5812,
#5813,#5814,#5815,#5816,#5817,#5818,#5819,#5820,#5821,#5822,#5823,#5824,
#5825,#5826,#5827,#5828,#5829,#5830,#5831,#5832,#5833,#5834,#5835,#5836,
#5837,#5838,#5839,#5840,#5841,#5842,#5843,#5844,#5845,#5846,#5847,#5848,
#5849,#5850,#5851,#5852,#5853,#5854,#5855,#5856,#5857,#5858,#5859,#5860,
#5861,#5862,#5863,#5864,#5865,#5866,#5867,#5868,#5869,#5870,#5871,#5872,
#5873,#5874,#5875,#5876,#5877,#5878,#5879,#5880,#5881,#5882,#5883,#5884,
#5885,#5886,#5887,#5888,#5889,#5890,#5891,#5892,#5893,#5894,#5895,#5896,
#5897,#5898,#5899,#5900,#5901,#5902,#5903,#5904,#5905,#5906,#5907,#5908,
#5909,#5910,#5911,#5912,#5913,#5914,#5915,#5916,#5917,#5918,#5919,#5920,
#5921,#5922,#5923,#5924,#5925,#5926,#5927,#5928,#5929,#5930,#5931,#5932,
#5933,#5934,#5935,#5936,#5937,#5938,#5939,#5940,#5941,#5942,#5943,#5944,
#5945,#5946,#5947,#5948,#5949,#5950,#5951,#5952,#5953,#5954,#5955,#5956,
#5957,#5958,#5959,#5960,#5961,#5962,#5963,#5964,#5965,#5966,#5967,#5968,
#5969,#5970,#5971,#5972,#5973,#5974,#5975,#5976,#5977,#5978,#5979,#5980,
#5981,#5982,#5983,#5984,#5985,#5986,#5987,#5988,#5989,#5990,#5991,#5992,
#5993,#5994,#5995,#5996,#5997,#5998,#5999,#6000,#6001,#6002,#6003,#6004,
#6005,#6006,#6007,#6008,#6009,#6010,#6011,#6012,#6013,#6014,#6015,#6016,
#6017,#6018,#6019,#6020,#6021,#6022,#6023,#6024,#6025,#6026,#6027,#6028,
#6029,#6030,#6031,#6032,#6033,#6034,#6035,#6036,#6037,#6038,#6039,#6040,
#6041,#6042,#6043,#6044,#6045,#6046,#6047,#6048,#6049,#6050,#6051,#6052,
#6053,#6054,#6055),(#6056,#6057,#6058,#6059,#6060,#6061,#6062,#6063,#6064,
#6065,#6066,#6067,#6068,#6069,#6070,#6071,#6072,#6073,#6074,#6075,#6076,
#6077,#6078,#6079,#6080,#6081,#6082,#6083,#6084,#6085,#6086,#6087,#6088,
#6089,#6090,#6091,#6092,#6093,#6094,#6095,#6096,#6097,#6098,#6099,#6100,
#6101,#6102,#6103,#6104,#6105,#6106,#6107,#6108,#6109,#6110,#6111,#6112,
#6113,#6114,#6115,#6116,#6117,#6118,#6119,#6120,#6121,#6122,#6123,#6124,
#6125,#6126,#6127,#6128,#6129,#6130,#6131,#6132,#6133,#6134,#6135,#6136,
#6137,#6138,#6139,#6140,#6141,#6142,#6143,#6144,#6145,#6146,#6147,#6148,
#6149,#6150,#6151,#6152,#6153,#6154,#6155,#6156,#6157,#6158,#6159,#6160,
#6161,#6162,#6163,#6164,#6165,#6166,#6167,#6168,#6169,#6170,#6171,#6172,
#6173,#6174,#6175,#6176,#6177,#6178,#6179,#6180,#6181,#6182,#6183,#6184,
#6185,#6186,#6187,#6188,#6189,#6190,#6191,#6192,#6193,#6194,#6195,#6196,
#6197,#6198,#6199,#6200,#6201,#6202,#6203,#6204,#6205,#6206,#6207,#6208,
#6209,#6210,#6211,#6212,#6213,#6214,#6215,#6216,#6217,#6218,#6219,#6220,
#6221,#6222,#6223,#6224,#6225,#6226,#6227,#6228,#6229,#6230,#6231,#6232,
#6233,#6234,#6235,#6236,#6237,#6238,#6239,#6240,#6241,#6242,#6243,#6244,
#6245,#6246,#6247,#6248,#6249,#6250,#6251,#6252,#6253,#6254,#6255,#6256,
#6257,#6258,#6259,#6260,#6261,#6262,#6263,#6264,#6265,#6266,#6267,#6268,
#6269,#6270,#6271,#6272,#6273,#6274,#6275,#6276,#6277,#6278,#6279,#6280,
#6281,#6282,#6283,#6284,#6285,#6286,#6287,#6288,#6289,#6290,#6291,#6292,
#6293,#6294,#6295,#6296,#6297,#6298,#6299,#6300,#6301,#6302,#6303,#6304,
#6305,#6306,#6307,#6308,#6309,#6310,#6311,#6312,#6313,#6314,#6315,#6316,
#6317,#6318,#6319,#6320,#6321,#6322,#6323,#6324,#6325,#6326,#6327,#6328,
#6329,#6330,#6331,#6332,#6333,#6334,#6335,#6336,#6337,#6338,#6339,#6340,
#6341,#6342,#6343,#6344,#6345,#6346,#6347,#6348,#6349,#6350,#6351,#6352,
#6353,#6354,#6355,#6356,#6357,#6358,#6359,#6360,#6361,#6362,#6363,#6364,
#6365,#6366,#6367,#6368,#6369,#6370,#6371,#6372,#6373,#6374,#6375,#6376,
#6377,#6378,#6379,#6380,#6381,#6382,#6383,#6384,#6385,#6386,#6387,#6388,
#6389,#6390,#6391,#6392,#6393,#6394,#6395,#6396,#6397,#6398,#6399,#6400,
#6401,#6402,#6403,#6404,#6405,#6406,#6407,#6408,#6409,#6410,#6411,#6412,
#6413,#6414,#6415,#6416,#6417,#6418,#6419,#6420,#6421,#6422,#6423,#6424,
#6425,#6426,#6427,#6428,#6429,#6430,#6431,#6432,#6433,#6434,#6435,#6436,
#6437,#6438,#6439,#6440,#6441,#6442,#6443,#6444,#6445,#6446,#6447,#6448,
#6449,#6450,#6451,#6452,#6453,#6454,#6455,#6456,#6457,#6458,#6459,#6460,
#6461,#6462,#6463,#6464,#6465,#6466,#6467,#6468,#6469,#6470,#6471,#6472,
#6473,#6474,#6475,#6476,#6477,#6478,#6479,#6480,#6481,#6482,#6483,#6484,
#6485,#6486,#6487,#6488,#6489,#6490,#6491,#6492,#6493,#6494,#6495,#6496,
#6497,#6498,#6499,#6500,#6501,#6502,#6503,#6504,#6505,#6506,#6507,#6508,
#6509,#6510,#6511,#6512,#6513,#6514,#6515,#6516,#6517,#6518,#6519,#6520,
#6521,#6522,#6523,#6524,#6525,#6526,#6527,#6528,#6529,#6530,#6531,#6532,
#6533,#6534,#6535,#6536,#6537,#6538,#6539,#6540,#6541,#6542,#6543,#6544,
#6545,#6546,#6547,#6548,#6549,#6550,#6551,#6552,#6553,#6554,#6555,#6556,
#6557,#6558,#6559,#6560,#6561,#6562,#6563,#6564,#6565,#6566,#6567,#6568,
#6569,#6570),(#6571,#6572,#6573,#6574,#6575,#6576,#6577,#6578,#6579,#6580,
#6581,#6582,#6583,#6584,#6585,#6586,#6587,#6588,#6589,#6590,#6591,#6592,
#6593,#6594,#6595,#6596,#6597,#6598,#6599,#6600,#6601,#6602,#6603,#6604,
#6605,#6606,#6607,#6608,#6609,#6610,#6611,#6612,#6613,#6614,#6615,#6616,
#6617,#6618,#6619,#6620,#6621,#6622,#6623,#6624,#6625,#6626,#6627,#6628,
#6629,#6630,#6631,#6632,#6633,#6634,#6635,#6636,#6637,#6638,#6639,#6640,
#6641,#6642,#6643,#6644,#6645,#6646,#6647,#6648,#6649,#6650,#6651,#6652,
#6653,#6654,#6655,#6656,#6657,#6658,#6659,#6660,#6661,#6662,#6663,#6664,
#6665,#6666,#6667,#6668,#6669,#6670,#6671,#6672,#6673,#6674,#6675,#6676,
#6677,#6678,#6679,#6680,#6681,#6682,#6683,#6684,#6685,#6686,#6687,#6688,
#6689,#6690,#6691,#6692,#6693,#6694,#6695,#6696,#6697,#6698,#6699,#6700,
#6701,#6702,#6703,#6704,#6705,#6706,#6707,#6708,#6709,#6710,#6711,#6712,
#6713,#6714,#6715,#6716,#6717,#6718,#6719,#6720,#6721,#6722,#6723,#6724,
#6725,#6726,#6727,#6728,#6729,#6730,#6731,#6732,#6733,#6734,#6735,#6736,
#6737,#6738,#6739,#6740,#6741,#6742,#6743,#6744,#6745,#6746,#6747,#6748,
#6749,#6750,#6751,#6752,#6753,#6754,#6755,#6756,#6757,#6758,#6759,#6760,
#6761,#6762,#6763,#6764,#6765,#6766,#6767,#6768,#6769,#6770,#6771,#6772,
#6773,#6774,#6775,#6776,#6777,#6778,#6779,#6780,#6781,#6782,#6783,#6784,
#6785,#6786,#6787,#6788,#6789,#6790,#6791,#6792,#6793,#6794,#6795,#6796,
#6797,#6798,#6799,#6800,#6801,#6802,#6803,#6804,#6805,#6806,#6807,#6808,
#6809,#6810,#6811,#6812,#6813,#6814,#6815,#6816,#6817,#6818,#6819,#6820,
#6821,#6822,#6823,#6824,#6825,#6826,#6827,#6828,#6829,#6830,#6831,#6832,
#6833,#6834,#6835,#6836,#6837,#6838,#6839,#6840,#6841,#6842,#6843,#6844,
#6845,#6846,#6847,#6848,#6849,#6850,#6851,#6852,#6853,#6854,#6855,#6856,
#6857,#6858,#6859,#6860,#6861,#6862,#6863,#6864,#6865,#6866,#6867,#6868,
#6869,#6870,#6871,#6872,#6873,#6874,#6875,#6876,#6877,#6878,#6879,#6880,
#6881,#6882,#6883,#6884,#6885,#6886,#6887,#6888,#6889,#6890,#6891,#6892,
#6893,#6894,#6895,#6896,#6897,#6898,#6899,#6900,#6901,#6902,#6903,#6904,
#6905,#6906,#6907,#6908,#6909,#6910,#6911,#6912,#6913,#6914,#6915,#6916,
#6917,#6918,#6919,#6920,#6921,#6922,#6923,#6924,#6925,#6926,#6927,#6928,
#6929,#6930,#6931,#6932,#6933,#6934,#6935,#6936,#6937,#6938,#6939,#6940,
#6941,#6942,#6943,#6944,#6945,#6946,#6947,#6948,#6949,#6950,#6951,#6952,
#6953,#6954,#6955,#6956,#6957,#6958,#6959,#6960,#6961,#6962,#6963,#6964,
#6965,#6966,#6967,#6968,#6969,#6970,#6971,#6972,#6973,#6974,#6975,#6976,
#6977,#6978,#6979,#6980,#6981,#6982,#6983,#6984,#6985,#6986,#6987,#6988,
#6989,#6990,#6991,#6992,#6993,#6994,#6995,#6996,#6997,#6998,#6999,#7000,
#7001,#7002,#7003,#7004,#7005,#7006,#7007,#7008,#7009,#7010,#7011,#7012,
#7013,#7014,#7015,#7016,#7017,#7018,#7019,#7020,#7021,#7022,#7023,#7024,
#7025,#7026,#7027,#7028,#7029,#7030,#7031,#7032,#7033,#7034,#7035,#7036,
#7037,#7038,#7039,#7040,#7041,#7042,#7043,#7044,#7045,#7046,#7047,#7048,
#7049,#7050,#7051,#7052,#7053,#7054,#7055,#7056,#7057,#7058,#7059,#7060,
#7061,#7062,#7063,#7064,#7065,#7066,#7067,#7068,#7069,#7070,#7071,#7072,
#7073,#7074,#7075,#7076,#7077,#7078,#7079,#7080,#7081,#7082,#7083,#7084,
#7085),(#7086,#7087,#7088,#7089,#7090,#7091,#7092,#7093,#7094,#7095,#7096,
#7097,#7098,#7099,#7100,#7101,#7102,#7103,#7104,#7105,#7106,#7107,#7108,
#7109,#7110,#7111,#7112,#7113,#7114,#7115,#7116,#7117,#7118,#7119,#7120,
#7121,#7122,#7123,#7124,#7125,#7126,#7127,#7128,#7129,#7130,#7131,#7132,
#7133,#7134,#7135,#7136,#7137,#7138,#7139,#7140,#7141,#7142,#7143,#7144,
#7145,#7146,#7147,#7148,#7149,#7150,#7151,#7152,#7153,#7154,#7155,#7156,
#7157,#7158,#7159,#7160,#7161,#7162,#7163,#7164,#7165,#7166,#7167,#7168,
#7169,#7170,#7171,#7172,#7173,#7174,#7175,#7176,#7177,#7178,#7179,#7180,
#7181,#7182,#7183,#7184,#7185,#7186,#7187,#7188,#7189,#7190,#7191,#7192,
#7193,#7194,#7195,#7196,#7197,#7198,#7199,#7200,#7201,#7202,#7203,#7204,
#7205,#7206,#7207,#7208,#7209,#7210,#7211,#7212,#7213,#7214,#7215,#7216,
#7217,#7218,#7219,#7220,#7221,#7222,#7223,#7224,#7225,#7226,#7227,#7228,
#7229,#7230,#7231,#7232,#7233,#7234,#7235,#7236,#7237,#7238,#7239,#7240,
#7241,#7242,#7243,#7244,#7245,#7246,#7247,#7248,#7249,#7250,#7251,#7252,
#7253,#7254,#7255,#7256,#7257,#7258,#7259,#7260,#7261,#7262,#7263,#7264,
#7265,#7266,#7267,#7268,#7269,#7270,#7271,#7272,#7273,#7274,#7275,#7276,
#7277,#7278,#7279,#7280,#7281,#7282,#7283,#7284,#7285,#7286,#7287,#7288,
#7289,#7290,#7291,#7292,#7293,#7294,#7295,#7296,#7297,#7298,#7299,#7300,
#7301,#7302,#7303,#7304,#7305,#7306,#7307,#7308,#7309,#7310,#7311,#7312,
#7313,#7314,#7315,#7316,#7317,#7318,#7319,#7320,#7321,#7322,#7323,#7324,
#7325,#7326,#7327,#7328,#7329,#7330,#7331,#7332,#7333,#7334,#7335,#7336,
#7337,#7338,#7339,#7340,#7341,#7342,#7343,#7344,#7345,#7346,#7347,#7348,
#7349,#7350,#7351,#7352,#7353,#7354,#7355,#7356,#7357,#7358,#7359,#7360,
#7361,#7362,#7363,#7364,#7365,#7366,#7367,#7368,#7369,#7370,#7371,#7372,
#7373,#7374,#7375,#7376,#7377,#7378,#7379,#7380,#7381,#7382,#7383,#7384,
#7385,#7386,#7387,#7388,#7389,#7390,#7391,#7392,#7393,#7394,#7395,#7396,
#7397,#7398,#7399,#7400,#7401,#7402,#7403,#7404,#7405,#7406,#7407,#7408,
#7409,#7410,#7411,#7412,#7413,#7414,#7415,#7416,#7417,#7418,#7419,#7420,
#7421,#7422,#7423,#7424,#7425,#7426,#7427,#7428,#7429,#7430,#7431,#7432,
#7433,#7434,#7435,#7436,#7437,#7438,#7439,#7440,#7441,#7442,#7443,#7444,
#7445,#7446,#7447,#7448,#7449,#7450,#7451,#7452,#7453,#7454,#7455,#7456,
#7457,#7458,#7459,#7460,#7461,#7462,#7463,#7464,#7465,#7466,#7467,#7468,
#7469,#7470,#7471,#7472,#7473,#7474,#7475,#7476,#7477,#7478,#7479,#7480,
#7481,#7482,#7483,#7484,#7485,#7486,#7487,#7488,#7489,#7490,#7491,#7492,
#7493,#7494,#7495,#7496,#7497,#7498,#7499,#7500,#7501,#7502,#7503,#7504,
#7505,#7506,#7507,#7508,#7509,#7510,#7511,#7512,#7513,#7514,#7515,#7516,
#7517,#7518,#7519,#7520,#7521,#7522,#7523,#7524,#7525,#7526,#7527,#7528,
#7529,#7530,#7531,#7532,#7533,#7534,#7535,#7536,#7537,#7538,#7539,#7540,
#7541,#7542,#7543,#7544,#7545,#7546,#7547,#7548,#7549,#7550,#7551,#7552,
#7553,#7554,#7555,#7556,#7557,#7558,#7559,#7560,#7561,#7562,#7563,#7564,
#7565,#7566,#7567,#7568,#7569,#7570,#7571,#7572,#7573,#7574,#7575,#7576,
#7577,#7578,#7579,#7580,#7581,#7582,#7583,#7584,#7585,#7586,#7587,#7588,
#7589,#7590,#7591,#7592,#7593,#7594,#7595,#7596,#7597,#7598,#7599,#7600),
(#7601,#7602,#7603,#7604,#7605,#7606,#7607,#7608,#7609,#7610,#7611,#7612,
#7613,#7614,#7615,#7616,#7617,#7618,#7619,#7620,#7621,#7622,#7623,#7624,
#7625,#7626,#7627,#7628,#7629,#7630,#7631,#7632,#7633,#7634,#7635,#7636,
#7637,#7638,#7639,#7640,#7641,#7642,#7643,#7644,#7645,#7646,#7647,#7648,
#7649,#7650,#7651,#7652,#7653,#7654,#7655,#7656,#7657,#7658,#7659,#7660,
#7661,#7662,#7663,#7664,#7665,#7666,#7667,#7668,#7669,#7670,#7671,#7672,
#7673,#7674,#7675,#7676,#7677,#7678,#7679,#7680,#7681,#7682,#7683,#7684,
#7685,#7686,#7687,#7688,#7689,#7690,#7691,#7692,#7693,#7694,#7695,#7696,
#7697,#7698,#7699,#7700,#7701,#7702,#7703,#7704,#7705,#7706,#7707,#7708,
#7709,#7710,#7711,#7712,#7713,#7714,#7715,#7716,#7717,#7718,#7719,#7720,
#7721,#7722,#7723,#7724,#7725,#7726,#7727,#7728,#7729,#7730,#7731,#7732,
#7733,#7734,#7735,#7736,#7737,#7738,#7739,#7740,#7741,#7742,#7743,#7744,
#7745,#7746,#7747,#7748,#7749,#7750,#7751,#7752,#7753,#7754,#7755,#7756,
#7757,#7758,#7759,#7760,#7761,#7762,#7763,#7764,#7765,#7766,#7767,#7768,
#7769,#7770,#7771,#7772,#7773,#7774,#7775,#7776,#7777,#7778,#7779,#7780,
#7781,#7782,#7783,#7784,#7785,#7786,#7787,#7788,#7789,#7790,#7791,#7792,
#7793,#7794,#7795,#7796,#7797,#7798,#7799,#7800,#7801,#7802,#7803,#7804,
#7805,#7806,#7807,#7808,#7809,#7810,#7811,#7812,#7813,#7814,#7815,#7816,
#7817,#7818,#7819,#7820,#7821,#7822,#7823,#7824,#7825,#7826,#7827,#7828,
#7829,#7830,#7831,#7832,#7833,#7834,#7835,#7836,#7837,#7838,#7839,#7840,
#7841,#7842,#7843,#7844,#7845,#7846,#7847,#7848,#7849,#7850,#7851,#7852,
#7853,#7854,#7855,#7856,#7857,#7858,#7859,#7860,#7861,#7862,#7863,#7864,
#7865,#7866,#7867,#7868,#7869,#7870,#7871,#7872,#7873,#7874,#7875,#7876,
#7877,#7878,#7879,#7880,#7881,#7882,#7883,#7884,#7885,#7886,#7887,#7888,
#7889,#7890,#7891,#7892,#7893,#7894,#7895,#7896,#7897,#7898,#7899,#7900,
#7901,#7902,#7903,#7904,#7905,#7906,#7907,#7908,#7909,#7910,#7911,#7912,
#7913,#7914,#7915,#7916,#7917,#7918,#7919,#7920,#7921,#7922,#7923,#7924,
#7925,#7926,#7927,#7928,#7929,#7930,#7931,#7932,#7933,#7934,#7935,#7936,
#7937,#7938,#7939,#7940,#7941,#7942,#7943,#7944,#7945,#7946,#7947,#7948,
#7949,#7950,#7951,#7952,#7953,#7954,#7955,#7956,#7957,#7958,#7959,#7960,
#7961,#7962,#7963,#7964,#7965,#7966,#7967,#7968,#7969,#7970,#7971,#7972,
#7973,#7974,#7975,#7976,#7977,#7978,#7979,#7980,#7981,#7982,#7983,#7984,
#7985,#7986,#7987,#7988,#7989,#7990,#7991,#7992,#7993,#7994,#7995,#7996,
#7997,#7998,#7999,#8000,#8001,#8002,#8003,#8004,#8005,#8006,#8007,#8008,
#8009,#8010,#8011,#8012,#8013,#8014,#8015,#8016,#8017,#8018,#8019,#8020,
#8021,#8022,#8023,#8024,#8025,#8026,#8027,#8028,#8029,#8030,#8031,#8032,
#8033,#8034,#8035,#8036,#8037,#8038,#8039,#8040,#8041,#8042,#8043,#8044,
#8045,#8046,#8047,#8048,#8049,#8050,#8051,#8052,#8053,#8054,#8055,#8056,
#8057,#8058,#8059,#8060,#8061,#8062,#8063,#8064,#8065,#8066,#8067,#8068,
#8069,#8070,#8071,#8072,#8073,#8074,#8075,#8076,#8077,#8078,#8079,#8080,
#8081,#8082,#8083,#8084,#8085,#8086,#8087,#8088,#8089,#8090,#8091,#8092,
#8093,#8094,#8095,#8096,#8097,#8098,#8099,#8100,#8101,#8102,#8103,#8104,
#8105,#8106,#8107,#8108,#8109,#8110,#8111,#8112,#8113,#8114,#8115),(#8116,
#8117,#8118,#8119,#8120,#8121,#8122,#8123,#8124,#8125,#8126,#8127,#8128,
#8129,#8130,#8131,#8132,#8133,#8134,#8135,#8136,#8137,#8138,#8139,#8140,
#8141,#8142,#8143,#8144,#8145,#8146,#8147,#8148,#8149,#8150,#8151,#8152,
#8153,#8154,#8155,#8156,#8157,#8158,#8159,#8160,#8161,#8162,#8163,#8164,
#8165,#8166,#8167,#8168,#8169,#8170,#8171,#8172,#8173,#8174,#8175,#8176,
#8177,#8178,#8179,#8180,#8181,#8182,#8183,#8184,#8185,#8186,#8187,#8188,
#8189,#8190,#8191,#8192,#8193,#8194,#8195,#8196,#8197,#8198,#8199,#8200,
#8201,#8202,#8203,#8204,#8205,#8206,#8207,#8208,#8209,#8210,#8211,#8212,
#8213,#8214,#8215,#8216,#8217,#8218,#8219,#8220,#8221,#8222,#8223,#8224,
#8225,#8226,#8227,#8228,#8229,#8230,#8231,#8232,#8233,#8234,#8235,#8236,
#8237,#8238,#8239,#8240,#8241,#8242,#8243,#8244,#8245,#8246,#8247,#8248,
#8249,#8250,#8251,#8252,#8253,#8254,#8255,#8256,#8257,#8258,#8259,#8260,
#8261,#8262,#8263,#8264,#8265,#8266,#8267,#8268,#8269,#8270,#8271,#8272,
#8273,#8274,#8275,#8276,#8277,#8278,#8279,#8280,#8281,#8282,#8283,#8284,
#8285,#8286,#8287,#8288,#8289,#8290,#8291,#8292,#8293,#8294,#8295,#8296,
#8297,#8298,#8299,#8300,#8301,#8302,#8303,#8304,#8305,#8306,#8307,#8308,
#8309,#8310,#8311,#8312,#8313,#8314,#8315,#8316,#8317,#8318,#8319,#8320,
#8321,#8322,#8323,#8324,#8325,#8326,#8327,#8328,#8329,#8330,#8331,#8332,
#8333,#8334,#8335,#8336,#8337,#8338,#8339,#8340,#8341,#8342,#8343,#8344,
#8345,#8346,#8347,#8348,#8349,#8350,#8351,#8352,#8353,#8354,#8355,#8356,
#8357,#8358,#8359,#8360,#8361,#8362,#8363,#8364,#8365,#8366,#8367,#8368,
#8369,#8370,#8371,#8372,#8373,#8374,#8375,#8376,#8377,#8378,#8379,#8380,
#8381,#8382,#8383,#8384,#8385,#8386,#8387,#8388,#8389,#8390,#8391,#8392,
#8393,#8394,#8395,#8396,#8397,#8398,#8399,#8400,#8401,#8402,#8403,#8404,
#8405,#8406,#8407,#8408,#8409,#8410,#8411,#8412,#8413,#8414,#8415,#8416,
#8417,#8418,#8419,#8420,#8421,#8422,#8423,#8424,#8425,#8426,#8427,#8428,
#8429,#8430,#8431,#8432,#8433,#8434,#8435,#8436,#8437,#8438,#8439,#8440,
#8441,#8442,#8443,#8444,#8445,#8446,#8447,#8448,#8449,#8450,#8451,#8452,
#8453,#8454,#8455,#8456,#8457,#8458,#8459,#8460,#8461,#8462,#8463,#8464,
#8465,#8466,#8467,#8468,#8469,#8470,#8471,#8472,#8473,#8474,#8475,#8476,
#8477,#8478,#8479,#8480,#8481,#8482,#8483,#8484,#8485,#8486,#8487,#8488,
#8489,#8490,#8491,#8492,#8493,#8494,#8495,#8496,#8497,#8498,#8499,#8500,
#8501,#8502,#8503,#8504,#8505,#8506,#8507,#8508,#8509,#8510,#8511,#8512,
#8513,#8514,#8515,#8516,#8517,#8518,#8519,#8520,#8521,#8522,#8523,#8524,
#8525,#8526,#8527,#8528,#8529,#8530,#8531,#8532,#8533,#8534,#8535,#8536,
#8537,#8538,#8539,#8540,#8541,#8542,#8543,#8544,#8545,#8546,#8547,#8548,
#8549,#8550,#8551,#8552,#8553,#8554,#8555,#8556,#8557,#8558,#8559,#8560,
#8561,#8562,#8563,#8564,#8565,#8566,#8567,#8568,#8569,#8570,#8571,#8572,
#8573,#8574,#8575,#8576,#8577,#8578,#8579,#8580,#8581,#8582,#8583,#8584,
#8585,#8586,#8587,#8588,#8589,#8590,#8591,#8592,#8593,#8594,#8595,#8596,
#8597,#8598,#8599,#8600,#8601,#8602,#8603,#8604,#8605,#8606,#8607,#8608,
#8609,#8610,#8611,#8612,#8613,#8614,#8615,#8616,#8617,#8618,#8619,#8620,
#8621,#8622,#8623,#8624,#8625,#8626,#8627,#8628,#8629,#8630),(#8631,#8632,
#8633,#8634,#8635,#8636,#8637,#8638,#8639,#8640,#8641,#8642,#8643,#8644,
#8645,#8646,#8647,#8648,#8649,#8650,#8651,#8652,#8653,#8654,#8655,#8656,
#8657,#8658,#8659,#8660,#8661,#8662,#8663,#8664,#8665,#8666,#8667,#8668,
#8669,#8670,#8671,#8672,#8673,#8674,#8675,#8676,#8677,#8678,#8679,#8680,
#8681,#8682,#8683,#8684,#8685,#8686,#8687,#8688,#8689,#8690,#8691,#8692,
#8693,#8694,#8695,#8696,#8697,#8698,#8699,#8700,#8701,#8702,#8703,#8704,
#8705,#8706,#8707,#8708,#8709,#8710,#8711,#8712,#8713,#8714,#8715,#8716,
#8717,#8718,#8719,#8720,#8721,#8722,#8723,#8724,#8725,#8726,#8727,#8728,
#8729,#8730,#8731,#8732,#8733,#8734,#8735,#8736,#8737,#8738,#8739,#8740,
#8741,#8742,#8743,#8744,#8745,#8746,#8747,#8748,#8749,#8750,#8751,#8752,
#8753,#8754,#8755,#8756,#8757,#8758,#8759,#8760,#8761,#8762,#8763,#8764,
#8765,#8766,#8767,#8768,#8769,#8770,#8771,#8772,#8773,#8774,#8775,#8776,
#8777,#8778,#8779,#8780,#8781,#8782,#8783,#8784,#8785,#8786,#8787,#8788,
#8789,#8790,#8791,#8792,#8793,#8794,#8795,#8796,#8797,#8798,#8799,#8800,
#8801,#8802,#8803,#8804,#8805,#8806,#8807,#8808,#8809,#8810,#8811,#8812,
#8813,#8814,#8815,#8816,#8817,#8818,#8819,#8820,#8821,#8822,#8823,#8824,
#8825,#8826,#8827,#8828,#8829,#8830,#8831,#8832,#8833,#8834,#8835,#8836,
#8837,#8838,#8839,#8840,#8841,#8842,#8843,#8844,#8845,#8846,#8847,#8848,
#8849,#8850,#8851,#8852,#8853,#8854,#8855,#8856,#8857,#8858,#8859,#8860,
#8861,#8862,#8863,#8864,#8865,#8866,#8867,#8868,#8869,#8870,#8871,#8872,
#8873,#8874,#8875,#8876,#8877,#8878,#8879,#8880,#8881,#8882,#8883,#8884,
#8885,#8886,#8887,#8888,#8889,#8890,#8891,#8892,#8893,#8894,#8895,#8896,
#8897,#8898,#8899,#8900,#8901,#8902,#8903,#8904,#8905,#8906,#8907,#8908,
#8909,#8910,#8911,#8912,#8913,#8914,#8915,#8916,#8917,#8918,#8919,#8920,
#8921,#8922,#8923,#8924,#8925,#8926,#8927,#8928,#8929,#8930,#8931,#8932,
#8933,#8934,#8935,#8936,#8937,#8938,#8939,#8940,#8941,#8942,#8943,#8944,
#8945,#8946,#8947,#8948,#8949,#8950,#8951,#8952,#8953,#8954,#8955,#8956,
#8957,#8958,#8959,#8960,#8961,#8962,#8963,#8964,#8965,#8966,#8967,#8968,
#8969,#8970,#8971,#8972,#8973,#8974,#8975,#8976,#8977,#8978,#8979,#8980,
#8981,#8982,#8983,#8984,#8985,#8986,#8987,#8988,#8989,#8990,#8991,#8992,
#8993,#8994,#8995,#8996,#8997,#8998,#8999,#9000,#9001,#9002,#9003,#9004,
#9005,#9006,#9007,#9008,#9009,#9010,#9011,#9012,#9013,#9014,#9015,#9016,
#9017,#9018,#9019,#9020,#9021,#9022,#9023,#9024,#9025,#9026,#9027,#9028,
#9029,#9030,#9031,#9032,#9033,#9034,#9035,#9036,#9037,#9038,#9039,#9040,
#9041,#9042,#9043,#9044,#9045,#9046,#9047,#9048,#9049,#9050,#9051,#9052,
#9053,#9054,#9055,#9056,#9057,#9058,#9059,#9060,#9061,#9062,#9063,#9064,
#9065,#9066,#9067,#9068,#9069,#9070,#9071,#9072,#9073,#9074,#9075,#9076,
#9077,#9078,#9079,#9080,#9081,#9082,#9083,#9084,#9085,#9086,#9087,#9088,
#9089,#9090,#9091,#9092,#9093,#9094,#9095,#9096,#9097,#9098,#9099,#9100,
#9101,#9102,#9103,#9104,#9105,#9106,#9107,#9108,#9109,#9110,#9111,#9112,
#9113,#9114,#9115,#9116,#9117,#9118,#9119,#9120,#9121,#9122,#9123,#9124,
#9125,#9126,#9127,#9128,#9129,#9130,#9131,#9132,#9133,#9134,#9135,#9136,
#9137,#9138,#9139,#9140,#9141,#9142,#9143,#9144,#9145)),.UNSPECIFIED.,.T.,
 .F.,.F.,(4,1,1,1,1,1,1,1,1,1,1,1,1,4),(4,1,1,1,1,1,1,1,1,1,1,1,1,1,1,1,
1,1,1,1,1,1,1,1,1,1,1,1,1,1,1,1,1,1,1,1,1,1,1,1,1,1,1,1,1,1,1,1,1,1,1,1,
1,1,1,1,1,1,1,1,1,1,1,1,1,1,1,1,1,1,1,1,1,1,1,1,1,1,1,1,1,1,1,1,1,1,1,1,
1,1,1,1,1,1,1,1,1,1,1,1,1,1,1,1,1,1,1,1,1,1,1,1,1,1,1,1,1,1,1,1,1,1,1,1,
1,1,1,1,1,1,1,1,1,1,1,1,1,1,1,1,1,1,1,1,1,1,1,1,1,1,1,1,1,1,1,1,1,1,1,1,
1,1,1,1,1,1,1,1,1,1,1,1,1,1,1,1,1,1,1,1,1,1,1,1,1,1,1,1,1,1,1,1,1,1,1,1,
1,1,1,1,1,1,1,1,1,1,1,1,1,1,1,1,1,1,1,1,1,1,1,1,1,1,1,1,1,1,1,1,1,1,1,1,
1,1,1,1,1,1,1,1,1,1,1,1,1,1,1,1,1,1,1,1,1,1,1,1,1,1,1,1,1,1,1,1,1,1,1,1,
1,1,1,1,1,1,1,1,1,1,1,1,1,1,1,1,1,1,1,1,1,1,1,1,1,1,1,1,1,1,1,1,1,1,1,1,
1,1,1,1,1,1,1,1,1,1,1,1,1,1,1,1,1,1,1,1,1,1,1,1,1,1,1,1,1,1,1,1,1,1,1,1,
1,1,1,1,1,1,1,1,1,1,1,1,1,1,1,1,1,1,1,1,1,1,1,1,1,1,1,1,1,1,1,1,1,1,1,1,
1,1,1,1,1,1,1,1,1,1,1,1,1,1,1,1,1,1,1,1,1,1,1,1,1,1,1,1,1,1,1,1,1,1,1,1,
1,1,1,1,1,1,1,1,1,1,1,1,1,1,1,1,1,1,1,1,1,1,1,1,1,1,1,1,1,1,1,1,1,1,1,1,
1,1,1,1,1,1,1,1,1,1,1,1,1,1,1,1,1,1,1,1,1,1,1,1,1,1,1,1,1,1,1,1,1,1,1,1,
1,1,1,1,1,1,1,1,1,1,1,1,1,1,1,1,1,1,1,1,1,1,1,1,1,1,1,1,4),(-3.14159265358979,
-2.69279370307697,-2.24399475256414,-1.79519580205131,-1.34639685153848,
-0.448798950512828,-0.149599650170943,0.448798950512828,0.897597901025655,
1.34639685153848,1.79519580205131,2.24399475256414,2.69279370307697,3.14159265358979),
(0.,0.249479416608601,0.498958833217202,0.748438249825804,0.997917666434405,
1.49687649965161,1.99583533286881,2.24531474947741,2.49479416608601,2.74427358269461,
2.99375299930321,3.49271183252042,3.99167066573762,4.24115008234622,4.49062949895482,
4.74010891556342,4.98958833217202,5.48854716538923,5.98750599860643,6.23698541521503,
6.48646483182363,6.73594424843223,6.98542366504083,7.48438249825804,7.98334133147524,
8.23282074808384,8.48230016469244,8.73177958130104,8.98125899790964,9.48021783112685,
9.97917666434405,10.2286560809526,10.4781354975613,10.7276149141699,10.9770943307785,
11.4760531639957,11.9750119972129,12.2244914138215,12.4739708304301,12.7234502470387,
12.9729296636473,13.4718884968645,13.9708473300817,14.2203267466903,14.4698061632989,
14.7192855799075,14.9687649965161,15.4677238297333,15.9666826629505,16.2161620795591,
16.4656414961677,16.7151209127763,16.9646003293849,17.4635591626021,17.9625179958193,
18.2119974124279,18.4614768290365,18.7109562456451,18.9604356622537,19.4593944954709,
19.9583533286881,20.2078327452967,20.4573121619053,20.7067915785139,20.9562709951225,
21.4552298283397,21.9541886615569,22.2036680781655,22.4531474947741,22.7026269113827,
22.9521063279913,23.4510651612085,23.9500239944257,24.1995034110343,24.4489828276429,
24.6984622442515,24.9479416608601,25.4469004940773,25.9458593272945,26.1953387439031,
26.4448181605117,26.6942975771203,26.9437769937289,27.4427358269461,27.9416946601633,
28.1911740767719,28.4406534933805,28.6901329099891,28.9396123265977,29.4385711598149,
29.9375299930321,30.1870094096407,30.4364888262493,30.6859682428579,30.9354476594666,
31.4344064926838,31.933365325901,32.1828447425096,32.4323241591182,32.6818035757268,
32.9312829923354,33.4302418255526,33.9292006587698,34.1786800753784,34.428159491987,
34.6776389085956,34.9271183252042,35.4260771584214,35.9250359916386,36.1745154082472,
36.4239948248558,36.6734742414644,36.922953658073,37.4219124912902,37.9208713245074,
38.170350741116,38.4198301577246,38.6693095743332,38.9187889909418,39.417747824159,
39.9167066573762,40.1661860739848,40.4156654905934,40.665144907202,40.9146243238106,
41.4135831570278,41.912541990245,42.1620214068536,42.4115008234622,42.6609802400708,
42.9104596566794,43.4094184898966,43.9083773231138,44.1578567397224,44.407336156331,
44.6568155729396,44.9062949895482,45.4052538227654,45.9042126559826,46.1536920725912,
46.4031714891998,46.6526509058084,46.902130322417,47.4010891556342,47.9000479888514,
48.14952740546,48.3990068220686,48.6484862386772,48.8979656552858,49.396924488503,
49.8958833217202,50.1453627383288,50.3948421549374,50.644321571546,50.8938009881546,
51.3927598213718,51.891718654589,52.1411980711976,52.3906774878063,52.6401569044149,
52.8896363210235,53.3885951542407,53.8875539874579,54.1370334040665,54.3865128206751,
54.6359922372837,54.8854716538923,55.3844304871095,55.8833893203267,56.1328687369353,
56.3823481535439,56.6318275701525,56.8813069867611,57.3802658199783,57.8792246531955,
58.1287040698041,58.3781834864127,58.6276629030213,58.8771423196299,59.3761011528471,
59.8750599860643,60.1245394026729,60.3740188192815,60.6234982358901,60.8729776524987,
61.3719364857159,61.8708953189331,62.1203747355417,62.3698541521503,62.6193335687589,
62.8688129853675,63.3677718185847,63.8667306518019,64.1162100684105,64.3656894850191,
64.6151689016277,64.8646483182363,65.3636071514535,65.8625659846707,66.1120454012793,
66.3615248178879,66.6110042344965,66.8604836511051,67.3594424843223,67.8584013175395,
68.1078807341481,68.3573601507567,68.6068395673653,68.8563189839739,69.3552778171911,
69.8542366504083,70.1037160670169,70.3531954836255,70.6026749002341,70.8521543168427,
71.3511131500599,71.8500719832771,72.0995513998857,72.3490308164943,72.598510233103,
72.8479896497116,73.3469484829288,73.845907316146,74.0953867327545,74.3448661493632,
74.5943455659718,74.8438249825804,75.3427838157976,75.8417426490148,76.0912220656234,
76.340701482232,76.5901808988406,76.8396603154492,77.3386191486664,77.8375779818836,
78.0870573984922,78.3365368151008,78.5860162317094,78.835495648318,79.3344544815352,
79.8334133147524,80.082892731361,80.3323721479696,80.5818515645782,80.8313309811868,
81.330289814404,81.8292486476212,82.0787280642298,82.3282074808384,82.577686897447,
82.8271663140556,83.3261251472728,83.82508398049,84.0745633970986,84.3240428137072,
84.5735222303158,84.8230016469244,85.072481063533,85.3219604801416,85.5714398967502,
85.8209193133588,86.319878146576,86.8188369797932,87.0683163964018,87.3177958130104,
87.567275229619,87.8167546462276,88.3157134794448,88.814672312662,89.0641517292706,
89.3136311458792,89.5631105624878,89.8125899790964,90.3115488123136,90.8105076455308,
91.0599870621394,91.309466478748,91.5589458953566,91.8084253119652,92.3073841451825,
92.8063429783997,93.0558223950082,93.3053018116169,93.5547812282255,93.8042606448341,
94.3032194780513,94.8021783112685,95.0516577278771,95.3011371444857,95.5506165610943,
95.8000959777029,96.2990548109201,96.7980136441373,97.0474930607459,97.2969724773545,
97.5464518939631,97.7959313105717,98.2948901437889,98.7938489770061,99.0433283936147,
99.2928078102233,99.5422872268319,99.7917666434405,100.290725476658,100.789684309875,
101.039163726483,101.288643143092,101.538122559701,101.787601976309,102.286560809526,
102.785519642744,103.034999059352,103.284478475961,103.53395789257,103.783437309178,
104.282396142395,104.781354975613,105.030834392221,105.28031380883,105.529793225438,
105.779272642047,106.278231475264,106.777190308481,107.02666972509,107.276149141699,
107.525628558307,107.775107974916,108.274066808133,108.77302564135,109.022505057959,
109.271984474567,109.521463891176,109.770943307785,110.269902141002,110.768860974219,
111.018340390828,111.267819807436,111.517299224045,111.766778640653,112.265737473871,
112.764696307088,113.014175723696,113.263655140305,113.513134556914,113.762613973522,
114.261572806739,114.760531639957,115.010011056565,115.259490473174,115.508969889782,
115.758449306391,116.257408139608,116.756366972825,117.005846389434,117.255325806043,
117.504805222651,117.75428463926,118.253243472477,118.752202305694,119.001681722303,
119.251161138911,119.50064055552,119.750119972129,120.249078805346,120.748037638563,
120.997517055172,121.24699647178,121.496475888389,121.745955304997,122.244914138215,
122.743872971432,122.99335238804,123.242831804649,123.492311221258,123.741790637866,
124.240749471083,124.739708304301,124.989187720909,125.238667137518,125.488146554126,
125.737625970735,126.236584803952,126.735543637169,126.985023053778,127.234502470387,
127.483981886995,127.733461303604,128.232420136821,128.731378970038,128.980858386647,
129.230337803255,129.479817219864,129.729296636473,130.22825546969,130.727214302907,
130.976693719516,131.226173136124,131.475652552733,131.725131969341,132.224090802559,
132.723049635776,132.972529052384,133.222008468993,133.471487885602,133.72096730221,
134.219926135427,134.718884968645,134.968364385253,135.217843801862,135.46732321847,
135.716802635079,136.215761468296,136.714720301513,136.964199718122,137.213679134731,
137.463158551339,137.712637967948,138.211596801165,138.710555634382,138.960035050991,
139.209514467599,139.458993884208,139.708473300817,140.207432134034,140.706390967251,
140.95587038386,141.205349800468,141.454829217077,141.704308633685,142.203267466903,
142.70222630012,142.951705716728,143.201185133337,143.450664549946,143.700143966554,
144.199102799771,144.698061632989,144.947541049597,145.197020466206,145.446499882815,
145.695979299423,146.19493813264,146.693896965858,146.943376382466,147.192855799075,
147.442335215683,147.691814632292,148.190773465509,148.689732298726,148.939211715335,
149.188691131944,149.438170548552,149.687649965161,150.186608798378,150.685567631595,
150.935047048204,151.184526464812,151.434005881421,151.68348529803,152.182444131247,
152.681402964464,152.930882381073,153.180361797681,153.42984121429,153.679320630898,
154.178279464116,154.677238297333,154.926717713941,155.17619713055,155.425676547159,
155.675155963767,156.174114796984,156.673073630202,156.92255304681,157.172032463419,
157.421511880027,157.670991296636,158.169950129853,158.66890896307,158.918388379679,
159.167867796288,159.417347212896,159.666826629505,160.165785462722,160.664744295939,
160.914223712548,161.163703129156,161.413182545765,161.662661962374,162.161620795591,
162.660579628808,162.910059045417,163.159538462025,163.409017878634,163.658497295242,
164.15745612846,164.656414961677,164.905894378285,165.155373794894,165.404853211503,
165.654332628111,166.153291461328,166.652250294546,166.901729711154,167.151209127763,
167.400688544371,167.65016796098,168.149126794197,168.648085627414,168.897565044023,
169.147044460632,169.39652387724,169.646003293849),.UNSPECIFIED.);
#325=SHAPE_REPRESENTATION_RELATIONSHIP('SRR','None',#9846,#328);
#326=SHAPE_REPRESENTATION_RELATIONSHIP('SRR','None',#9847,#329);
#327=SHAPE_REPRESENTATION_RELATIONSHIP('SRR','None',#9848,#330);
#328=ADVANCED_BREP_SHAPE_REPRESENTATION('',(#334),#9751);
#329=ADVANCED_BREP_SHAPE_REPRESENTATION('',(#335),#9752);
#330=ADVANCED_BREP_SHAPE_REPRESENTATION('',(#336),#9753);
#331=STYLED_ITEM('',(#9869),#334);
#332=STYLED_ITEM('',(#9869),#335);
#333=STYLED_ITEM('',(#9869),#336);
#334=MANIFOLD_SOLID_BREP('Body1',#503);
#335=MANIFOLD_SOLID_BREP('Body3',#504);
#336=MANIFOLD_SOLID_BREP('Body1',#505);
#337=FACE_BOUND('',#373,.T.);
#338=FACE_BOUND('',#375,.T.);
#339=FACE_BOUND('',#379,.T.);
#340=FACE_BOUND('',#381,.T.);
#341=CIRCLE('',#544,105.);
#342=CIRCLE('',#545,105.);
#343=CIRCLE('',#547,148.);
#344=CIRCLE('',#548,148.);
#345=CIRCLE('',#554,350.);
#346=CIRCLE('',#555,350.);
#347=CIRCLE('',#557,360.);
#348=CIRCLE('',#558,360.);
#349=CIRCLE('',#562,5.);
#350=CIRCLE('',#563,5.);
#351=CYLINDRICAL_SURFACE('',#543,105.);
#352=CYLINDRICAL_SURFACE('',#546,148.);
#353=CYLINDRICAL_SURFACE('',#553,350.);
#354=CYLINDRICAL_SURFACE('',#556,360.);
#355=FACE_OUTER_BOUND('',#368,.T.);
#356=FACE_OUTER_BOUND('',#369,.T.);
#357=FACE_OUTER_BOUND('',#370,.T.);
#358=FACE_OUTER_BOUND('',#371,.T.);
#359=FACE_OUTER_BOUND('',#372,.T.);
#360=FACE_OUTER_BOUND('',#374,.T.);
#361=FACE_OUTER_BOUND('',#376,.T.);
#362=FACE_OUTER_BOUND('',#377,.T.);
#363=FACE_OUTER_BOUND('',#378,.T.);
#364=FACE_OUTER_BOUND('',#380,.T.);
#365=FACE_OUTER_BOUND('',#382,.T.);
#366=FACE_OUTER_BOUND('',#383,.T.);
#367=FACE_OUTER_BOUND('',#384,.T.);
#368=EDGE_LOOP('',(#440,#441,#442,#443));
#369=EDGE_LOOP('',(#444,#445,#446,#447));
#370=EDGE_LOOP('',(#448,#449,#450,#451));
#371=EDGE_LOOP('',(#452,#453,#454,#455));
#372=EDGE_LOOP('',(#456,#457));
#373=EDGE_LOOP('',(#458,#459));
#374=EDGE_LOOP('',(#460,#461));
#375=EDGE_LOOP('',(#462,#463));
#376=EDGE_LOOP('',(#464,#465,#466,#467));
#377=EDGE_LOOP('',(#468,#469,#470,#471));
#378=EDGE_LOOP('',(#472));
#379=EDGE_LOOP('',(#473));
#380=EDGE_LOOP('',(#474));
#381=EDGE_LOOP('',(#475));
#382=EDGE_LOOP('',(#476,#477,#478,#479));
#383=EDGE_LOOP('',(#480));
#384=EDGE_LOOP('',(#481));
#385=LINE('',#867,#395);
#386=LINE('',#869,#396);
#387=LINE('',#871,#397);
#388=LINE('',#872,#398);
#389=LINE('',#881,#399);
#390=LINE('',#884,#400);
#391=LINE('',#886,#401);
#392=LINE('',#887,#402);
#393=LINE('',#895,#403);
#394=LINE('',#901,#404);
#395=VECTOR('',#650,10.);
#396=VECTOR('',#651,10.);
#397=VECTOR('',#652,10.);
#398=VECTOR('',#653,10.);
#399=VECTOR('',#664,10.);
#400=VECTOR('',#667,10.);
#401=VECTOR('',#670,10.);
#402=VECTOR('',#671,10.);
#403=VECTOR('',#682,350.);
#404=VECTOR('',#689,360.);
#405=VERTEX_POINT('',#865);
#406=VERTEX_POINT('',#866);
#407=VERTEX_POINT('',#868);
#408=VERTEX_POINT('',#870);
#409=VERTEX_POINT('',#877);
#410=VERTEX_POINT('',#878);
#411=VERTEX_POINT('',#880);
#412=VERTEX_POINT('',#882);
#413=VERTEX_POINT('',#892);
#414=VERTEX_POINT('',#894);
#415=VERTEX_POINT('',#898);
#416=VERTEX_POINT('',#900);
#417=VERTEX_POINT('',#9146);
#418=VERTEX_POINT('',#9148);
#419=EDGE_CURVE('',#405,#406,#385,.T.);
#420=EDGE_CURVE('',#406,#407,#386,.T.);
#421=EDGE_CURVE('',#408,#407,#387,.T.);
#422=EDGE_CURVE('',#405,#408,#388,.T.);
#423=EDGE_CURVE('',#406,#405,#341,.T.);
#424=EDGE_CURVE('',#407,#408,#342,.T.);
#425=EDGE_CURVE('',#409,#410,#343,.T.);
#426=EDGE_CURVE('',#410,#411,#389,.T.);
#427=EDGE_CURVE('',#412,#411,#344,.T.);
#428=EDGE_CURVE('',#409,#412,#390,.T.);
#429=EDGE_CURVE('',#409,#410,#391,.T.);
#430=EDGE_CURVE('',#411,#412,#392,.T.);
#431=EDGE_CURVE('',#413,#413,#345,.T.);
#432=EDGE_CURVE('',#413,#414,#393,.T.);
#433=EDGE_CURVE('',#414,#414,#346,.T.);
#434=EDGE_CURVE('',#415,#415,#347,.T.);
#435=EDGE_CURVE('',#415,#416,#394,.T.);
#436=EDGE_CURVE('',#416,#416,#348,.T.);
#437=EDGE_CURVE('',#417,#417,#349,.T.);
#438=EDGE_CURVE('',#417,#418,#323,.T.);
#439=EDGE_CURVE('',#418,#418,#350,.T.);
#440=ORIENTED_EDGE('',*,*,#419,.T.);
#441=ORIENTED_EDGE('',*,*,#420,.T.);
#442=ORIENTED_EDGE('',*,*,#421,.F.);
#443=ORIENTED_EDGE('',*,*,#422,.F.);
#444=ORIENTED_EDGE('',*,*,#423,.T.);
#445=ORIENTED_EDGE('',*,*,#422,.T.);
#446=ORIENTED_EDGE('',*,*,#424,.F.);
#447=ORIENTED_EDGE('',*,*,#420,.F.);
#448=ORIENTED_EDGE('',*,*,#425,.T.);
#449=ORIENTED_EDGE('',*,*,#426,.T.);
#450=ORIENTED_EDGE('',*,*,#427,.F.);
#451=ORIENTED_EDGE('',*,*,#428,.F.);
#452=ORIENTED_EDGE('',*,*,#429,.F.);
#453=ORIENTED_EDGE('',*,*,#428,.T.);
#454=ORIENTED_EDGE('',*,*,#430,.F.);
#455=ORIENTED_EDGE('',*,*,#426,.F.);
#456=ORIENTED_EDGE('',*,*,#430,.T.);
#457=ORIENTED_EDGE('',*,*,#427,.T.);
#458=ORIENTED_EDGE('',*,*,#424,.T.);
#459=ORIENTED_EDGE('',*,*,#421,.T.);
#460=ORIENTED_EDGE('',*,*,#429,.T.);
#461=ORIENTED_EDGE('',*,*,#425,.F.);
#462=ORIENTED_EDGE('',*,*,#423,.F.);
#463=ORIENTED_EDGE('',*,*,#419,.F.);
#464=ORIENTED_EDGE('',*,*,#431,.F.);
#465=ORIENTED_EDGE('',*,*,#432,.T.);
#466=ORIENTED_EDGE('',*,*,#433,.T.);
#467=ORIENTED_EDGE('',*,*,#432,.F.);
#468=ORIENTED_EDGE('',*,*,#434,.F.);
#469=ORIENTED_EDGE('',*,*,#435,.T.);
#470=ORIENTED_EDGE('',*,*,#436,.T.);
#471=ORIENTED_EDGE('',*,*,#435,.F.);
#472=ORIENTED_EDGE('',*,*,#434,.T.);
#473=ORIENTED_EDGE('',*,*,#431,.T.);
#474=ORIENTED_EDGE('',*,*,#436,.F.);
#475=ORIENTED_EDGE('',*,*,#433,.F.);
#476=ORIENTED_EDGE('',*,*,#437,.T.);
#477=ORIENTED_EDGE('',*,*,#438,.T.);
#478=ORIENTED_EDGE('',*,*,#439,.F.);
#479=ORIENTED_EDGE('',*,*,#438,.F.);
#480=ORIENTED_EDGE('',*,*,#439,.T.);
#481=ORIENTED_EDGE('',*,*,#437,.F.);
#482=PLANE('',#542);
#483=PLANE('',#549);
#484=PLANE('',#550);
#485=PLANE('',#551);
#486=PLANE('',#559);
#487=PLANE('',#560);
#488=PLANE('',#564);
#489=PLANE('',#565);
#490=ADVANCED_FACE('',(#355),#482,.T.);
#491=ADVANCED_FACE('',(#356),#351,.F.);
#492=ADVANCED_FACE('',(#357),#352,.T.);
#493=ADVANCED_FACE('',(#358),#483,.T.);
#494=ADVANCED_FACE('',(#359,#337),#484,.T.);
#495=ADVANCED_FACE('',(#360,#338),#485,.F.);
#496=ADVANCED_FACE('',(#361),#353,.F.);
#497=ADVANCED_FACE('',(#362),#354,.T.);
#498=ADVANCED_FACE('',(#363,#339),#486,.T.);
#499=ADVANCED_FACE('',(#364,#340),#487,.F.);
#500=ADVANCED_FACE('',(#365),#324,.T.);
#501=ADVANCED_FACE('',(#366),#488,.T.);
#502=ADVANCED_FACE('',(#367),#489,.F.);
#503=CLOSED_SHELL('',(#490,#491,#492,#493,#494,#495));
#504=CLOSED_SHELL('',(#496,#497,#498,#499));
#505=CLOSED_SHELL('',(#500,#501,#502));
#506=DERIVED_UNIT_ELEMENT(#512,1.);
#507=DERIVED_UNIT_ELEMENT(#9756,-3.);
#508=DERIVED_UNIT_ELEMENT(#512,1.);
#509=DERIVED_UNIT_ELEMENT(#9756,-3.);
#510=DERIVED_UNIT_ELEMENT(#512,1.);
#511=DERIVED_UNIT_ELEMENT(#9756,-3.);
#512=(
MASS_UNIT()
NAMED_UNIT(*)
SI_UNIT(.KILO.,.GRAM.)
);
#513=DERIVED_UNIT((#506,#507));
#514=DERIVED_UNIT((#508,#509));
#515=DERIVED_UNIT((#510,#511));
#516=MEASURE_REPRESENTATION_ITEM('density measure',
POSITIVE_RATIO_MEASURE(7850.),#513);
#517=MEASURE_REPRESENTATION_ITEM('density measure',
POSITIVE_RATIO_MEASURE(7850.),#514);
#518=MEASURE_REPRESENTATION_ITEM('density measure',
POSITIVE_RATIO_MEASURE(7850.),#515);
#519=PROPERTY_DEFINITION_REPRESENTATION(#534,#525);
#520=PROPERTY_DEFINITION_REPRESENTATION(#535,#526);
#521=PROPERTY_DEFINITION_REPRESENTATION(#536,#527);
#522=PROPERTY_DEFINITION_REPRESENTATION(#537,#528);
#523=PROPERTY_DEFINITION_REPRESENTATION(#538,#529);
#524=PROPERTY_DEFINITION_REPRESENTATION(#539,#530);
#525=REPRESENTATION('material name',(#531),#9751);
#526=REPRESENTATION('density',(#516),#9751);
#527=REPRESENTATION('material name',(#532),#9752);
#528=REPRESENTATION('density',(#517),#9752);
#529=REPRESENTATION('material name',(#533),#9753);
#530=REPRESENTATION('density',(#518),#9753);
#531=DESCRIPTIVE_REPRESENTATION_ITEM('Steel','Steel');
#532=DESCRIPTIVE_REPRESENTATION_ITEM('Steel','Steel');
#533=DESCRIPTIVE_REPRESENTATION_ITEM('Steel','Steel');
#534=PROPERTY_DEFINITION('material property','material name',#9851);
#535=PROPERTY_DEFINITION('material property','density of part',#9851);
#536=PROPERTY_DEFINITION('material property','material name',#9852);
#537=PROPERTY_DEFINITION('material property','density of part',#9852);
#538=PROPERTY_DEFINITION('material property','material name',#9853);
#539=PROPERTY_DEFINITION('material property','density of part',#9853);
#540=AXIS2_PLACEMENT_3D('',#862,#644,#645);
#541=AXIS2_PLACEMENT_3D('',#863,#646,#647);
#542=AXIS2_PLACEMENT_3D('',#864,#648,#649);
#543=AXIS2_PLACEMENT_3D('',#873,#654,#655);
#544=AXIS2_PLACEMENT_3D('',#874,#656,#657);
#545=AXIS2_PLACEMENT_3D('',#875,#658,#659);
#546=AXIS2_PLACEMENT_3D('',#876,#660,#661);
#547=AXIS2_PLACEMENT_3D('',#879,#662,#663);
#548=AXIS2_PLACEMENT_3D('',#883,#665,#666);
#549=AXIS2_PLACEMENT_3D('',#885,#668,#669);
#550=AXIS2_PLACEMENT_3D('',#888,#672,#673);
#551=AXIS2_PLACEMENT_3D('',#889,#674,#675);
#552=AXIS2_PLACEMENT_3D('',#890,#676,#677);
#553=AXIS2_PLACEMENT_3D('',#891,#678,#679);
#554=AXIS2_PLACEMENT_3D('',#893,#680,#681);
#555=AXIS2_PLACEMENT_3D('',#896,#683,#684);
#556=AXIS2_PLACEMENT_3D('',#897,#685,#686);
#557=AXIS2_PLACEMENT_3D('',#899,#687,#688);
#558=AXIS2_PLACEMENT_3D('',#902,#690,#691);
#559=AXIS2_PLACEMENT_3D('',#903,#692,#693);
#560=AXIS2_PLACEMENT_3D('',#904,#694,#695);
#561=AXIS2_PLACEMENT_3D('',#905,#696,#697);
#562=AXIS2_PLACEMENT_3D('',#9147,#698,#699);
#563=AXIS2_PLACEMENT_3D('',#9664,#700,#701);
#564=AXIS2_PLACEMENT_3D('',#9665,#702,#703);
#565=AXIS2_PLACEMENT_3D('',#9666,#704,#705);
#566=AXIS2_PLACEMENT_3D('',#9667,#706,#707);
#567=AXIS2_PLACEMENT_3D('',#9668,#708,#709);
#568=AXIS2_PLACEMENT_3D('',#9669,#710,#711);
#569=AXIS2_PLACEMENT_3D('',#9670,#712,#713);
#570=AXIS2_PLACEMENT_3D('',#9671,#714,#715);
#571=AXIS2_PLACEMENT_3D('',#9672,#716,#717);
#572=AXIS2_PLACEMENT_3D('',#9673,#718,#719);
#573=AXIS2_PLACEMENT_3D('',#9674,#720,#721);
#574=AXIS2_PLACEMENT_3D('',#9675,#722,#723);
#575=AXIS2_PLACEMENT_3D('',#9676,#724,#725);
#576=AXIS2_PLACEMENT_3D('',#9677,#726,#727);
#577=AXIS2_PLACEMENT_3D('',#9678,#728,#729);
#578=AXIS2_PLACEMENT_3D('',#9679,#730,#731);
#579=AXIS2_PLACEMENT_3D('',#9680,#732,#733);
#580=AXIS2_PLACEMENT_3D('',#9681,#734,#735);
#581=AXIS2_PLACEMENT_3D('',#9682,#736,#737);
#582=AXIS2_PLACEMENT_3D('',#9683,#738,#739);
#583=AXIS2_PLACEMENT_3D('',#9684,#740,#741);
#584=AXIS2_PLACEMENT_3D('',#9685,#742,#743);
#585=AXIS2_PLACEMENT_3D('',#9686,#744,#745);
#586=AXIS2_PLACEMENT_3D('',#9687,#746,#747);
#587=AXIS2_PLACEMENT_3D('',#9688,#748,#749);
#588=AXIS2_PLACEMENT_3D('',#9689,#750,#751);
#589=AXIS2_PLACEMENT_3D('',#9690,#752,#753);
#590=AXIS2_PLACEMENT_3D('',#9691,#754,#755);
#591=AXIS2_PLACEMENT_3D('',#9692,#756,#757);
#592=AXIS2_PLACEMENT_3D('',#9693,#758,#759);
#593=AXIS2_PLACEMENT_3D('',#9694,#760,#761);
#594=AXIS2_PLACEMENT_3D('',#9695,#762,#763);
#595=AXIS2_PLACEMENT_3D('',#9696,#764,#765);
#596=AXIS2_PLACEMENT_3D('',#9697,#766,#767);
#597=AXIS2_PLACEMENT_3D('',#9698,#768,#769);
#598=AXIS2_PLACEMENT_3D('',#9699,#770,#771);
#599=AXIS2_PLACEMENT_3D('',#9700,#772,#773);
#600=AXIS2_PLACEMENT_3D('',#9701,#774,#775);
#601=AXIS2_PLACEMENT_3D('',#9702,#776,#777);
#602=AXIS2_PLACEMENT_3D('',#9703,#778,#779);
#603=AXIS2_PLACEMENT_3D('',#9704,#780,#781);
#604=AXIS2_PLACEMENT_3D('',#9705,#782,#783);
#605=AXIS2_PLACEMENT_3D('',#9706,#784,#785);
#606=AXIS2_PLACEMENT_3D('',#9707,#786,#787);
#607=AXIS2_PLACEMENT_3D('',#9708,#788,#789);
#608=AXIS2_PLACEMENT_3D('',#9709,#790,#791);
#609=AXIS2_PLACEMENT_3D('',#9710,#792,#793);
#610=AXIS2_PLACEMENT_3D('',#9711,#794,#795);
#611=AXIS2_PLACEMENT_3D('',#9712,#796,#797);
#612=AXIS2_PLACEMENT_3D('',#9713,#798,#799);
#613=AXIS2_PLACEMENT_3D('',#9714,#800,#801);
#614=AXIS2_PLACEMENT_3D('',#9715,#802,#803);
#615=AXIS2_PLACEMENT_3D('',#9716,#804,#805);
#616=AXIS2_PLACEMENT_3D('',#9717,#806,#807);
#617=AXIS2_PLACEMENT_3D('',#9718,#808,#809);
#618=AXIS2_PLACEMENT_3D('',#9719,#810,#811);
#619=AXIS2_PLACEMENT_3D('',#9720,#812,#813);
#620=AXIS2_PLACEMENT_3D('',#9721,#814,#815);
#621=AXIS2_PLACEMENT_3D('',#9722,#816,#817);
#622=AXIS2_PLACEMENT_3D('',#9723,#818,#819);
#623=AXIS2_PLACEMENT_3D('',#9724,#820,#821);
#624=AXIS2_PLACEMENT_3D('',#9725,#822,#823);
#625=AXIS2_PLACEMENT_3D('',#9726,#824,#825);
#626=AXIS2_PLACEMENT_3D('',#9727,#826,#827);
#627=AXIS2_PLACEMENT_3D('',#9728,#828,#829);
#628=AXIS2_PLACEMENT_3D('',#9729,#830,#831);
#629=AXIS2_PLACEMENT_3D('',#9730,#832,#833);
#630=AXIS2_PLACEMENT_3D('',#9731,#834,#835);
#631=AXIS2_PLACEMENT_3D('',#9732,#836,#837);
#632=AXIS2_PLACEMENT_3D('',#9733,#838,#839);
#633=AXIS2_PLACEMENT_3D('',#9734,#840,#841);
#634=AXIS2_PLACEMENT_3D('',#9735,#842,#843);
#635=AXIS2_PLACEMENT_3D('',#9736,#844,#845);
#636=AXIS2_PLACEMENT_3D('',#9737,#846,#847);
#637=AXIS2_PLACEMENT_3D('',#9738,#848,#849);
#638=AXIS2_PLACEMENT_3D('',#9739,#850,#851);
#639=AXIS2_PLACEMENT_3D('',#9740,#852,#853);
#640=AXIS2_PLACEMENT_3D('',#9741,#854,#855);
#641=AXIS2_PLACEMENT_3D('',#9742,#856,#857);
#642=AXIS2_PLACEMENT_3D('',#9743,#858,#859);
#643=AXIS2_PLACEMENT_3D('',#9744,#860,#861);
#644=DIRECTION('axis',(0.,0.,1.));
#645=DIRECTION('refdir',(1.,0.,0.));
#646=DIRECTION('axis',(0.,0.,1.));
#647=DIRECTION('refdir',(1.,0.,0.));
#648=DIRECTION('center_axis',(-1.,0.,0.));
#649=DIRECTION('ref_axis',(0.,-1.,0.));
#650=DIRECTION('',(0.,-1.,0.));
#651=DIRECTION('',(0.,0.,1.));
#652=DIRECTION('',(0.,-1.,0.));
#653=DIRECTION('',(0.,0.,1.));
#654=DIRECTION('center_axis',(0.,0.,1.));
#655=DIRECTION('ref_axis',(-1.,1.22464679914735E-16,0.));
#656=DIRECTION('center_axis',(0.,0.,-1.));
#657=DIRECTION('ref_axis',(1.,0.,0.));
#658=DIRECTION('center_axis',(0.,0.,-1.));
#659=DIRECTION('ref_axis',(1.,0.,0.));
#660=DIRECTION('center_axis',(0.,0.,1.));
#661=DIRECTION('ref_axis',(-1.,1.22464679914735E-16,0.));
#662=DIRECTION('center_axis',(0.,0.,1.));
#663=DIRECTION('ref_axis',(1.,0.,0.));
#664=DIRECTION('',(0.,0.,1.));
#665=DIRECTION('center_axis',(0.,0.,1.));
#666=DIRECTION('ref_axis',(1.,0.,0.));
#667=DIRECTION('',(0.,0.,1.));
#668=DIRECTION('center_axis',(1.,0.,0.));
#669=DIRECTION('ref_axis',(0.,1.,0.));
#670=DIRECTION('',(0.,-1.,0.));
#671=DIRECTION('',(0.,1.,0.));
#672=DIRECTION('center_axis',(0.,0.,1.));
#673=DIRECTION('ref_axis',(1.,0.,0.));
#674=DIRECTION('center_axis',(0.,0.,1.));
#675=DIRECTION('ref_axis',(1.,0.,0.));
#676=DIRECTION('axis',(0.,0.,1.));
#677=DIRECTION('refdir',(1.,0.,0.));
#678=DIRECTION('center_axis',(0.,0.,1.));
#679=DIRECTION('ref_axis',(1.,0.,0.));
#680=DIRECTION('center_axis',(0.,0.,-1.));
#681=DIRECTION('ref_axis',(1.,0.,0.));
#682=DIRECTION('',(0.,0.,-1.));
#683=DIRECTION('center_axis',(0.,0.,-1.));
#684=DIRECTION('ref_axis',(1.,0.,0.));
#685=DIRECTION('center_axis',(0.,0.,1.));
#686=DIRECTION('ref_axis',(1.,0.,0.));
#687=DIRECTION('center_axis',(0.,0.,1.));
#688=DIRECTION('ref_axis',(1.,0.,0.));
#689=DIRECTION('',(0.,0.,-1.));
#690=DIRECTION('center_axis',(0.,0.,1.));
#691=DIRECTION('ref_axis',(1.,0.,0.));
#692=DIRECTION('center_axis',(0.,0.,1.));
#693=DIRECTION('ref_axis',(1.,0.,0.));
#694=DIRECTION('center_axis',(0.,0.,1.));
#695=DIRECTION('ref_axis',(1.,0.,0.));
#696=DIRECTION('axis',(0.,0.,1.));
#697=DIRECTION('refdir',(1.,0.,0.));
#698=DIRECTION('center_axis',(0.,1.,0.));
#699=DIRECTION('ref_axis',(-1.,0.,0.));
#700=DIRECTION('center_axis',(1.37185200729967E-14,1.,0.));
#701=DIRECTION('ref_axis',(-1.,1.37185200729967E-14,0.));
#702=DIRECTION('center_axis',(1.37185200729967E-14,1.,0.));
#703=DIRECTION('ref_axis',(0.,0.,1.));
#704=DIRECTION('center_axis',(0.,1.,0.));
#705=DIRECTION('ref_axis',(0.,0.,1.));
#706=DIRECTION('',(0.,-1.,8.04911692853238E-16));
#707=DIRECTION('',(1.,0.,0.));
#708=DIRECTION('',(0.0848059244755092,-0.996397488542527,8.04911692853238E-16));
#709=DIRECTION('',(0.996397488542526,0.0848059244755092,0.));
#710=DIRECTION('',(0.169000820321849,-0.985615910347709,8.04911692853238E-16));
#711=DIRECTION('',(0.985615910347708,0.169000820321849,0.));
#712=DIRECTION('',(0.251978061385125,-0.967732946933499,8.04911692853238E-16));
#713=DIRECTION('',(0.967732946933499,0.251978061385125,0.));
#714=DIRECTION('',(0.333139794742058,-0.942877445461085,8.04911692853238E-16));
#715=DIRECTION('',(0.942877445461084,0.333139794742057,0.));
#716=DIRECTION('',(0.411901248243993,-0.911228490388136,8.04911692853238E-16));
#717=DIRECTION('',(0.911228490388135,0.411901248243992,0.));
#718=DIRECTION('',(0.487694943813635,-0.873014113161188,8.04911692853238E-16));
#719=DIRECTION('',(0.873014113161188,0.487694943813634,0.));
#720=DIRECTION('',(0.559974786137596,-0.828509649243843,8.04911692853238E-16));
#721=DIRECTION('',(0.828509649243842,0.559974786137595,0.));
#722=DIRECTION('',(0.628219997295643,-0.77803575431844,8.04911692853238E-16));
#723=DIRECTION('',(0.778035754318439,0.628219997295642,0.));
#724=DIRECTION('',(0.691938868977547,-0.721956093954525,8.04911692853238E-16));
#725=DIRECTION('',(0.721956093954524,0.691938868977546,0.));
#726=DIRECTION('',(0.750672305252725,-0.660674723390082,8.04911692853238E-16));
#727=DIRECTION('',(0.660674723390081,0.750672305252724,0.));
#728=DIRECTION('',(0.803997130366941,-0.594633176304287,8.04911692853238E-16));
#729=DIRECTION('',(0.594633176304287,0.80399713036694,0.));
#730=DIRECTION('',(0.851529137733312,-0.524307283557232,8.04911692853238E-16));
#731=DIRECTION('',(0.524307283557232,0.851529137733311,0.));
#732=DIRECTION('',(0.892925858149569,-0.450203744817674,8.04911692853238E-16));
#733=DIRECTION('',(0.450203744817673,0.892925858149568,0.));
#734=DIRECTION('',(0.92788902729651,-0.372856477780309,8.04911692853238E-16));
#735=DIRECTION('',(0.372856477780309,0.927889027296509,0.));
#736=DIRECTION('',(0.956166734739251,-0.292822771276551,8.04911692853238E-16));
#737=DIRECTION('',(0.29282277127655,0.956166734739251,0.));
#738=DIRECTION('',(0.977555238947687,-0.210679269995726,8.04911692853238E-16));
#739=DIRECTION('',(0.210679269995726,0.977555238947686,0.));
#740=DIRECTION('',(0.991900435258877,-0.127017819746879,8.04911692853238E-16));
#741=DIRECTION('',(0.127017819746879,0.991900435258877,0.));
#742=DIRECTION('',(0.999098966204682,-0.0424412031961485,8.04911692853238E-16));
#743=DIRECTION('',(0.0424412031961485,0.999098966204681,0.));
#744=DIRECTION('',(0.999098966204682,0.0424412031961481,8.04911692853238E-16));
#745=DIRECTION('',(-0.0424412031961481,0.999098966204681,0.));
#746=DIRECTION('',(0.991900435258877,0.127017819746879,8.04911692853238E-16));
#747=DIRECTION('',(-0.127017819746879,0.991900435258877,0.));
#748=DIRECTION('',(0.977555238947687,0.210679269995726,8.04911692853238E-16));
#749=DIRECTION('',(-0.210679269995726,0.977555238947686,0.));
#750=DIRECTION('',(0.956166734739251,0.29282277127655,8.04911692853238E-16));
#751=DIRECTION('',(-0.29282277127655,0.956166734739251,0.));
#752=DIRECTION('',(0.92788902729651,0.372856477780309,8.04911692853238E-16));
#753=DIRECTION('',(-0.372856477780308,0.927889027296509,0.));
#754=DIRECTION('',(0.892925858149569,0.450203744817674,8.04911692853238E-16));
#755=DIRECTION('',(-0.450203744817673,0.892925858149568,0.));
#756=DIRECTION('',(0.851529137733312,0.524307283557232,8.04911692853238E-16));
#757=DIRECTION('',(-0.524307283557231,0.851529137733311,0.));
#758=DIRECTION('',(0.803997130366941,0.594633176304287,8.04911692853238E-16));
#759=DIRECTION('',(-0.594633176304286,0.80399713036694,0.));
#760=DIRECTION('',(0.750672305252725,0.660674723390082,8.04911692853238E-16));
#761=DIRECTION('',(-0.660674723390081,0.750672305252724,0.));
#762=DIRECTION('',(0.691938868977547,0.721956093954525,8.04911692853238E-16));
#763=DIRECTION('',(-0.721956093954524,0.691938868977546,0.));
#764=DIRECTION('',(0.628219997295643,0.77803575431844,8.04911692853238E-16));
#765=DIRECTION('',(-0.778035754318439,0.628219997295642,0.));
#766=DIRECTION('',(0.559974786137596,0.828509649243842,8.04911692853238E-16));
#767=DIRECTION('',(-0.828509649243842,0.559974786137595,0.));
#768=DIRECTION('',(0.487694943813635,0.873014113161188,8.04911692853238E-16));
#769=DIRECTION('',(-0.873014113161188,0.487694943813635,0.));
#770=DIRECTION('',(0.411901248243993,0.911228490388136,8.04911692853238E-16));
#771=DIRECTION('',(-0.911228490388135,0.411901248243993,0.));
#772=DIRECTION('',(0.333139794742058,0.942877445461085,8.04911692853238E-16));
#773=DIRECTION('',(-0.942877445461084,0.333139794742057,0.));
#774=DIRECTION('',(0.251978061385126,0.967732946933499,8.04911692853238E-16));
#775=DIRECTION('',(-0.967732946933499,0.251978061385125,0.));
#776=DIRECTION('',(0.169000820321849,0.985615910347709,8.04911692853238E-16));
#777=DIRECTION('',(-0.985615910347708,0.169000820321849,0.));
#778=DIRECTION('',(0.0848059244755095,0.996397488542527,8.04911692853238E-16));
#779=DIRECTION('',(-0.996397488542526,0.0848059244755095,0.));
#780=DIRECTION('',(1.22464679914735E-16,1.,8.04911692853238E-16));
#781=DIRECTION('',(-1.,1.22464679914735E-16,0.));
#782=DIRECTION('',(-0.0848059244755089,0.996397488542527,8.04911692853238E-16));
#783=DIRECTION('',(-0.996397488542526,-0.0848059244755088,0.));
#784=DIRECTION('',(-0.169000820321849,0.985615910347709,8.04911692853238E-16));
#785=DIRECTION('',(-0.985615910347708,-0.169000820321849,0.));
#786=DIRECTION('',(-0.251978061385125,0.967732946933499,8.04911692853238E-16));
#787=DIRECTION('',(-0.967732946933499,-0.251978061385125,0.));
#788=DIRECTION('',(-0.333139794742058,0.942877445461085,8.04911692853238E-16));
#789=DIRECTION('',(-0.942877445461084,-0.333139794742057,0.));
#790=DIRECTION('',(-0.411901248243993,0.911228490388136,8.04911692853238E-16));
#791=DIRECTION('',(-0.911228490388135,-0.411901248243992,0.));
#792=DIRECTION('',(-0.487694943813635,0.873014113161189,8.04911692853238E-16));
#793=DIRECTION('',(-0.873014113161188,-0.487694943813634,0.));
#794=DIRECTION('',(-0.559974786137596,0.828509649243843,8.04911692853238E-16));
#795=DIRECTION('',(-0.828509649243842,-0.559974786137595,0.));
#796=DIRECTION('',(-0.628219997295642,0.77803575431844,8.04911692853238E-16));
#797=DIRECTION('',(-0.77803575431844,-0.628219997295642,0.));
#798=DIRECTION('',(-0.691938868977546,0.721956093954525,8.04911692853238E-16));
#799=DIRECTION('',(-0.721956093954524,-0.691938868977546,0.));
#800=DIRECTION('',(-0.750672305252724,0.660674723390082,8.04911692853238E-16));
#801=DIRECTION('',(-0.660674723390082,-0.750672305252724,0.));
#802=DIRECTION('',(-0.803997130366941,0.594633176304287,8.04911692853238E-16));
#803=DIRECTION('',(-0.594633176304286,-0.80399713036694,0.));
#804=DIRECTION('',(-0.851529137733311,0.524307283557232,8.04911692853238E-16));
#805=DIRECTION('',(-0.524307283557232,-0.851529137733311,0.));
#806=DIRECTION('',(-0.892925858149569,0.450203744817674,8.04911692853238E-16));
#807=DIRECTION('',(-0.450203744817673,-0.892925858149568,0.));
#808=DIRECTION('',(-0.92788902729651,0.372856477780309,8.04911692853238E-16));
#809=DIRECTION('',(-0.372856477780309,-0.927889027296509,0.));
#810=DIRECTION('',(-0.956166734739251,0.29282277127655,8.04911692853238E-16));
#811=DIRECTION('',(-0.29282277127655,-0.956166734739251,0.));
#812=DIRECTION('',(-0.977555238947686,0.210679269995727,8.04911692853238E-16));
#813=DIRECTION('',(-0.210679269995727,-0.977555238947686,0.));
#814=DIRECTION('',(-0.991900435258877,0.127017819746879,8.04911692853238E-16));
#815=DIRECTION('',(-0.127017819746879,-0.991900435258877,0.));
#816=DIRECTION('',(-0.999098966204682,0.0424412031961486,8.04911692853238E-16));
#817=DIRECTION('',(-0.0424412031961486,-0.999098966204681,0.));
#818=DIRECTION('',(-0.999098966204682,-0.0424412031961482,8.04911692853238E-16));
#819=DIRECTION('',(0.0424412031961482,-0.999098966204681,0.));
#820=DIRECTION('',(-0.991900435258877,-0.127017819746879,8.04911692853238E-16));
#821=DIRECTION('',(0.127017819746879,-0.991900435258877,0.));
#822=DIRECTION('',(-0.977555238947687,-0.210679269995726,8.04911692853238E-16));
#823=DIRECTION('',(0.210679269995726,-0.977555238947686,0.));
#824=DIRECTION('',(-0.956166734739252,-0.29282277127655,8.04911692853238E-16));
#825=DIRECTION('',(0.29282277127655,-0.956166734739251,0.));
#826=DIRECTION('',(-0.92788902729651,-0.372856477780309,8.04911692853238E-16));
#827=DIRECTION('',(0.372856477780308,-0.927889027296509,0.));
#828=DIRECTION('',(-0.892925858149569,-0.450203744817674,8.04911692853238E-16));
#829=DIRECTION('',(0.450203744817673,-0.892925858149568,0.));
#830=DIRECTION('',(-0.851529137733312,-0.524307283557231,8.04911692853238E-16));
#831=DIRECTION('',(0.524307283557231,-0.851529137733312,0.));
#832=DIRECTION('',(-0.803997130366941,-0.594633176304286,8.04911692853238E-16));
#833=DIRECTION('',(0.594633176304286,-0.803997130366941,0.));
#834=DIRECTION('',(-0.750672305252725,-0.660674723390081,8.04911692853238E-16));
#835=DIRECTION('',(0.660674723390081,-0.750672305252724,0.));
#836=DIRECTION('',(-0.691938868977547,-0.721956093954525,8.04911692853238E-16));
#837=DIRECTION('',(0.721956093954524,-0.691938868977546,0.));
#838=DIRECTION('',(-0.628219997295643,-0.77803575431844,8.04911692853238E-16));
#839=DIRECTION('',(0.778035754318439,-0.628219997295642,0.));
#840=DIRECTION('',(-0.559974786137596,-0.828509649243842,8.04911692853238E-16));
#841=DIRECTION('',(0.828509649243842,-0.559974786137596,0.));
#842=DIRECTION('',(-0.487694943813635,-0.873014113161188,8.04911692853238E-16));
#843=DIRECTION('',(0.873014113161188,-0.487694943813635,0.));
#844=DIRECTION('',(-0.411901248243993,-0.911228490388136,8.04911692853238E-16));
#845=DIRECTION('',(0.911228490388135,-0.411901248243993,0.));
#846=DIRECTION('',(-0.333139794742058,-0.942877445461085,8.04911692853238E-16));
#847=DIRECTION('',(0.942877445461084,-0.333139794742058,0.));
#848=DIRECTION('',(-0.251978061385126,-0.967732946933499,8.04911692853238E-16));
#849=DIRECTION('',(0.967732946933498,-0.251978061385126,0.));
#850=DIRECTION('',(-0.16900082032185,-0.985615910347709,8.04911692853238E-16));
#851=DIRECTION('',(0.985615910347708,-0.16900082032185,0.));
#852=DIRECTION('',(-0.0848059244755097,-0.996397488542527,8.04911692853238E-16));
#853=DIRECTION('',(0.996397488542526,-0.0848059244755096,0.));
#854=DIRECTION('',(0.,0.,1.));
#855=DIRECTION('',(1.,0.,0.));
#856=DIRECTION('',(0.,0.,1.));
#857=DIRECTION('',(1.,0.,0.));
#858=DIRECTION('',(0.,0.,1.));
#859=DIRECTION('',(1.,0.,0.));
#860=DIRECTION('',(0.,0.,1.));
#861=DIRECTION('',(1.,0.,0.));
#862=CARTESIAN_POINT('',(0.,0.,0.));
#863=CARTESIAN_POINT('',(0.,0.,0.));
#864=CARTESIAN_POINT('Origin',(80.3333944760917,67.6132067864604,0.));
#865=CARTESIAN_POINT('',(80.3333944760917,67.6132067864604,0.));
#866=CARTESIAN_POINT('',(80.3333944760917,-67.6132067864603,0.));
#867=CARTESIAN_POINT('',(80.3333944760917,150.,0.));
#868=CARTESIAN_POINT('',(80.3333944760917,-67.6132067864603,10.));
#869=CARTESIAN_POINT('',(80.3333944760917,-67.6132067864603,0.));
#870=CARTESIAN_POINT('',(80.3333944760917,67.6132067864604,10.));
#871=CARTESIAN_POINT('',(80.3333944760917,150.,10.));
#872=CARTESIAN_POINT('',(80.3333944760917,67.6132067864604,0.));
#873=CARTESIAN_POINT('Origin',(0.,0.,0.));
#874=CARTESIAN_POINT('Origin',(0.,0.,0.));
#875=CARTESIAN_POINT('Origin',(0.,0.,10.));
#876=CARTESIAN_POINT('Origin',(0.,0.,0.));
#877=CARTESIAN_POINT('',(123.333394476092,81.8099859858487,0.));
#878=CARTESIAN_POINT('',(123.333394476092,-81.8099859858487,0.));
#879=CARTESIAN_POINT('Origin',(0.,0.,0.));
#880=CARTESIAN_POINT('',(123.333394476092,-81.8099859858487,10.));
#881=CARTESIAN_POINT('',(123.333394476092,-81.8099859858487,0.));
#882=CARTESIAN_POINT('',(123.333394476092,81.8099859858487,10.));
#883=CARTESIAN_POINT('Origin',(0.,0.,10.));
#884=CARTESIAN_POINT('',(123.333394476092,81.8099859858487,0.));
#885=CARTESIAN_POINT('Origin',(123.333394476092,-81.8099859858487,0.));
#886=CARTESIAN_POINT('',(123.333394476092,150.,0.));
#887=CARTESIAN_POINT('',(123.333394476092,150.,10.));
#888=CARTESIAN_POINT('Origin',(-12.3333027619542,0.,10.));
#889=CARTESIAN_POINT('Origin',(-12.3333027619542,0.,0.));
#890=CARTESIAN_POINT('',(0.,0.,0.));
#891=CARTESIAN_POINT('Origin',(0.,0.,0.));
#892=CARTESIAN_POINT('',(-350.,-4.28626379701574E-14,20.));
#893=CARTESIAN_POINT('Origin',(0.,0.,20.));
#894=CARTESIAN_POINT('',(-350.,-4.28626379701574E-14,0.));
#895=CARTESIAN_POINT('',(-350.,-4.28626379701574E-14,0.));
#896=CARTESIAN_POINT('Origin',(0.,0.,0.));
#897=CARTESIAN_POINT('Origin',(0.,0.,0.));
#898=CARTESIAN_POINT('',(-360.,-4.40872847693047E-14,20.));
#899=CARTESIAN_POINT('Origin',(0.,0.,20.));
#900=CARTESIAN_POINT('',(-360.,-4.40872847693047E-14,0.));
#901=CARTESIAN_POINT('',(-360.,-4.40872847693047E-14,0.));
#902=CARTESIAN_POINT('Origin',(0.,0.,0.));
#903=CARTESIAN_POINT('Origin',(0.,0.,20.));
#904=CARTESIAN_POINT('Origin',(0.,0.,0.));
#905=CARTESIAN_POINT('',(0.,0.,0.));
#906=CARTESIAN_POINT('Ctrl Pts',(105.,0.,-6.12323399573677E-16));
#907=CARTESIAN_POINT('Ctrl Pts',(105.,8.73177958130104,0.137254901960784));
#908=CARTESIAN_POINT('Ctrl Pts',(102.808908112783,26.1918981173592,0.411764705882352));
#909=CARTESIAN_POINT('Ctrl Pts',(93.1643378164016,50.7731541750946,0.823529411764705));
#910=CARTESIAN_POINT('Ctrl Pts',(77.7344086101207,72.1879588071176,1.23529411764706));
#911=CARTESIAN_POINT('Ctrl Pts',(50.7824307858067,94.8337027319045,1.7843137254902));
#912=CARTESIAN_POINT('Ctrl Pts',(8.08595372384952,109.170498079975,2.47058823529411));
#913=CARTESIAN_POINT('Ctrl Pts',(-36.2619766019437,101.279908854018,3.15686274509804));
#914=CARTESIAN_POINT('Ctrl Pts',(-66.2500073677214,82.8504252670651,3.70588235294117));
#915=CARTESIAN_POINT('Ctrl Pts',(-84.6752169685244,63.9436340608677,4.11764705882353));
#916=CARTESIAN_POINT('Ctrl Pts',(-97.8178361630937,41.0481395538419,4.52941176470588));
#917=CARTESIAN_POINT('Ctrl Pts',(-107.337076373556,7.16053008524018,5.07843137254901));
#918=CARTESIAN_POINT('Ctrl Pts',(-102.790454373369,-37.6518795311291,5.76470588235294));
#919=CARTESIAN_POINT('Ctrl Pts',(-77.3157266336238,-74.79833346967,6.45098039215686));
#920=CARTESIAN_POINT('Ctrl Pts',(-48.1598718229916,-94.5194090131037,7.));
#921=CARTESIAN_POINT('Ctrl Pts',(-23.3378104164082,-103.508463340164,7.41176470588235));
#922=CARTESIAN_POINT('Ctrl Pts',(2.9400513743517,-106.040788286488,7.82352941176469));
#923=CARTESIAN_POINT('Ctrl Pts',(37.7376915236349,-100.739149609877,8.37254901960786));
#924=CARTESIAN_POINT('Ctrl Pts',(76.6880246421152,-78.1184731075665,9.05882352941175));
#925=CARTESIAN_POINT('Ctrl Pts',(100.024596749852,-39.5927983868892,9.7450980392157));
#926=CARTESIAN_POINT('Ctrl Pts',(105.968353221861,-4.89906515953589,10.2941176470588));
#927=CARTESIAN_POINT('Ctrl Pts',(103.922046196071,21.4210984636572,10.7058823529412));
#928=CARTESIAN_POINT('Ctrl Pts',(95.3932119772787,46.4050406954695,11.1176470588235));
#929=CARTESIAN_POINT('Ctrl Pts',(76.2142708123039,75.9203176989889,11.6666666666667));
#930=CARTESIAN_POINT('Ctrl Pts',(39.5449073108235,102.077172463385,12.3529411764706));
#931=CARTESIAN_POINT('Ctrl Pts',(-5.17583848765874,107.451014032026,13.0392156862745));
#932=CARTESIAN_POINT('Ctrl Pts',(-39.2335604948089,98.5597301875197,13.5882352941176));
#933=CARTESIAN_POINT('Ctrl Pts',(-62.3680181936585,85.8422126536627,14.));
#934=CARTESIAN_POINT('Ctrl Pts',(-81.6120366935311,67.7699649596067,14.4117647058824));
#935=CARTESIAN_POINT('Ctrl Pts',(-100.592565029362,38.1267043096816,14.9607843137255));
#936=CARTESIAN_POINT('Ctrl Pts',(-109.301208427847,-6.06586073346394,15.6470588235294));
#937=CARTESIAN_POINT('Ctrl Pts',(-95.7560177739786,-49.0234105366623,16.3333333333333));
#938=CARTESIAN_POINT('Ctrl Pts',(-73.6119399751191,-76.384389617037,16.8823529411765));
#939=CARTESIAN_POINT('Ctrl Pts',(-52.4863536796326,-92.2162558543299,17.2941176470588));
#940=CARTESIAN_POINT('Ctrl Pts',(-28.0867341037551,-102.295787066085,17.7058823529412));
#941=CARTESIAN_POINT('Ctrl Pts',(6.74568851310861,-107.36389247325,18.2549019607843));
#942=CARTESIAN_POINT('Ctrl Pts',(50.5971803183915,-97.0745804739111,18.9411764705882));
#943=CARTESIAN_POINT('Ctrl Pts',(84.1470362073047,-67.0207879545514,19.6274509803922));
#944=CARTESIAN_POINT('Ctrl Pts',(99.9422574802669,-35.5645589574157,20.1764705882353));
#945=CARTESIAN_POINT('Ctrl Pts',(105.654177232901,-9.79030130310263,20.5882352941177));
#946=CARTESIAN_POINT('Ctrl Pts',(104.775521184566,16.5946631357638,21.));
#947=CARTESIAN_POINT('Ctrl Pts',(95.0293104802495,50.4176543501554,21.5490196078431));
#948=CARTESIAN_POINT('Ctrl Pts',(67.5730745271472,86.1244937825753,22.2352941176471));
#949=CARTESIAN_POINT('Ctrl Pts',(26.3588938201251,104.29630116693,22.921568627451));
#950=CARTESIAN_POINT('Ctrl Pts',(-8.8117025339364,105.714930745568,23.4705882352941));
#951=CARTESIAN_POINT('Ctrl Pts',(-34.6479812194252,100.290441038942,23.8823529411765));
#952=CARTESIAN_POINT('Ctrl Pts',(-58.3229620503662,88.6099587053191,24.2941176470588));
#953=CARTESIAN_POINT('Ctrl Pts',(-85.1175615565724,65.7838159062444,24.843137254902));
#954=CARTESIAN_POINT('Ctrl Pts',(-106.325548663184,26.0466222729379,25.5294117647059));
#955=CARTESIAN_POINT('Ctrl Pts',(-105.885548984017,-18.9936893961374,26.2156862745098));
#956=CARTESIAN_POINT('Ctrl Pts',(-92.6751350651246,-51.6198801310865,26.7647058823529));
#957=CARTESIAN_POINT('Ctrl Pts',(-77.0795493458088,-72.9204925862014,27.1764705882353));
#958=CARTESIAN_POINT('Ctrl Pts',(-56.6758374740469,-89.6724156622439,27.5882352941176));
#959=CARTESIAN_POINT('Ctrl Pts',(-24.8317820085971,-104.670398503116,28.1372549019608));
#960=CARTESIAN_POINT('Ctrl Pts',(20.1149488731389,-107.60547226878,28.8235294117646));
#961=CARTESIAN_POINT('Ctrl Pts',(60.9662562853781,-88.6319655376609,29.5098039215687));
#962=CARTESIAN_POINT('Ctrl Pts',(85.2420573676393,-63.1433633869698,30.0588235294118));
#963=CARTESIAN_POINT('Ctrl Pts',(98.2164594609966,-40.1519894564844,30.4705882352941));
#964=CARTESIAN_POINT('Ctrl Pts',(105.064241311461,-14.6559845023752,30.8823529411765));
#965=CARTESIAN_POINT('Ctrl Pts',(105.596645927332,20.5391842442972,31.4313725490196));
#966=CARTESIAN_POINT('Ctrl Pts',(89.736496176177,62.6969702966509,32.1176470588235));
#967=CARTESIAN_POINT('Ctrl Pts',(55.6059071199991,92.0895912353051,32.8039215686274));
#968=CARTESIAN_POINT('Ctrl Pts',(22.3749333250866,103.695009729421,33.3529411764706));
#969=CARTESIAN_POINT('Ctrl Pts',(-3.92080573151421,106.034345609255,33.7647058823529));
#970=CARTESIAN_POINT('Ctrl Pts',(-29.9719698167204,101.759391258952,34.1764705882353));
#971=CARTESIAN_POINT('Ctrl Pts',(-62.2551060957835,87.731473745323,34.7254901960784));
#972=CARTESIAN_POINT('Ctrl Pts',(-94.1217710855776,55.8984886921846,35.4117647058823));
#973=CARTESIAN_POINT('Ctrl Pts',(-106.825150464976,12.6845160987263,36.0980392156863));
#974=CARTESIAN_POINT('Ctrl Pts',(-103.694947586953,-22.3752213179195,36.6470588235294));
#975=CARTESIAN_POINT('Ctrl Pts',(-94.9829214350413,-47.2958751058907,37.0588235294118));
#976=CARTESIAN_POINT('Ctrl Pts',(-80.3459791093377,-69.2662711934798,37.4705882352941));
#977=CARTESIAN_POINT('Ctrl Pts',(-54.2540733401235,-92.8924391246565,38.0196078431372));
#978=CARTESIAN_POINT('Ctrl Pts',(-12.1130823382361,-108.797160195583,38.7058823529412));
#979=CARTESIAN_POINT('Ctrl Pts',(32.4941441986667,-102.550671930123,39.3921568627451));
#980=CARTESIAN_POINT('Ctrl Pts',(63.1436001301242,-85.2418819987795,39.9411764705882));
#981=CARTESIAN_POINT('Ctrl Pts',(82.2544211432474,-67.0288398285133,40.3529411764706));
#982=CARTESIAN_POINT('Ctrl Pts',(96.2343139554437,-44.6346222299677,40.7647058823529));
#983=CARTESIAN_POINT('Ctrl Pts',(106.999125876768,-11.1219055080985,41.3137254901961));
#984=CARTESIAN_POINT('Ctrl Pts',(104.111583138084,33.8279039675529,42.));
#985=CARTESIAN_POINT('Ctrl Pts',(80.0268191825192,71.8903187644339,42.6862745098039));
#986=CARTESIAN_POINT('Ctrl Pts',(51.6196227435477,92.675278429043,43.2352941176471));
#987=CARTESIAN_POINT('Ctrl Pts',(27.1466610378868,102.575406218359,43.6470588235294));
#988=CARTESIAN_POINT('Ctrl Pts',(0.980324474749002,106.077008102657,44.0588235294118));
#989=CARTESIAN_POINT('Ctrl Pts',(-33.9894576988182,102.064815121881,44.6078431372548));
#990=CARTESIAN_POINT('Ctrl Pts',(-73.7490557201611,80.8988603797409,45.2941176470588));
#991=CARTESIAN_POINT('Ctrl Pts',(-98.4932731131738,43.2618177146691,45.9803921568627));
#992=CARTESIAN_POINT('Ctrl Pts',(-105.714955217967,8.81140893104178,46.5294117647059));
#993=CARTESIAN_POINT('Ctrl Pts',(-104.642615497838,-17.5663937146708,46.9411764705883));
#994=CARTESIAN_POINT('Ctrl Pts',(-97.042799936118,-42.8484266297539,47.3529411764706));
#995=CARTESIAN_POINT('Ctrl Pts',(-78.9675906575288,-73.0522371065289,47.9019607843138));
#996=CARTESIAN_POINT('Ctrl Pts',(-43.2898050701977,-100.546216275604,48.5882352941175));
#997=CARTESIAN_POINT('Ctrl Pts',(1.20182761128027,-107.568886444531,49.2745098039216));
#998=CARTESIAN_POINT('Ctrl Pts',(35.5648365276511,-99.9421587061649,49.8235294117647));
#999=CARTESIAN_POINT('Ctrl Pts',(59.1534261171652,-88.0881793714022,50.2352941176471));
#1000=CARTESIAN_POINT('Ctrl Pts',(79.0520987632794,-70.7393692734642,50.6470588235294));
#1001=CARTESIAN_POINT('Ctrl Pts',(99.1150274654685,-41.8177121689239,51.1960784313726));
#1002=CARTESIAN_POINT('Ctrl Pts',(109.45070492598,2.02287457894449,51.8823529411764));
#1003=CARTESIAN_POINT('Ctrl Pts',(97.5021106971217,45.4516020634011,52.5686274509804));
#1004=CARTESIAN_POINT('Ctrl Pts',(76.3841851737597,73.6121521178916,53.1176470588235));
#1005=CARTESIAN_POINT('Ctrl Pts',(55.8580375785601,90.213828231815,53.5294117647059));
#1006=CARTESIAN_POINT('Ctrl Pts',(31.8475352668992,101.188078257819,53.9411764705883));
#1007=CARTESIAN_POINT('Ctrl Pts',(-2.77382480644222,107.539832696851,54.4901960784313));
#1008=CARTESIAN_POINT('Ctrl Pts',(-46.9755741862029,98.8779260514333,55.1764705882353));
#1009=CARTESIAN_POINT('Ctrl Pts',(-81.6130502372764,70.0843759442239,55.8627450980391));
#1010=CARTESIAN_POINT('Ctrl Pts',(-98.5598391506441,39.2332867688398,56.4117647058824));
#1011=CARTESIAN_POINT('Ctrl Pts',(-105.220255471593,13.6876953816132,56.8235294117646));
#1012=CARTESIAN_POINT('Ctrl Pts',(-105.317163489837,-12.7117173718464,57.2352941176471));
#1013=CARTESIAN_POINT('Ctrl Pts',(-96.827419100464,-46.8717466163424,57.7843137254901));
#1014=CARTESIAN_POINT('Ctrl Pts',(-70.7093553606912,-83.5687495109968,58.4705882352942));
#1015=CARTESIAN_POINT('Ctrl Pts',(-30.1947969898097,-103.251072417034,59.156862745098));
#1016=CARTESIAN_POINT('Ctrl Pts',(4.89935947219959,-105.968339426685,59.7058823529412));
#1017=CARTESIAN_POINT('Ctrl Pts',(30.9184365612987,-101.502243556348,60.1176470588235));
#1018=CARTESIAN_POINT('Ctrl Pts',(55.0088601400331,-90.7045643293716,60.5294117647059));
#1019=CARTESIAN_POINT('Ctrl Pts',(82.6286207479812,-68.8841110402813,61.078431372549));
#1020=CARTESIAN_POINT('Ctrl Pts',(105.290472961179,-29.9577224429265,61.7647058823529));
#1021=CARTESIAN_POINT('Ctrl Pts',(106.515080824456,15.0680880500151,62.4509803921569));
#1022=CARTESIAN_POINT('Ctrl Pts',(94.5192754907698,48.1601416607843,63.));
#1023=CARTESIAN_POINT('Ctrl Pts',(79.7214301866583,70.0224873548562,63.4117647058823));
#1024=CARTESIAN_POINT('Ctrl Pts',(59.9506614982755,87.5169176217148,63.8235294117647));
#1025=CARTESIAN_POINT('Ctrl Pts',(28.6825515612935,103.68134333841,64.3725490196078));
#1026=CARTESIAN_POINT('Ctrl Pts',(-16.1250280300238,108.275261723937,65.0588235294117));
#1027=CARTESIAN_POINT('Ctrl Pts',(-57.6495359786066,90.8242298176805,65.7450980392157));
#1028=CARTESIAN_POINT('Ctrl Pts',(-82.8506002155501,66.250062098159,66.2941176470588));
#1029=CARTESIAN_POINT('Ctrl Pts',(-96.6657073123453,43.7538135043246,66.7058823529412));
#1030=CARTESIAN_POINT('Ctrl Pts',(-104.45092815114,18.5282565950566,67.1176470588235));
#1031=CARTESIAN_POINT('Ctrl Pts',(-106.283483423122,-16.6232028192674,67.6666666666667));
#1032=CARTESIAN_POINT('Ctrl Pts',(-91.9919586059308,-59.3382539530855,68.3529411764706));
#1033=CARTESIAN_POINT('Ctrl Pts',(-58.9707801040216,-89.9719779400601,69.0392156862745));
#1034=CARTESIAN_POINT('Ctrl Pts',(-26.191338679996,-102.797404939213,69.5882352941177));
#1035=CARTESIAN_POINT('Ctrl Pts',(-3.69405684016137E-13,-106.106810179023,
70.));
#1036=CARTESIAN_POINT('Ctrl Pts',(26.1913386799953,-102.797404939213,70.4117647058823));
#1037=CARTESIAN_POINT('Ctrl Pts',(58.970780104021,-89.9719779400605,70.9607843137255));
#1038=CARTESIAN_POINT('Ctrl Pts',(91.9919586059305,-59.3382539530862,71.6470588235293));
#1039=CARTESIAN_POINT('Ctrl Pts',(106.283483423122,-16.6232028192681,72.3333333333333));
#1040=CARTESIAN_POINT('Ctrl Pts',(104.45092815114,18.5282565950559,72.8823529411765));
#1041=CARTESIAN_POINT('Ctrl Pts',(96.6657073123457,43.7538135043239,73.2941176470588));
#1042=CARTESIAN_POINT('Ctrl Pts',(82.8506002155504,66.2500620981585,73.7058823529412));
#1043=CARTESIAN_POINT('Ctrl Pts',(57.6495359786073,90.8242298176801,74.2549019607843));
#1044=CARTESIAN_POINT('Ctrl Pts',(16.1250280300247,108.275261723937,74.9411764705882));
#1045=CARTESIAN_POINT('Ctrl Pts',(-28.6825515612923,103.68134333841,75.6274509803921));
#1046=CARTESIAN_POINT('Ctrl Pts',(-59.9506614982742,87.5169176217156,76.1764705882353));
#1047=CARTESIAN_POINT('Ctrl Pts',(-79.7214301866576,70.0224873548572,76.5882352941176));
#1048=CARTESIAN_POINT('Ctrl Pts',(-94.5192754907693,48.1601416607851,77.));
#1049=CARTESIAN_POINT('Ctrl Pts',(-106.515080824457,15.0680880500159,77.5490196078431));
#1050=CARTESIAN_POINT('Ctrl Pts',(-105.290472961179,-29.9577224429258,78.235294117647));
#1051=CARTESIAN_POINT('Ctrl Pts',(-82.6286207479818,-68.8841110402808,78.921568627451));
#1052=CARTESIAN_POINT('Ctrl Pts',(-55.0088601400337,-90.7045643293711,79.4705882352941));
#1053=CARTESIAN_POINT('Ctrl Pts',(-30.9184365612995,-101.502243556348,79.8823529411764));
#1054=CARTESIAN_POINT('Ctrl Pts',(-4.89935947220029,-105.968339426684,80.2941176470589));
#1055=CARTESIAN_POINT('Ctrl Pts',(30.194796989809,-103.251072417035,80.8431372549018));
#1056=CARTESIAN_POINT('Ctrl Pts',(70.7093553606907,-83.568749510997,81.5294117647061));
#1057=CARTESIAN_POINT('Ctrl Pts',(96.8274191004636,-46.8717466163432,82.2156862745096));
#1058=CARTESIAN_POINT('Ctrl Pts',(105.317163489837,-12.711717371847,82.7647058823531));
#1059=CARTESIAN_POINT('Ctrl Pts',(105.220255471593,13.6876953816124,83.1764705882351));
#1060=CARTESIAN_POINT('Ctrl Pts',(98.5598391506444,39.2332867688392,83.5882352941178));
#1061=CARTESIAN_POINT('Ctrl Pts',(81.6130502372769,70.0843759442231,84.1372549019607));
#1062=CARTESIAN_POINT('Ctrl Pts',(46.9755741862036,98.8779260514333,84.8235294117648));
#1063=CARTESIAN_POINT('Ctrl Pts',(2.77382480644298,107.539832696851,85.5098039215685));
#1064=CARTESIAN_POINT('Ctrl Pts',(-31.8475352668985,101.188078257819,86.0588235294119));
#1065=CARTESIAN_POINT('Ctrl Pts',(-55.8580375785594,90.2138282318151,86.470588235294));
#1066=CARTESIAN_POINT('Ctrl Pts',(-76.3841851737591,73.6121521178923,86.8823529411765));
#1067=CARTESIAN_POINT('Ctrl Pts',(-97.5021106971213,45.4516020634017,87.4313725490196));
#1068=CARTESIAN_POINT('Ctrl Pts',(-109.450704925981,2.02287457894512,88.1176470588235));
#1069=CARTESIAN_POINT('Ctrl Pts',(-99.1150274654686,-41.8177121689234,88.8039215686274));
#1070=CARTESIAN_POINT('Ctrl Pts',(-79.0520987632798,-70.7393692734638,89.3529411764706));
#1071=CARTESIAN_POINT('Ctrl Pts',(-59.1534261171658,-88.0881793714017,89.764705882353));
#1072=CARTESIAN_POINT('Ctrl Pts',(-35.5648365276517,-99.9421587061648,90.1764705882353));
#1073=CARTESIAN_POINT('Ctrl Pts',(-1.20182761128103,-107.56888644453,90.7254901960784));
#1074=CARTESIAN_POINT('Ctrl Pts',(43.289805070197,-100.546216275604,91.4117647058823));
#1075=CARTESIAN_POINT('Ctrl Pts',(78.9675906575282,-73.0522371065293,92.0980392156863));
#1076=CARTESIAN_POINT('Ctrl Pts',(97.0427999361177,-42.8484266297547,92.6470588235294));
#1077=CARTESIAN_POINT('Ctrl Pts',(104.642615497838,-17.5663937146714,93.0588235294119));
#1078=CARTESIAN_POINT('Ctrl Pts',(105.714955217967,8.81140893104094,93.470588235294));
#1079=CARTESIAN_POINT('Ctrl Pts',(98.4932731131741,43.2618177146686,94.0196078431374));
#1080=CARTESIAN_POINT('Ctrl Pts',(73.7490557201616,80.8988603797401,94.705882352941));
#1081=CARTESIAN_POINT('Ctrl Pts',(33.9894576988189,102.064815121881,95.3921568627452));
#1082=CARTESIAN_POINT('Ctrl Pts',(-0.980324474748265,106.077008102656,95.9411764705882));
#1083=CARTESIAN_POINT('Ctrl Pts',(-27.1466610378862,102.575406218359,96.3529411764707));
#1084=CARTESIAN_POINT('Ctrl Pts',(-51.6196227435469,92.6752784290433,96.7647058823528));
#1085=CARTESIAN_POINT('Ctrl Pts',(-80.0268191825186,71.8903187644347,97.3137254901961));
#1086=CARTESIAN_POINT('Ctrl Pts',(-104.111583138084,33.827903967554,97.9999999999999));
#1087=CARTESIAN_POINT('Ctrl Pts',(-106.999125876768,-11.1219055080974,98.6862745098039));
#1088=CARTESIAN_POINT('Ctrl Pts',(-96.2343139554441,-44.6346222299666,99.235294117647));
#1089=CARTESIAN_POINT('Ctrl Pts',(-82.254421143248,-67.0288398285129,99.6470588235295));
#1090=CARTESIAN_POINT('Ctrl Pts',(-63.1436001301246,-85.241881998779,100.058823529412));
#1091=CARTESIAN_POINT('Ctrl Pts',(-32.4941441986673,-102.550671930123,100.607843137255));
#1092=CARTESIAN_POINT('Ctrl Pts',(12.1130823382355,-108.797160195583,101.294117647059));
#1093=CARTESIAN_POINT('Ctrl Pts',(54.2540733401229,-92.8924391246569,101.980392156863));
#1094=CARTESIAN_POINT('Ctrl Pts',(80.3459791093372,-69.2662711934804,102.529411764706));
#1095=CARTESIAN_POINT('Ctrl Pts',(94.9829214350409,-47.2958751058913,102.941176470588));
#1096=CARTESIAN_POINT('Ctrl Pts',(103.694947586953,-22.3752213179202,103.352941176471));
#1097=CARTESIAN_POINT('Ctrl Pts',(106.825150464976,12.6845160987255,103.901960784314));
#1098=CARTESIAN_POINT('Ctrl Pts',(94.1217710855781,55.898488692184,104.588235294117));
#1099=CARTESIAN_POINT('Ctrl Pts',(62.255106095784,87.7314737453225,105.274509803922));
#1100=CARTESIAN_POINT('Ctrl Pts',(29.9719698167209,101.759391258952,105.823529411765));
#1101=CARTESIAN_POINT('Ctrl Pts',(3.92080573151413,106.034345609255,106.235294117647));
#1102=CARTESIAN_POINT('Ctrl Pts',(-22.3749333250868,103.695009729421,106.647058823529));
#1103=CARTESIAN_POINT('Ctrl Pts',(-55.6059071199994,92.089591235305,107.196078431373));
#1104=CARTESIAN_POINT('Ctrl Pts',(-89.7364961761768,62.696970296651,107.882352941176));
#1105=CARTESIAN_POINT('Ctrl Pts',(-105.596645927332,20.5391842442977,108.56862745098));
#1106=CARTESIAN_POINT('Ctrl Pts',(-105.064241311461,-14.6559845023746,109.117647058824));
#1107=CARTESIAN_POINT('Ctrl Pts',(-98.216459460997,-40.1519894564841,109.529411764706));
#1108=CARTESIAN_POINT('Ctrl Pts',(-85.2420573676393,-63.1433633869698,109.941176470588));
#1109=CARTESIAN_POINT('Ctrl Pts',(-60.9662562853782,-88.6319655376609,110.490196078431));
#1110=CARTESIAN_POINT('Ctrl Pts',(-20.1149488731392,-107.60547226878,111.176470588235));
#1111=CARTESIAN_POINT('Ctrl Pts',(24.8317820085966,-104.670398503116,111.862745098039));
#1112=CARTESIAN_POINT('Ctrl Pts',(56.6758374740464,-89.6724156622441,112.411764705882));
#1113=CARTESIAN_POINT('Ctrl Pts',(77.0795493458087,-72.9204925862018,112.823529411765));
#1114=CARTESIAN_POINT('Ctrl Pts',(92.6751350651245,-51.6198801310867,113.235294117647));
#1115=CARTESIAN_POINT('Ctrl Pts',(105.885548984017,-18.9936893961377,113.78431372549));
#1116=CARTESIAN_POINT('Ctrl Pts',(106.325548663184,26.0466222729372,114.470588235294));
#1117=CARTESIAN_POINT('Ctrl Pts',(85.117561556573,65.7838159062436,115.156862745098));
#1118=CARTESIAN_POINT('Ctrl Pts',(58.322962050367,88.6099587053186,115.705882352941));
#1119=CARTESIAN_POINT('Ctrl Pts',(34.6479812194259,100.290441038942,116.117647058824));
#1120=CARTESIAN_POINT('Ctrl Pts',(8.81170253393688,105.714930745568,116.529411764706));
#1121=CARTESIAN_POINT('Ctrl Pts',(-26.3588938201246,104.296301166929,117.078431372549));
#1122=CARTESIAN_POINT('Ctrl Pts',(-67.5730745271465,86.1244937825761,117.764705882353));
#1123=CARTESIAN_POINT('Ctrl Pts',(-95.0293104802491,50.4176543501562,118.450980392157));
#1124=CARTESIAN_POINT('Ctrl Pts',(-104.775521184566,16.5946631357651,119.));
#1125=CARTESIAN_POINT('Ctrl Pts',(-105.654177232902,-9.79030130310195,119.411764705883));
#1126=CARTESIAN_POINT('Ctrl Pts',(-99.9422574802669,-35.5645589574147,119.823529411765));
#1127=CARTESIAN_POINT('Ctrl Pts',(-84.1470362073055,-67.0207879545516,120.372549019608));
#1128=CARTESIAN_POINT('Ctrl Pts',(-50.5971803183915,-97.074580473909,121.058823529412));
#1129=CARTESIAN_POINT('Ctrl Pts',(-6.74568851311149,-107.363892473252,121.745098039216));
#1130=CARTESIAN_POINT('Ctrl Pts',(28.0867341037558,-102.295787066083,122.294117647059));
#1131=CARTESIAN_POINT('Ctrl Pts',(52.4863536796273,-92.2162558543367,122.705882352941));
#1132=CARTESIAN_POINT('Ctrl Pts',(73.6119399751266,-76.3843896170264,123.117647058824));
#1133=CARTESIAN_POINT('Ctrl Pts',(95.7560177739605,-49.0234105366877,123.666666666666));
#1134=CARTESIAN_POINT('Ctrl Pts',(109.301208427886,-6.0658607334112,124.352941176471));
#1135=CARTESIAN_POINT('Ctrl Pts',(100.592565029303,38.1267043095979,125.039215686274));
#1136=CARTESIAN_POINT('Ctrl Pts',(81.6120366936121,67.7699649597161,125.588235294118));
#1137=CARTESIAN_POINT('Ctrl Pts',(62.3680181934871,85.8422126534239,126.));
#1138=CARTESIAN_POINT('Ctrl Pts',(39.2335604951279,98.5597301879584,126.411764705882));
#1139=CARTESIAN_POINT('Ctrl Pts',(5.17583848696458,107.451014031065,126.960784313725));
#1140=CARTESIAN_POINT('Ctrl Pts',(-39.5449073093017,102.077172465486,127.64705882353));
#1141=CARTESIAN_POINT('Ctrl Pts',(-76.2142708146187,75.9203176957917,128.333333333333));
#1142=CARTESIAN_POINT('Ctrl Pts',(-95.3932119741646,46.4050406997708,128.882352941177));
#1143=CARTESIAN_POINT('Ctrl Pts',(-103.922046202774,21.4210984544005,129.294117647059));
#1144=CARTESIAN_POINT('Ctrl Pts',(-105.968353209504,-4.89906514246876,129.705882352941));
#1145=CARTESIAN_POINT('Ctrl Pts',(-100.024596776876,-39.5927984242083,130.254901960784));
#1146=CARTESIAN_POINT('Ctrl Pts',(-76.6880245830233,-78.1184730259615,130.941176470588));
#1147=CARTESIAN_POINT('Ctrl Pts',(-37.7376916136499,-100.739149734185,131.627450980392));
#1148=CARTESIAN_POINT('Ctrl Pts',(-2.94005125334223,-106.040788119377,132.176470588235));
#1149=CARTESIAN_POINT('Ctrl Pts',(23.3378101558494,-103.508463699989,132.588235294118));
#1150=CARTESIAN_POINT('Ctrl Pts',(48.1598723033048,-94.5194083498029,133.));
#1151=CARTESIAN_POINT('Ctrl Pts',(77.3157255833098,-74.7983349201271,133.549019607843));
#1152=CARTESIAN_POINT('Ctrl Pts',(102.790456670047,-37.6518763594746,134.235294117647));
#1153=CARTESIAN_POINT('Ctrl Pts',(107.33707287502,7.16052525384899,134.921568627451));
#1154=CARTESIAN_POINT('Ctrl Pts',(97.817840866255,41.0481460487872,135.470588235294));
#1155=CARTESIAN_POINT('Ctrl Pts',(84.6752068416092,63.9436200758898,135.882352941176));
#1156=CARTESIAN_POINT('Ctrl Pts',(66.2500260359275,82.8504510470305,136.294117647059));
#1157=CARTESIAN_POINT('Ctrl Pts',(36.2619357768766,101.279852479648,136.843137254902));
#1158=CARTESIAN_POINT('Ctrl Pts',(-8.08586442032673,109.17062135946,137.529411764706));
#1159=CARTESIAN_POINT('Ctrl Pts',(-50.7825669697539,94.8335149043833,138.21568627451));
#1160=CARTESIAN_POINT('Ctrl Pts',(-77.7342244813004,72.1882115613635,138.764705882353));
#1161=CARTESIAN_POINT('Ctrl Pts',(-93.1647482534762,50.7726065760651,139.176470588235));
#1162=CARTESIAN_POINT('Ctrl Pts',(-102.808034049473,26.1929363372588,139.588235294117));
#1163=CARTESIAN_POINT('Ctrl Pts',(-106.097700711584,7.25537898713568E-13,
140.));
#1164=CARTESIAN_POINT('Ctrl Pts',(-102.808034049473,-26.1929363372574,140.411764705882));
#1165=CARTESIAN_POINT('Ctrl Pts',(-93.1647482534768,-50.7726065760638,140.823529411765));
#1166=CARTESIAN_POINT('Ctrl Pts',(-77.7342244813015,-72.1882115613625,141.235294117647));
#1167=CARTESIAN_POINT('Ctrl Pts',(-50.7825669697552,-94.8335149043827,141.78431372549));
#1168=CARTESIAN_POINT('Ctrl Pts',(-8.08586442032818,-109.17062135946,142.470588235294));
#1169=CARTESIAN_POINT('Ctrl Pts',(36.2619357768752,-101.279852479648,143.156862745098));
#1170=CARTESIAN_POINT('Ctrl Pts',(66.2500260359265,-82.8504510470315,143.705882352941));
#1171=CARTESIAN_POINT('Ctrl Pts',(84.6752068416082,-63.9436200758907,144.117647058824));
#1172=CARTESIAN_POINT('Ctrl Pts',(97.8178408662545,-41.0481460487887,144.529411764706));
#1173=CARTESIAN_POINT('Ctrl Pts',(107.337072875019,-7.16052525385024,145.078431372549));
#1174=CARTESIAN_POINT('Ctrl Pts',(102.790456670047,37.6518763594729,145.764705882353));
#1175=CARTESIAN_POINT('Ctrl Pts',(77.3157255833109,74.7983349201263,146.450980392157));
#1176=CARTESIAN_POINT('Ctrl Pts',(48.159872303306,94.519408349802,147.));
#1177=CARTESIAN_POINT('Ctrl Pts',(23.3378101558509,103.508463699989,147.411764705882));
#1178=CARTESIAN_POINT('Ctrl Pts',(-2.94005125334081,106.040788119377,147.823529411765));
#1179=CARTESIAN_POINT('Ctrl Pts',(-37.7376916136485,100.739149734186,148.372549019608));
#1180=CARTESIAN_POINT('Ctrl Pts',(-76.6880245830224,78.1184730259624,149.058823529412));
#1181=CARTESIAN_POINT('Ctrl Pts',(-100.024596776876,39.5927984242097,149.745098039216));
#1182=CARTESIAN_POINT('Ctrl Pts',(-105.968353209503,4.8990651424707,150.294117647059));
#1183=CARTESIAN_POINT('Ctrl Pts',(-103.922046202775,-21.4210984543977,150.705882352941));
#1184=CARTESIAN_POINT('Ctrl Pts',(-95.393211974166,-46.4050406997676,151.117647058823));
#1185=CARTESIAN_POINT('Ctrl Pts',(-76.2142708146209,-75.9203176957898,151.666666666667));
#1186=CARTESIAN_POINT('Ctrl Pts',(-39.5449073093035,-102.077172465485,152.352941176471));
#1187=CARTESIAN_POINT('Ctrl Pts',(5.17583848696305,-107.451014031066,153.039215686274));
#1188=CARTESIAN_POINT('Ctrl Pts',(39.2335604951266,-98.5597301879589,153.588235294118));
#1189=CARTESIAN_POINT('Ctrl Pts',(62.3680181934858,-85.8422126534247,154.));
#1190=CARTESIAN_POINT('Ctrl Pts',(81.6120366936113,-67.7699649597172,154.411764705882));
#1191=CARTESIAN_POINT('Ctrl Pts',(100.592565029302,-38.1267043095992,154.960784313725));
#1192=CARTESIAN_POINT('Ctrl Pts',(109.301208427886,6.06586073340957,155.64705882353));
#1193=CARTESIAN_POINT('Ctrl Pts',(95.7560177739611,49.0234105366865,156.333333333333));
#1194=CARTESIAN_POINT('Ctrl Pts',(73.6119399751276,76.3843896170252,156.882352941177));
#1195=CARTESIAN_POINT('Ctrl Pts',(52.4863536796286,92.216255854336,157.294117647059));
#1196=CARTESIAN_POINT('Ctrl Pts',(28.0867341037572,102.295787066082,157.705882352941));
#1197=CARTESIAN_POINT('Ctrl Pts',(-6.74568851311003,107.363892473252,158.254901960784));
#1198=CARTESIAN_POINT('Ctrl Pts',(-50.5971803183901,97.0745804739098,158.941176470588));
#1199=CARTESIAN_POINT('Ctrl Pts',(-84.1470362073046,67.0207879545526,159.627450980392));
#1200=CARTESIAN_POINT('Ctrl Pts',(-99.9422574802664,35.5645589574162,160.176470588235));
#1201=CARTESIAN_POINT('Ctrl Pts',(-105.654177232901,9.79030130310334,160.588235294118));
#1202=CARTESIAN_POINT('Ctrl Pts',(-104.775521184566,-16.5946631357636,161.));
#1203=CARTESIAN_POINT('Ctrl Pts',(-95.0293104802497,-50.417654350155,161.549019607843));
#1204=CARTESIAN_POINT('Ctrl Pts',(-67.5730745271477,-86.124493782575,162.235294117647));
#1205=CARTESIAN_POINT('Ctrl Pts',(-26.358893820126,-104.296301166929,162.921568627451));
#1206=CARTESIAN_POINT('Ctrl Pts',(8.8117025339354,-105.714930745568,163.470588235294));
#1207=CARTESIAN_POINT('Ctrl Pts',(34.6479812194245,-100.290441038943,163.882352941176));
#1208=CARTESIAN_POINT('Ctrl Pts',(58.3229620503659,-88.6099587053195,164.294117647059));
#1209=CARTESIAN_POINT('Ctrl Pts',(85.1175615565719,-65.7838159062447,164.843137254902));
#1210=CARTESIAN_POINT('Ctrl Pts',(106.325548663184,-26.0466222729387,165.529411764706));
#1211=CARTESIAN_POINT('Ctrl Pts',(105.885548984017,18.9936893961362,166.21568627451));
#1212=CARTESIAN_POINT('Ctrl Pts',(92.6751350651252,51.6198801310854,166.764705882353));
#1213=CARTESIAN_POINT('Ctrl Pts',(77.0795493458096,72.9204925862007,167.176470588235));
#1214=CARTESIAN_POINT('Ctrl Pts',(56.6758374740477,89.6724156622434,167.588235294118));
#1215=CARTESIAN_POINT('Ctrl Pts',(24.831782008598,104.670398503115,168.137254901961));
#1216=CARTESIAN_POINT('Ctrl Pts',(-20.1149488731378,107.60547226878,168.823529411765));
#1217=CARTESIAN_POINT('Ctrl Pts',(-60.9662562853769,88.6319655376618,169.509803921569));
#1218=CARTESIAN_POINT('Ctrl Pts',(-85.2420573676385,63.1433633869709,170.058823529411));
#1219=CARTESIAN_POINT('Ctrl Pts',(-98.2164594609962,40.1519894564855,170.470588235294));
#1220=CARTESIAN_POINT('Ctrl Pts',(-105.064241311461,14.655984502376,170.882352941176));
#1221=CARTESIAN_POINT('Ctrl Pts',(-105.596645927332,-20.5391842442962,171.43137254902));
#1222=CARTESIAN_POINT('Ctrl Pts',(-89.736496176178,-62.6969702966498,172.117647058824));
#1223=CARTESIAN_POINT('Ctrl Pts',(-55.6059071200005,-92.0895912353043,172.803921568628));
#1224=CARTESIAN_POINT('Ctrl Pts',(-22.3749333250883,-103.695009729421,173.35294117647));
#1225=CARTESIAN_POINT('Ctrl Pts',(3.92080573151272,-106.034345609255,173.764705882353));
#1226=CARTESIAN_POINT('Ctrl Pts',(29.9719698167193,-101.759391258952,174.176470588235));
#1227=CARTESIAN_POINT('Ctrl Pts',(62.2551060957824,-87.7314737453237,174.725490196078));
#1228=CARTESIAN_POINT('Ctrl Pts',(94.1217710855772,-55.8984886921855,175.411764705882));
#1229=CARTESIAN_POINT('Ctrl Pts',(106.825150464976,-12.6845160987265,176.098039215686));
#1230=CARTESIAN_POINT('Ctrl Pts',(103.694947586953,22.3752213179198,176.647058823529));
#1231=CARTESIAN_POINT('Ctrl Pts',(94.9829214350413,47.2958751058907,177.058823529412));
#1232=CARTESIAN_POINT('Ctrl Pts',(80.3459791093379,69.2662711934796,177.470588235294));
#1233=CARTESIAN_POINT('Ctrl Pts',(54.2540733401237,92.8924391246565,178.019607843137));
#1234=CARTESIAN_POINT('Ctrl Pts',(12.1130823382363,108.797160195583,178.705882352941));
#1235=CARTESIAN_POINT('Ctrl Pts',(-32.4941441986668,102.550671930123,179.392156862745));
#1236=CARTESIAN_POINT('Ctrl Pts',(-63.143600130124,85.2418819987792,179.941176470588));
#1237=CARTESIAN_POINT('Ctrl Pts',(-82.2544211432473,67.0288398285138,180.352941176471));
#1238=CARTESIAN_POINT('Ctrl Pts',(-96.2343139554434,44.6346222299681,180.764705882353));
#1239=CARTESIAN_POINT('Ctrl Pts',(-106.999125876768,11.1219055080991,181.313725490196));
#1240=CARTESIAN_POINT('Ctrl Pts',(-104.111583138084,-33.8279039675526,182.));
#1241=CARTESIAN_POINT('Ctrl Pts',(-80.0268191825193,-71.8903187644338,182.686274509804));
#1242=CARTESIAN_POINT('Ctrl Pts',(-51.619622743548,-92.6752784290428,183.235294117647));
#1243=CARTESIAN_POINT('Ctrl Pts',(-27.1466610378875,-102.575406218359,183.647058823529));
#1244=CARTESIAN_POINT('Ctrl Pts',(-0.980324474749987,-106.077008102656,
184.058823529412));
#1245=CARTESIAN_POINT('Ctrl Pts',(33.9894576988173,-102.064815121881,184.607843137255));
#1246=CARTESIAN_POINT('Ctrl Pts',(73.7490557201605,-80.8988603797413,185.294117647059));
#1247=CARTESIAN_POINT('Ctrl Pts',(98.4932731131737,-43.2618177146696,185.980392156863));
#1248=CARTESIAN_POINT('Ctrl Pts',(105.714955217967,-8.81140893104219,186.529411764706));
#1249=CARTESIAN_POINT('Ctrl Pts',(104.642615497838,17.56639371467,186.941176470588));
#1250=CARTESIAN_POINT('Ctrl Pts',(97.0427999361185,42.8484266297531,187.352941176471));
#1251=CARTESIAN_POINT('Ctrl Pts',(78.9675906575293,73.052237106528,187.901960784314));
#1252=CARTESIAN_POINT('Ctrl Pts',(43.2898050701986,100.546216275603,188.588235294118));
#1253=CARTESIAN_POINT('Ctrl Pts',(-1.20182761127994,107.568886444531,189.274509803921));
#1254=CARTESIAN_POINT('Ctrl Pts',(-35.5648365276505,99.9421587061652,189.823529411765));
#1255=CARTESIAN_POINT('Ctrl Pts',(-59.1534261171646,88.0881793714025,190.235294117647));
#1256=CARTESIAN_POINT('Ctrl Pts',(-79.0520987632785,70.7393692734651,190.647058823529));
#1257=CARTESIAN_POINT('Ctrl Pts',(-99.1150274654681,41.817712168925,191.196078431372));
#1258=CARTESIAN_POINT('Ctrl Pts',(-109.45070492598,-2.02287457894336,191.882352941177));
#1259=CARTESIAN_POINT('Ctrl Pts',(-97.5021106971222,-45.4516020634001,192.56862745098));
#1260=CARTESIAN_POINT('Ctrl Pts',(-76.3841851737603,-73.6121521178908,193.117647058823));
#1261=CARTESIAN_POINT('Ctrl Pts',(-55.8580375785614,-90.213828231814,193.529411764706));
#1262=CARTESIAN_POINT('Ctrl Pts',(-31.8475352669008,-101.188078257818,193.941176470588));
#1263=CARTESIAN_POINT('Ctrl Pts',(2.77382480644045,-107.539832696851,194.490196078431));
#1264=CARTESIAN_POINT('Ctrl Pts',(46.9755741862015,-98.8779260514344,195.176470588236));
#1265=CARTESIAN_POINT('Ctrl Pts',(81.6130502372757,-70.0843759442245,195.862745098039));
#1266=CARTESIAN_POINT('Ctrl Pts',(98.5598391506435,-39.2332867688411,196.411764705882));
#1267=CARTESIAN_POINT('Ctrl Pts',(105.220255471593,-13.6876953816145,196.823529411765));
#1268=CARTESIAN_POINT('Ctrl Pts',(105.317163489837,12.7117173718445,197.235294117647));
#1269=CARTESIAN_POINT('Ctrl Pts',(96.8274191004649,46.8717466163415,197.78431372549));
#1270=CARTESIAN_POINT('Ctrl Pts',(70.7093553606915,83.5687495109962,198.470588235294));
#1271=CARTESIAN_POINT('Ctrl Pts',(30.19479698981,103.251072417035,199.156862745098));
#1272=CARTESIAN_POINT('Ctrl Pts',(-4.89935947219939,105.968339426684,199.705882352941));
#1273=CARTESIAN_POINT('Ctrl Pts',(-30.9184365612988,101.502243556348,200.117647058824));
#1274=CARTESIAN_POINT('Ctrl Pts',(-55.0088601400334,90.7045643293714,200.529411764706));
#1275=CARTESIAN_POINT('Ctrl Pts',(-82.6286207479814,68.8841110402811,201.078431372549));
#1276=CARTESIAN_POINT('Ctrl Pts',(-105.290472961179,29.9577224429266,201.764705882353));
#1277=CARTESIAN_POINT('Ctrl Pts',(-106.515080824457,-15.068088050015,202.450980392157));
#1278=CARTESIAN_POINT('Ctrl Pts',(-94.5192754907698,-48.160141660784,203.));
#1279=CARTESIAN_POINT('Ctrl Pts',(-79.7214301866583,-70.0224873548563,203.411764705882));
#1280=CARTESIAN_POINT('Ctrl Pts',(-59.9506614982752,-87.5169176217149,203.823529411765));
#1281=CARTESIAN_POINT('Ctrl Pts',(-28.6825515612935,-103.68134333841,204.372549019608));
#1282=CARTESIAN_POINT('Ctrl Pts',(16.1250280300233,-108.275261723937,205.058823529412));
#1283=CARTESIAN_POINT('Ctrl Pts',(57.6495359786058,-90.8242298176812,205.745098039216));
#1284=CARTESIAN_POINT('Ctrl Pts',(82.8506002155495,-66.2500620981597,206.294117647059));
#1285=CARTESIAN_POINT('Ctrl Pts',(96.6657073123451,-43.7538135043252,206.705882352941));
#1286=CARTESIAN_POINT('Ctrl Pts',(104.45092815114,-18.5282565950571,207.117647058823));
#1287=CARTESIAN_POINT('Ctrl Pts',(106.283483423122,16.6232028192669,207.666666666667));
#1288=CARTESIAN_POINT('Ctrl Pts',(91.9919586059313,59.3382539530848,208.352941176471));
#1289=CARTESIAN_POINT('Ctrl Pts',(58.9707801040225,89.9719779400596,209.039215686275));
#1290=CARTESIAN_POINT('Ctrl Pts',(26.191338679997,102.797404939213,209.588235294117));
#1291=CARTESIAN_POINT('Ctrl Pts',(1.08429869840709E-12,106.106810179023,
210.));
#1292=CARTESIAN_POINT('Ctrl Pts',(-26.1913386799949,102.797404939213,210.411764705882));
#1293=CARTESIAN_POINT('Ctrl Pts',(-58.9707801040206,89.9719779400607,210.960784313726));
#1294=CARTESIAN_POINT('Ctrl Pts',(-91.9919586059305,59.3382539530865,211.647058823529));
#1295=CARTESIAN_POINT('Ctrl Pts',(-106.283483423122,16.6232028192675,212.333333333333));
#1296=CARTESIAN_POINT('Ctrl Pts',(-104.45092815114,-18.5282565950574,212.882352941177));
#1297=CARTESIAN_POINT('Ctrl Pts',(-96.6657073123447,-43.753813504326,213.294117647059));
#1298=CARTESIAN_POINT('Ctrl Pts',(-82.8506002155492,-66.2500620981599,213.705882352941));
#1299=CARTESIAN_POINT('Ctrl Pts',(-57.6495359786063,-90.8242298176806,214.254901960784));
#1300=CARTESIAN_POINT('Ctrl Pts',(-16.1250280300245,-108.275261723937,214.941176470589));
#1301=CARTESIAN_POINT('Ctrl Pts',(28.6825515612929,-103.68134333841,215.627450980392));
#1302=CARTESIAN_POINT('Ctrl Pts',(59.9506614982756,-87.5169176217149,216.176470588235));
#1303=CARTESIAN_POINT('Ctrl Pts',(79.7214301866588,-70.0224873548556,216.588235294118));
#1304=CARTESIAN_POINT('Ctrl Pts',(94.5192754907699,-48.1601416607837,217.));
#1305=CARTESIAN_POINT('Ctrl Pts',(106.515080824456,-15.0680880500155,217.549019607843));
#1306=CARTESIAN_POINT('Ctrl Pts',(105.290472961179,29.9577224429253,218.235294117647));
#1307=CARTESIAN_POINT('Ctrl Pts',(82.6286207479819,68.8841110402807,218.921568627451));
#1308=CARTESIAN_POINT('Ctrl Pts',(55.0088601400331,90.7045643293716,219.470588235294));
#1309=CARTESIAN_POINT('Ctrl Pts',(30.918436561298,101.502243556348,219.882352941176));
#1310=CARTESIAN_POINT('Ctrl Pts',(4.89935947219905,105.968339426684,220.294117647059));
#1311=CARTESIAN_POINT('Ctrl Pts',(-30.1947969898093,103.251072417034,220.843137254902));
#1312=CARTESIAN_POINT('Ctrl Pts',(-70.7093553606902,83.5687495109975,221.529411764706));
#1313=CARTESIAN_POINT('Ctrl Pts',(-96.8274191004638,46.8717466163433,222.21568627451));
#1314=CARTESIAN_POINT('Ctrl Pts',(-105.317163489837,12.7117173718463,222.764705882353));
#1315=CARTESIAN_POINT('Ctrl Pts',(-105.220255471593,-13.687695381614,223.176470588235));
#1316=CARTESIAN_POINT('Ctrl Pts',(-98.5598391506437,-39.2332867688403,223.588235294118));
#1317=CARTESIAN_POINT('Ctrl Pts',(-81.6130502372767,-70.0843759442234,224.137254901961));
#1318=CARTESIAN_POINT('Ctrl Pts',(-46.975574186204,-98.8779260514329,224.823529411764));
#1319=CARTESIAN_POINT('Ctrl Pts',(-2.77382480644322,-107.539832696851,225.509803921569));
#1320=CARTESIAN_POINT('Ctrl Pts',(31.8475352668993,-101.188078257819,226.058823529412));
#1321=CARTESIAN_POINT('Ctrl Pts',(55.8580375785608,-90.2138282318145,226.470588235294));
#1322=CARTESIAN_POINT('Ctrl Pts',(76.38418517376,-73.6121521178913,226.882352941176));
#1323=CARTESIAN_POINT('Ctrl Pts',(97.502110697121,-45.4516020634015,227.431372549019));
#1324=CARTESIAN_POINT('Ctrl Pts',(109.450704925981,-2.02287457894615,228.117647058824));
#1325=CARTESIAN_POINT('Ctrl Pts',(99.115027465469,41.8177121689225,228.803921568627));
#1326=CARTESIAN_POINT('Ctrl Pts',(79.05209876328,70.7393692734639,229.352941176471));
#1327=CARTESIAN_POINT('Ctrl Pts',(59.153426117165,88.0881793714022,229.764705882353));
#1328=CARTESIAN_POINT('Ctrl Pts',(35.5648365276512,99.9421587061649,230.176470588236));
#1329=CARTESIAN_POINT('Ctrl Pts',(1.20182761128151,107.56888644453,230.725490196078));
#1330=CARTESIAN_POINT('Ctrl Pts',(-43.2898050701959,100.546216275605,231.411764705883));
#1331=CARTESIAN_POINT('Ctrl Pts',(-78.9675906575276,73.0522371065301,232.098039215686));
#1332=CARTESIAN_POINT('Ctrl Pts',(-97.0427999361179,42.8484266297547,232.647058823529));
#1333=CARTESIAN_POINT('Ctrl Pts',(-104.642615497838,17.5663937146707,233.058823529412));
#1334=CARTESIAN_POINT('Ctrl Pts',(-105.714955217967,-8.81140893104157,233.470588235294));
#1335=CARTESIAN_POINT('Ctrl Pts',(-98.4932731131742,-43.2618177146679,234.019607843137));
#1336=CARTESIAN_POINT('Ctrl Pts',(-73.7490557201624,-80.8988603797395,234.705882352942));
#1337=CARTESIAN_POINT('Ctrl Pts',(-33.98945769882,-102.064815121881,235.392156862745));
#1338=CARTESIAN_POINT('Ctrl Pts',(0.980324474748361,-106.077008102657,235.941176470589));
#1339=CARTESIAN_POINT('Ctrl Pts',(27.1466610378868,-102.575406218359,236.35294117647));
#1340=CARTESIAN_POINT('Ctrl Pts',(51.6196227435475,-92.6752784290433,236.764705882353));
#1341=CARTESIAN_POINT('Ctrl Pts',(80.0268191825178,-71.8903187644347,237.313725490196));
#1342=CARTESIAN_POINT('Ctrl Pts',(104.111583138084,-33.8279039675554,238.000000000001));
#1343=CARTESIAN_POINT('Ctrl Pts',(106.999125876768,11.1219055080964,238.686274509803));
#1344=CARTESIAN_POINT('Ctrl Pts',(96.2343139554443,44.6346222299667,239.235294117647));
#1345=CARTESIAN_POINT('Ctrl Pts',(82.2544211432477,67.0288398285131,239.647058823529));
#1346=CARTESIAN_POINT('Ctrl Pts',(63.1436001301245,85.241881998779,240.058823529412));
#1347=CARTESIAN_POINT('Ctrl Pts',(32.4941441986684,102.550671930122,240.607843137255));
#1348=CARTESIAN_POINT('Ctrl Pts',(-12.1130823382336,108.797160195583,241.294117647059));
#1349=CARTESIAN_POINT('Ctrl Pts',(-54.2540733401213,92.8924391246579,241.980392156863));
#1350=CARTESIAN_POINT('Ctrl Pts',(-80.345979109337,69.266271193481,242.529411764706));
#1351=CARTESIAN_POINT('Ctrl Pts',(-94.9829214350409,47.2958751058913,242.941176470588));
#1352=CARTESIAN_POINT('Ctrl Pts',(-103.694947586953,22.3752213179204,243.352941176471));
#1353=CARTESIAN_POINT('Ctrl Pts',(-106.825150464975,-12.6845160987242,243.901960784314));
#1354=CARTESIAN_POINT('Ctrl Pts',(-94.1217710855794,-55.8984886921824,244.588235294118));
#1355=CARTESIAN_POINT('Ctrl Pts',(-62.2551060957854,-87.7314737453215,245.274509803921));
#1356=CARTESIAN_POINT('Ctrl Pts',(-29.9719698167219,-101.759391258951,245.823529411765));
#1357=CARTESIAN_POINT('Ctrl Pts',(-3.92080573151486,-106.034345609255,246.235294117647));
#1358=CARTESIAN_POINT('Ctrl Pts',(22.3749333250857,-103.695009729421,246.647058823529));
#1359=CARTESIAN_POINT('Ctrl Pts',(55.6059071199972,-92.0895912353059,247.196078431373));
#1360=CARTESIAN_POINT('Ctrl Pts',(89.7364961761755,-62.6969702966535,247.882352941176));
#1361=CARTESIAN_POINT('Ctrl Pts',(105.596645927332,-20.5391842442998,248.568627450981));
#1362=CARTESIAN_POINT('Ctrl Pts',(105.064241311462,14.6559845023733,249.117647058824));
#1363=CARTESIAN_POINT('Ctrl Pts',(98.2164594609971,40.1519894564835,249.529411764706));
#1364=CARTESIAN_POINT('Ctrl Pts',(85.24205736764,63.1433633869687,249.941176470589));
#1365=CARTESIAN_POINT('Ctrl Pts',(60.96625628538,88.6319655376595,250.490196078431));
#1366=CARTESIAN_POINT('Ctrl Pts',(20.114948873142,107.60547226878,251.176470588236));
#1367=CARTESIAN_POINT('Ctrl Pts',(-24.8317820085943,104.670398503116,251.862745098039));
#1368=CARTESIAN_POINT('Ctrl Pts',(-56.6758374740455,89.672415662245,252.411764705883));
#1369=CARTESIAN_POINT('Ctrl Pts',(-77.0795493458081,72.9204925862022,252.823529411764));
#1370=CARTESIAN_POINT('Ctrl Pts',(-92.6751350651238,51.6198801310877,253.235294117647));
#1371=CARTESIAN_POINT('Ctrl Pts',(-105.885548984016,18.9936893961399,253.78431372549));
#1372=CARTESIAN_POINT('Ctrl Pts',(-106.325548663185,-26.0466222729345,254.470588235294));
#1373=CARTESIAN_POINT('Ctrl Pts',(-85.1175615565745,-65.7838159062419,255.156862745098));
#1374=CARTESIAN_POINT('Ctrl Pts',(-58.3229620503681,-88.609958705318,255.705882352941));
#1375=CARTESIAN_POINT('Ctrl Pts',(-34.6479812194265,-100.290441038942,256.117647058824));
#1376=CARTESIAN_POINT('Ctrl Pts',(-8.81170253393809,-105.714930745568,256.529411764706));
#1377=CARTESIAN_POINT('Ctrl Pts',(26.3588938201234,-104.29630116693,257.078431372549));
#1378=CARTESIAN_POINT('Ctrl Pts',(67.5730745271461,-86.1244937825766,257.764705882353));
#1379=CARTESIAN_POINT('Ctrl Pts',(95.0293104802489,-50.4176543501566,258.450980392157));
#1380=CARTESIAN_POINT('Ctrl Pts',(104.775521184566,-16.5946631357651,259.));
#1381=CARTESIAN_POINT('Ctrl Pts',(105.654177232902,9.79030130310094,259.411764705883));
#1382=CARTESIAN_POINT('Ctrl Pts',(99.9422574802671,35.564558957415,259.823529411764));
#1383=CARTESIAN_POINT('Ctrl Pts',(84.1470362073048,67.0207879545514,260.372549019608));
#1384=CARTESIAN_POINT('Ctrl Pts',(50.5971803183912,97.0745804739112,261.058823529411));
#1385=CARTESIAN_POINT('Ctrl Pts',(6.74568851310921,107.363892473249,261.745098039216));
#1386=CARTESIAN_POINT('Ctrl Pts',(-28.0867341037535,102.295787066085,262.294117647059));
#1387=CARTESIAN_POINT('Ctrl Pts',(-52.4863536796311,92.216255854331,262.705882352941));
#1388=CARTESIAN_POINT('Ctrl Pts',(-73.6119399751183,76.3843896170378,263.117647058824));
#1389=CARTESIAN_POINT('Ctrl Pts',(-95.7560177739788,49.0234105366624,263.666666666667));
#1390=CARTESIAN_POINT('Ctrl Pts',(-109.301208427847,6.06586073346382,264.352941176471));
#1391=CARTESIAN_POINT('Ctrl Pts',(-100.592565029362,-38.1267043096809,265.039215686275));
#1392=CARTESIAN_POINT('Ctrl Pts',(-81.6120366935322,-67.7699649596052,265.588235294117));
#1393=CARTESIAN_POINT('Ctrl Pts',(-62.3680181936601,-85.8422126536616,266.));
#1394=CARTESIAN_POINT('Ctrl Pts',(-39.2335604948102,-98.5597301875193,266.411764705882));
#1395=CARTESIAN_POINT('Ctrl Pts',(-5.17583848765904,-107.451014032026,266.960784313726));
#1396=CARTESIAN_POINT('Ctrl Pts',(39.5449073108233,-102.077172463386,267.647058823529));
#1397=CARTESIAN_POINT('Ctrl Pts',(76.2142708123032,-75.9203176989894,268.333333333334));
#1398=CARTESIAN_POINT('Ctrl Pts',(95.3932119772777,-46.4050406954713,268.882352941176));
#1399=CARTESIAN_POINT('Ctrl Pts',(103.922046196071,-21.4210984636593,269.294117647059));
#1400=CARTESIAN_POINT('Ctrl Pts',(105.968353221862,4.89906515953432,269.705882352941));
#1401=CARTESIAN_POINT('Ctrl Pts',(100.024596749853,39.5927983868888,270.254901960784));
#1402=CARTESIAN_POINT('Ctrl Pts',(76.6880246421155,78.118473107566,270.941176470589));
#1403=CARTESIAN_POINT('Ctrl Pts',(37.7376915236359,100.739149609876,271.627450980392));
#1404=CARTESIAN_POINT('Ctrl Pts',(2.94005137435389,106.040788286488,272.176470588235));
#1405=CARTESIAN_POINT('Ctrl Pts',(-23.3378104164058,103.508463340165,272.588235294117));
#1406=CARTESIAN_POINT('Ctrl Pts',(-48.1598718229901,94.5194090131043,273.));
#1407=CARTESIAN_POINT('Ctrl Pts',(-77.3157266336233,74.7983334696709,273.549019607843));
#1408=CARTESIAN_POINT('Ctrl Pts',(-102.790454373369,37.6518795311295,274.235294117648));
#1409=CARTESIAN_POINT('Ctrl Pts',(-107.337076373556,-7.16053008523869,274.921568627451));
#1410=CARTESIAN_POINT('Ctrl Pts',(-97.8178361630947,-41.0481395538397,275.470588235294));
#1411=CARTESIAN_POINT('Ctrl Pts',(-84.6752169685259,-63.9436340608655,275.882352941176));
#1412=CARTESIAN_POINT('Ctrl Pts',(-66.250007367723,-82.8504252670641,276.294117647059));
#1413=CARTESIAN_POINT('Ctrl Pts',(-36.2619766019447,-101.279908854018,276.843137254902));
#1414=CARTESIAN_POINT('Ctrl Pts',(8.0859537238487,-109.170498079975,277.529411764706));
#1415=CARTESIAN_POINT('Ctrl Pts',(50.7824307858051,-94.833702731905,278.21568627451));
#1416=CARTESIAN_POINT('Ctrl Pts',(77.7344086101189,-72.1879588071195,278.764705882353));
#1417=CARTESIAN_POINT('Ctrl Pts',(93.1643378164002,-50.7731541750972,279.176470588235));
#1418=CARTESIAN_POINT('Ctrl Pts',(102.808908112783,-26.1918981173614,279.588235294118));
#1419=CARTESIAN_POINT('Ctrl Pts',(105.,-8.73177958130272,279.862745098039));
#1420=CARTESIAN_POINT('Ctrl Pts',(105.,-1.44044460766465E-12,280.));
#1421=CARTESIAN_POINT('Ctrl Pts',(105.,0.,-0.747998250854713));
#1422=CARTESIAN_POINT('Ctrl Pts',(105.,8.73168751774696,-0.610743348893929));
#1423=CARTESIAN_POINT('Ctrl Pts',(102.808908112783,26.191961240411,-0.336233544972361));
#1424=CARTESIAN_POINT('Ctrl Pts',(93.1643378164016,50.7731251462155,0.0755311609099927));
#1425=CARTESIAN_POINT('Ctrl Pts',(77.7344086101207,72.187971760727,0.487295866792345));
#1426=CARTESIAN_POINT('Ctrl Pts',(50.7824307858067,94.8336931598854,1.03631547463548));
#1427=CARTESIAN_POINT('Ctrl Pts',(8.08595372384952,109.170504355817,1.7225899844394));
#1428=CARTESIAN_POINT('Ctrl Pts',(-36.2619766019437,101.279905985187,2.40886449424333));
#1429=CARTESIAN_POINT('Ctrl Pts',(-66.2500073677214,82.8504265788902,2.95788410208646));
#1430=CARTESIAN_POINT('Ctrl Pts',(-84.6752169685244,63.9436333492453,3.36964880796882));
#1431=CARTESIAN_POINT('Ctrl Pts',(-97.8178361630937,41.0481398843348,3.78141351385116));
#1432=CARTESIAN_POINT('Ctrl Pts',(-107.337076373556,7.16052983939679,4.33043312169431));
#1433=CARTESIAN_POINT('Ctrl Pts',(-102.790454373369,-37.6518793697407,5.01670763149822));
#1434=CARTESIAN_POINT('Ctrl Pts',(-77.3157266336238,-74.7983335434759,5.70298214130215));
#1435=CARTESIAN_POINT('Ctrl Pts',(-48.1598718229916,-94.5194089793518,6.25200174914529));
#1436=CARTESIAN_POINT('Ctrl Pts',(-23.3378104164082,-103.508463358474,6.66376645502765));
#1437=CARTESIAN_POINT('Ctrl Pts',(2.9400513743517,-106.040788277984,7.07553116090999));
#1438=CARTESIAN_POINT('Ctrl Pts',(37.7376915236349,-100.739149616202,7.62455076875314));
#1439=CARTESIAN_POINT('Ctrl Pts',(76.6880246421152,-78.1184731034138,8.31082527855704));
#1440=CARTESIAN_POINT('Ctrl Pts',(100.024596749852,-39.5927983887883,8.99709978836098));
#1441=CARTESIAN_POINT('Ctrl Pts',(105.968353221861,-4.89906515866741,9.54611939620411));
#1442=CARTESIAN_POINT('Ctrl Pts',(103.922046196071,21.4210984631861,9.95788410208647));
#1443=CARTESIAN_POINT('Ctrl Pts',(95.3932119772787,46.4050406956883,10.3696488079688));
#1444=CARTESIAN_POINT('Ctrl Pts',(76.2142708123039,75.9203176988261,10.918668415812));
#1445=CARTESIAN_POINT('Ctrl Pts',(39.5449073108235,102.077172463492,11.6049429256158));
#1446=CARTESIAN_POINT('Ctrl Pts',(-5.17583848765874,107.451014031977,12.2912174354198));
#1447=CARTESIAN_POINT('Ctrl Pts',(-39.2335604948089,98.559730187542,12.8402370432629));
#1448=CARTESIAN_POINT('Ctrl Pts',(-62.3680181936585,85.8422126536507,13.2520017491453));
#1449=CARTESIAN_POINT('Ctrl Pts',(-81.6120366935311,67.7699649596122,13.6637664550276));
#1450=CARTESIAN_POINT('Ctrl Pts',(-100.592565029362,38.1267043096775,14.2127860628708));
#1451=CARTESIAN_POINT('Ctrl Pts',(-109.301208427847,-6.0658607334612,14.8990605726747));
#1452=CARTESIAN_POINT('Ctrl Pts',(-95.7560177739786,-49.0234105366636,15.5853350824786));
#1453=CARTESIAN_POINT('Ctrl Pts',(-73.6119399751191,-76.3843896170364,16.1343546903218));
#1454=CARTESIAN_POINT('Ctrl Pts',(-52.4863536796326,-92.2162558543303,16.5461193962041));
#1455=CARTESIAN_POINT('Ctrl Pts',(-28.0867341037551,-102.295787066085,16.9578841020865));
#1456=CARTESIAN_POINT('Ctrl Pts',(6.74568851310861,-107.36389247325,17.5069037099296));
#1457=CARTESIAN_POINT('Ctrl Pts',(50.5971803183915,-97.074580473911,18.1931782197335));
#1458=CARTESIAN_POINT('Ctrl Pts',(84.1470362073047,-67.0207879545514,18.8794527295374));
#1459=CARTESIAN_POINT('Ctrl Pts',(99.9422574802669,-35.5645589574157,19.4284723373806));
#1460=CARTESIAN_POINT('Ctrl Pts',(105.654177232901,-9.79030130310263,19.8402370432629));
#1461=CARTESIAN_POINT('Ctrl Pts',(104.775521184566,16.5946631357638,20.2520017491453));
#1462=CARTESIAN_POINT('Ctrl Pts',(95.0293104802495,50.4176543501554,20.8010213569884));
#1463=CARTESIAN_POINT('Ctrl Pts',(67.5730745271472,86.1244937825753,21.4872958667924));
#1464=CARTESIAN_POINT('Ctrl Pts',(26.3588938201251,104.29630116693,22.1735703765963));
#1465=CARTESIAN_POINT('Ctrl Pts',(-8.8117025339364,105.714930745568,22.7225899844394));
#1466=CARTESIAN_POINT('Ctrl Pts',(-34.6479812194252,100.290441038942,23.1343546903218));
#1467=CARTESIAN_POINT('Ctrl Pts',(-58.3229620503662,88.6099587053191,23.5461193962041));
#1468=CARTESIAN_POINT('Ctrl Pts',(-85.1175615565724,65.7838159062444,24.0951390040473));
#1469=CARTESIAN_POINT('Ctrl Pts',(-106.325548663184,26.0466222729379,24.7814135138512));
#1470=CARTESIAN_POINT('Ctrl Pts',(-105.885548984017,-18.9936893961374,25.4676880236551));
#1471=CARTESIAN_POINT('Ctrl Pts',(-92.6751350651246,-51.6198801310865,26.0167076314982));
#1472=CARTESIAN_POINT('Ctrl Pts',(-77.0795493458088,-72.9204925862014,26.4284723373806));
#1473=CARTESIAN_POINT('Ctrl Pts',(-56.6758374740469,-89.6724156622439,26.8402370432629));
#1474=CARTESIAN_POINT('Ctrl Pts',(-24.8317820085971,-104.670398503116,27.3892566511061));
#1475=CARTESIAN_POINT('Ctrl Pts',(20.1149488731389,-107.60547226878,28.07553116091));
#1476=CARTESIAN_POINT('Ctrl Pts',(60.9662562853781,-88.6319655376609,28.7618056707139));
#1477=CARTESIAN_POINT('Ctrl Pts',(85.2420573676393,-63.1433633869698,29.310825278557));
#1478=CARTESIAN_POINT('Ctrl Pts',(98.2164594609966,-40.1519894564844,29.7225899844394));
#1479=CARTESIAN_POINT('Ctrl Pts',(105.064241311461,-14.6559845023752,30.1343546903217));
#1480=CARTESIAN_POINT('Ctrl Pts',(105.596645927332,20.5391842442972,30.6833742981649));
#1481=CARTESIAN_POINT('Ctrl Pts',(89.736496176177,62.6969702966509,31.3696488079688));
#1482=CARTESIAN_POINT('Ctrl Pts',(55.6059071199991,92.0895912353051,32.0559233177727));
#1483=CARTESIAN_POINT('Ctrl Pts',(22.3749333250866,103.695009729421,32.6049429256159));
#1484=CARTESIAN_POINT('Ctrl Pts',(-3.92080573151421,106.034345609255,33.0167076314982));
#1485=CARTESIAN_POINT('Ctrl Pts',(-29.9719698167204,101.759391258952,33.4284723373805));
#1486=CARTESIAN_POINT('Ctrl Pts',(-62.2551060957835,87.731473745323,33.9774919452238));
#1487=CARTESIAN_POINT('Ctrl Pts',(-94.1217710855776,55.8984886921846,34.6637664550276));
#1488=CARTESIAN_POINT('Ctrl Pts',(-106.825150464976,12.6845160987263,35.3500409648316));
#1489=CARTESIAN_POINT('Ctrl Pts',(-103.694947586953,-22.3752213179195,35.8990605726747));
#1490=CARTESIAN_POINT('Ctrl Pts',(-94.9829214350413,-47.2958751058907,36.310825278557));
#1491=CARTESIAN_POINT('Ctrl Pts',(-80.3459791093377,-69.2662711934798,36.7225899844394));
#1492=CARTESIAN_POINT('Ctrl Pts',(-54.2540733401235,-92.8924391246565,37.2716095922826));
#1493=CARTESIAN_POINT('Ctrl Pts',(-12.1130823382361,-108.797160195583,37.9578841020865));
#1494=CARTESIAN_POINT('Ctrl Pts',(32.4941441986667,-102.550671930123,38.6441586118904));
#1495=CARTESIAN_POINT('Ctrl Pts',(63.1436001301242,-85.2418819987795,39.1931782197335));
#1496=CARTESIAN_POINT('Ctrl Pts',(82.2544211432474,-67.0288398285133,39.6049429256159));
#1497=CARTESIAN_POINT('Ctrl Pts',(96.2343139554437,-44.6346222299677,40.0167076314982));
#1498=CARTESIAN_POINT('Ctrl Pts',(106.999125876768,-11.1219055080985,40.5657272393414));
#1499=CARTESIAN_POINT('Ctrl Pts',(104.111583138084,33.8279039675529,41.2520017491452));
#1500=CARTESIAN_POINT('Ctrl Pts',(80.0268191825192,71.8903187644339,41.9382762589493));
#1501=CARTESIAN_POINT('Ctrl Pts',(51.6196227435477,92.675278429043,42.4872958667923));
#1502=CARTESIAN_POINT('Ctrl Pts',(27.1466610378868,102.575406218359,42.8990605726747));
#1503=CARTESIAN_POINT('Ctrl Pts',(0.980324474749002,106.077008102657,43.3108252785571));
#1504=CARTESIAN_POINT('Ctrl Pts',(-33.9894576988182,102.064815121881,43.8598448864002));
#1505=CARTESIAN_POINT('Ctrl Pts',(-73.7490557201611,80.8988603797409,44.5461193962041));
#1506=CARTESIAN_POINT('Ctrl Pts',(-98.4932731131738,43.2618177146691,45.2323939060081));
#1507=CARTESIAN_POINT('Ctrl Pts',(-105.714955217967,8.81140893104178,45.7814135138511));
#1508=CARTESIAN_POINT('Ctrl Pts',(-104.642615497838,-17.5663937146708,46.1931782197335));
#1509=CARTESIAN_POINT('Ctrl Pts',(-97.042799936118,-42.8484266297539,46.6049429256159));
#1510=CARTESIAN_POINT('Ctrl Pts',(-78.9675906575288,-73.0522371065289,47.153962533459));
#1511=CARTESIAN_POINT('Ctrl Pts',(-43.2898050701977,-100.546216275604,47.8402370432629));
#1512=CARTESIAN_POINT('Ctrl Pts',(1.20182761128027,-107.568886444531,48.5265115530668));
#1513=CARTESIAN_POINT('Ctrl Pts',(35.5648365276511,-99.9421587061649,49.07553116091));
#1514=CARTESIAN_POINT('Ctrl Pts',(59.1534261171652,-88.0881793714022,49.4872958667923));
#1515=CARTESIAN_POINT('Ctrl Pts',(79.0520987632794,-70.7393692734642,49.8990605726747));
#1516=CARTESIAN_POINT('Ctrl Pts',(99.1150274654685,-41.8177121689239,50.4480801805178));
#1517=CARTESIAN_POINT('Ctrl Pts',(109.45070492598,2.02287457894449,51.1343546903218));
#1518=CARTESIAN_POINT('Ctrl Pts',(97.5021106971217,45.4516020634011,51.8206292001257));
#1519=CARTESIAN_POINT('Ctrl Pts',(76.3841851737597,73.6121521178916,52.3696488079688));
#1520=CARTESIAN_POINT('Ctrl Pts',(55.8580375785601,90.213828231815,52.7814135138512));
#1521=CARTESIAN_POINT('Ctrl Pts',(31.8475352668992,101.188078257819,53.1931782197335));
#1522=CARTESIAN_POINT('Ctrl Pts',(-2.77382480644222,107.539832696851,53.7421978275766));
#1523=CARTESIAN_POINT('Ctrl Pts',(-46.9755741862029,98.8779260514333,54.4284723373805));
#1524=CARTESIAN_POINT('Ctrl Pts',(-81.6130502372764,70.0843759442239,55.1147468471845));
#1525=CARTESIAN_POINT('Ctrl Pts',(-98.5598391506441,39.2332867688398,55.6637664550276));
#1526=CARTESIAN_POINT('Ctrl Pts',(-105.220255471593,13.6876953816132,56.0755311609101));
#1527=CARTESIAN_POINT('Ctrl Pts',(-105.317163489837,-12.7117173718464,56.4872958667923));
#1528=CARTESIAN_POINT('Ctrl Pts',(-96.827419100464,-46.8717466163424,57.0363154746355));
#1529=CARTESIAN_POINT('Ctrl Pts',(-70.7093553606912,-83.5687495109968,57.7225899844394));
#1530=CARTESIAN_POINT('Ctrl Pts',(-30.1947969898097,-103.251072417034,58.4088644942434));
#1531=CARTESIAN_POINT('Ctrl Pts',(4.89935947219959,-105.968339426685,58.9578841020864));
#1532=CARTESIAN_POINT('Ctrl Pts',(30.9184365612987,-101.502243556348,59.3696488079689));
#1533=CARTESIAN_POINT('Ctrl Pts',(55.0088601400331,-90.7045643293716,59.7814135138511));
#1534=CARTESIAN_POINT('Ctrl Pts',(82.6286207479812,-68.8841110402813,60.3304331216944));
#1535=CARTESIAN_POINT('Ctrl Pts',(105.290472961179,-29.9577224429265,61.0167076314981));
#1536=CARTESIAN_POINT('Ctrl Pts',(106.515080824456,15.0680880500151,61.7029821413022));
#1537=CARTESIAN_POINT('Ctrl Pts',(94.5192754907698,48.1601416607843,62.2520017491453));
#1538=CARTESIAN_POINT('Ctrl Pts',(79.7214301866583,70.0224873548562,62.6637664550276));
#1539=CARTESIAN_POINT('Ctrl Pts',(59.9506614982755,87.5169176217148,63.0755311609099));
#1540=CARTESIAN_POINT('Ctrl Pts',(28.6825515612935,103.68134333841,63.6245507687532));
#1541=CARTESIAN_POINT('Ctrl Pts',(-16.1250280300238,108.275261723937,64.3108252785569));
#1542=CARTESIAN_POINT('Ctrl Pts',(-57.6495359786066,90.8242298176805,64.9970997883611));
#1543=CARTESIAN_POINT('Ctrl Pts',(-82.8506002155501,66.250062098159,65.546119396204));
#1544=CARTESIAN_POINT('Ctrl Pts',(-96.6657073123453,43.7538135043246,65.9578841020865));
#1545=CARTESIAN_POINT('Ctrl Pts',(-104.45092815114,18.5282565950566,66.3696488079688));
#1546=CARTESIAN_POINT('Ctrl Pts',(-106.283483423122,-16.6232028192674,66.9186684158119));
#1547=CARTESIAN_POINT('Ctrl Pts',(-91.9919586059308,-59.3382539530855,67.6049429256159));
#1548=CARTESIAN_POINT('Ctrl Pts',(-58.9707801040216,-89.9719779400601,68.2912174354197));
#1549=CARTESIAN_POINT('Ctrl Pts',(-26.191338679996,-102.797404939213,68.8402370432629));
#1550=CARTESIAN_POINT('Ctrl Pts',(-3.69405684016137E-13,-106.106810179023,
69.2520017491453));
#1551=CARTESIAN_POINT('Ctrl Pts',(26.1913386799953,-102.797404939213,69.6637664550276));
#1552=CARTESIAN_POINT('Ctrl Pts',(58.970780104021,-89.9719779400605,70.2127860628708));
#1553=CARTESIAN_POINT('Ctrl Pts',(91.9919586059305,-59.3382539530862,70.8990605726746));
#1554=CARTESIAN_POINT('Ctrl Pts',(106.283483423122,-16.6232028192681,71.5853350824786));
#1555=CARTESIAN_POINT('Ctrl Pts',(104.45092815114,18.5282565950559,72.1343546903218));
#1556=CARTESIAN_POINT('Ctrl Pts',(96.6657073123457,43.7538135043239,72.5461193962041));
#1557=CARTESIAN_POINT('Ctrl Pts',(82.8506002155504,66.2500620981585,72.9578841020865));
#1558=CARTESIAN_POINT('Ctrl Pts',(57.6495359786073,90.8242298176801,73.5069037099296));
#1559=CARTESIAN_POINT('Ctrl Pts',(16.1250280300247,108.275261723937,74.1931782197336));
#1560=CARTESIAN_POINT('Ctrl Pts',(-28.6825515612923,103.68134333841,74.8794527295373));
#1561=CARTESIAN_POINT('Ctrl Pts',(-59.9506614982742,87.5169176217156,75.4284723373806));
#1562=CARTESIAN_POINT('Ctrl Pts',(-79.7214301866576,70.0224873548572,75.8402370432629));
#1563=CARTESIAN_POINT('Ctrl Pts',(-94.5192754907693,48.1601416607851,76.2520017491453));
#1564=CARTESIAN_POINT('Ctrl Pts',(-106.515080824457,15.0680880500159,76.8010213569885));
#1565=CARTESIAN_POINT('Ctrl Pts',(-105.290472961179,-29.9577224429258,77.4872958667922));
#1566=CARTESIAN_POINT('Ctrl Pts',(-82.6286207479818,-68.8841110402808,78.1735703765963));
#1567=CARTESIAN_POINT('Ctrl Pts',(-55.0088601400337,-90.7045643293711,78.7225899844394));
#1568=CARTESIAN_POINT('Ctrl Pts',(-30.9184365612995,-101.502243556348,79.1343546903217));
#1569=CARTESIAN_POINT('Ctrl Pts',(-4.89935947220029,-105.968339426684,79.5461193962042));
#1570=CARTESIAN_POINT('Ctrl Pts',(30.194796989809,-103.251072417035,80.0951390040471));
#1571=CARTESIAN_POINT('Ctrl Pts',(70.7093553606907,-83.568749510997,80.7814135138513));
#1572=CARTESIAN_POINT('Ctrl Pts',(96.8274191004636,-46.8717466163432,81.467688023655));
#1573=CARTESIAN_POINT('Ctrl Pts',(105.317163489837,-12.711717371847,82.0167076314984));
#1574=CARTESIAN_POINT('Ctrl Pts',(105.220255471593,13.6876953816124,82.4284723373805));
#1575=CARTESIAN_POINT('Ctrl Pts',(98.5598391506444,39.2332867688392,82.840237043263));
#1576=CARTESIAN_POINT('Ctrl Pts',(81.6130502372769,70.0843759442231,83.3892566511059));
#1577=CARTESIAN_POINT('Ctrl Pts',(46.9755741862036,98.8779260514333,84.0755311609101));
#1578=CARTESIAN_POINT('Ctrl Pts',(2.77382480644298,107.539832696851,84.7618056707137));
#1579=CARTESIAN_POINT('Ctrl Pts',(-31.8475352668985,101.188078257819,85.3108252785572));
#1580=CARTESIAN_POINT('Ctrl Pts',(-55.8580375785594,90.2138282318151,85.7225899844393));
#1581=CARTESIAN_POINT('Ctrl Pts',(-76.3841851737591,73.6121521178923,86.1343546903219));
#1582=CARTESIAN_POINT('Ctrl Pts',(-97.5021106971213,45.4516020634017,86.6833742981648));
#1583=CARTESIAN_POINT('Ctrl Pts',(-109.450704925981,2.02287457894512,87.3696488079688));
#1584=CARTESIAN_POINT('Ctrl Pts',(-99.1150274654686,-41.8177121689234,88.0559233177728));
#1585=CARTESIAN_POINT('Ctrl Pts',(-79.0520987632798,-70.7393692734638,88.6049429256158));
#1586=CARTESIAN_POINT('Ctrl Pts',(-59.1534261171658,-88.0881793714017,89.0167076314983));
#1587=CARTESIAN_POINT('Ctrl Pts',(-35.5648365276517,-99.9421587061648,89.4284723373805));
#1588=CARTESIAN_POINT('Ctrl Pts',(-1.20182761128103,-107.56888644453,89.9774919452236));
#1589=CARTESIAN_POINT('Ctrl Pts',(43.289805070197,-100.546216275604,90.6637664550277));
#1590=CARTESIAN_POINT('Ctrl Pts',(78.9675906575282,-73.0522371065293,91.3500409648314));
#1591=CARTESIAN_POINT('Ctrl Pts',(97.0427999361177,-42.8484266297547,91.8990605726748));
#1592=CARTESIAN_POINT('Ctrl Pts',(104.642615497838,-17.5663937146714,92.310825278557));
#1593=CARTESIAN_POINT('Ctrl Pts',(105.714955217967,8.81140893104094,92.7225899844393));
#1594=CARTESIAN_POINT('Ctrl Pts',(98.4932731131741,43.2618177146686,93.2716095922826));
#1595=CARTESIAN_POINT('Ctrl Pts',(73.7490557201616,80.8988603797401,93.9578841020864));
#1596=CARTESIAN_POINT('Ctrl Pts',(33.9894576988189,102.064815121881,94.6441586118904));
#1597=CARTESIAN_POINT('Ctrl Pts',(-0.980324474748265,106.077008102656,95.1931782197335));
#1598=CARTESIAN_POINT('Ctrl Pts',(-27.1466610378862,102.575406218359,95.6049429256159));
#1599=CARTESIAN_POINT('Ctrl Pts',(-51.6196227435469,92.6752784290433,96.0167076314982));
#1600=CARTESIAN_POINT('Ctrl Pts',(-80.0268191825186,71.8903187644347,96.5657272393413));
#1601=CARTESIAN_POINT('Ctrl Pts',(-104.111583138084,33.827903967554,97.2520017491453));
#1602=CARTESIAN_POINT('Ctrl Pts',(-106.999125876768,-11.1219055080974,97.9382762589491));
#1603=CARTESIAN_POINT('Ctrl Pts',(-96.2343139554441,-44.6346222299666,98.4872958667924));
#1604=CARTESIAN_POINT('Ctrl Pts',(-82.254421143248,-67.0288398285129,98.8990605726747));
#1605=CARTESIAN_POINT('Ctrl Pts',(-63.1436001301246,-85.241881998779,99.3108252785569));
#1606=CARTESIAN_POINT('Ctrl Pts',(-32.4941441986673,-102.550671930123,99.8598448864004));
#1607=CARTESIAN_POINT('Ctrl Pts',(12.1130823382355,-108.797160195583,100.546119396204));
#1608=CARTESIAN_POINT('Ctrl Pts',(54.2540733401229,-92.8924391246569,101.232393906008));
#1609=CARTESIAN_POINT('Ctrl Pts',(80.3459791093372,-69.2662711934804,101.781413513851));
#1610=CARTESIAN_POINT('Ctrl Pts',(94.9829214350409,-47.2958751058913,102.193178219734));
#1611=CARTESIAN_POINT('Ctrl Pts',(103.694947586953,-22.3752213179202,102.604942925616));
#1612=CARTESIAN_POINT('Ctrl Pts',(106.825150464976,12.6845160987255,103.153962533459));
#1613=CARTESIAN_POINT('Ctrl Pts',(94.1217710855781,55.898488692184,103.840237043263));
#1614=CARTESIAN_POINT('Ctrl Pts',(62.255106095784,87.7314737453225,104.526511553067));
#1615=CARTESIAN_POINT('Ctrl Pts',(29.9719698167209,101.759391258952,105.07553116091));
#1616=CARTESIAN_POINT('Ctrl Pts',(3.92080573151413,106.034345609255,105.487295866792));
#1617=CARTESIAN_POINT('Ctrl Pts',(-22.3749333250868,103.695009729421,105.899060572675));
#1618=CARTESIAN_POINT('Ctrl Pts',(-55.6059071199994,92.089591235305,106.448080180518));
#1619=CARTESIAN_POINT('Ctrl Pts',(-89.7364961761768,62.696970296651,107.134354690322));
#1620=CARTESIAN_POINT('Ctrl Pts',(-105.596645927332,20.5391842442977,107.820629200126));
#1621=CARTESIAN_POINT('Ctrl Pts',(-105.064241311461,-14.6559845023746,108.369648807969));
#1622=CARTESIAN_POINT('Ctrl Pts',(-98.216459460997,-40.1519894564841,108.781413513851));
#1623=CARTESIAN_POINT('Ctrl Pts',(-85.2420573676393,-63.1433633869698,109.193178219734));
#1624=CARTESIAN_POINT('Ctrl Pts',(-60.9662562853782,-88.6319655376609,109.742197827577));
#1625=CARTESIAN_POINT('Ctrl Pts',(-20.1149488731392,-107.60547226878,110.42847233738));
#1626=CARTESIAN_POINT('Ctrl Pts',(24.8317820085966,-104.670398503116,111.114746847185));
#1627=CARTESIAN_POINT('Ctrl Pts',(56.6758374740464,-89.6724156622441,111.663766455028));
#1628=CARTESIAN_POINT('Ctrl Pts',(77.0795493458087,-72.9204925862018,112.07553116091));
#1629=CARTESIAN_POINT('Ctrl Pts',(92.6751350651245,-51.6198801310867,112.487295866792));
#1630=CARTESIAN_POINT('Ctrl Pts',(105.885548984017,-18.9936893961377,113.036315474636));
#1631=CARTESIAN_POINT('Ctrl Pts',(106.325548663184,26.0466222729372,113.722589984439));
#1632=CARTESIAN_POINT('Ctrl Pts',(85.117561556573,65.7838159062436,114.408864494243));
#1633=CARTESIAN_POINT('Ctrl Pts',(58.322962050367,88.6099587053186,114.957884102086));
#1634=CARTESIAN_POINT('Ctrl Pts',(34.6479812194259,100.290441038942,115.369648807969));
#1635=CARTESIAN_POINT('Ctrl Pts',(8.81170253393688,105.714930745568,115.781413513851));
#1636=CARTESIAN_POINT('Ctrl Pts',(-26.3588938201246,104.296301166929,116.330433121694));
#1637=CARTESIAN_POINT('Ctrl Pts',(-67.5730745271465,86.1244937825761,117.016707631498));
#1638=CARTESIAN_POINT('Ctrl Pts',(-95.0293104802491,50.4176543501562,117.702982141302));
#1639=CARTESIAN_POINT('Ctrl Pts',(-104.775521184566,16.5946631357651,118.252001749145));
#1640=CARTESIAN_POINT('Ctrl Pts',(-105.654177232902,-9.79030130310195,118.663766455028));
#1641=CARTESIAN_POINT('Ctrl Pts',(-99.9422574802669,-35.5645589574147,119.07553116091));
#1642=CARTESIAN_POINT('Ctrl Pts',(-84.1470362073055,-67.0207879545516,119.624550768753));
#1643=CARTESIAN_POINT('Ctrl Pts',(-50.5971803183915,-97.074580473909,120.310825278557));
#1644=CARTESIAN_POINT('Ctrl Pts',(-6.74568851311149,-107.363892473252,120.997099788361));
#1645=CARTESIAN_POINT('Ctrl Pts',(28.0867341037558,-102.295787066083,121.546119396204));
#1646=CARTESIAN_POINT('Ctrl Pts',(52.4863536796273,-92.2162558543367,121.957884102086));
#1647=CARTESIAN_POINT('Ctrl Pts',(73.6119399751266,-76.3843896170264,122.369648807969));
#1648=CARTESIAN_POINT('Ctrl Pts',(95.7560177739605,-49.0234105366877,122.918668415812));
#1649=CARTESIAN_POINT('Ctrl Pts',(109.301208427886,-6.0658607334112,123.604942925616));
#1650=CARTESIAN_POINT('Ctrl Pts',(100.592565029303,38.1267043095979,124.29121743542));
#1651=CARTESIAN_POINT('Ctrl Pts',(81.6120366936121,67.7699649597161,124.840237043263));
#1652=CARTESIAN_POINT('Ctrl Pts',(62.3680181934871,85.8422126534239,125.252001749145));
#1653=CARTESIAN_POINT('Ctrl Pts',(39.2335604951279,98.5597301879584,125.663766455028));
#1654=CARTESIAN_POINT('Ctrl Pts',(5.17583848696458,107.451014031065,126.212786062871));
#1655=CARTESIAN_POINT('Ctrl Pts',(-39.5449073093017,102.077172465486,126.899060572675));
#1656=CARTESIAN_POINT('Ctrl Pts',(-76.2142708146187,75.9203176957917,127.585335082478));
#1657=CARTESIAN_POINT('Ctrl Pts',(-95.3932119741646,46.4050406997708,128.134354690322));
#1658=CARTESIAN_POINT('Ctrl Pts',(-103.922046202774,21.4210984544005,128.546119396204));
#1659=CARTESIAN_POINT('Ctrl Pts',(-105.968353209504,-4.89906514246876,128.957884102087));
#1660=CARTESIAN_POINT('Ctrl Pts',(-100.024596776876,-39.5927984242083,129.50690370993));
#1661=CARTESIAN_POINT('Ctrl Pts',(-76.6880245830233,-78.1184730259615,130.193178219734));
#1662=CARTESIAN_POINT('Ctrl Pts',(-37.7376916136499,-100.739149734185,130.879452729537));
#1663=CARTESIAN_POINT('Ctrl Pts',(-2.94005125334223,-106.040788119377,131.428472337381));
#1664=CARTESIAN_POINT('Ctrl Pts',(23.3378101558494,-103.508463699989,131.840237043263));
#1665=CARTESIAN_POINT('Ctrl Pts',(48.1598723033048,-94.5194083498029,132.252001749145));
#1666=CARTESIAN_POINT('Ctrl Pts',(77.3157255833098,-74.7983349201271,132.801021356988));
#1667=CARTESIAN_POINT('Ctrl Pts',(102.790456670047,-37.6518763594746,133.487295866793));
#1668=CARTESIAN_POINT('Ctrl Pts',(107.33707287502,7.16052525384899,134.173570376596));
#1669=CARTESIAN_POINT('Ctrl Pts',(97.817840866255,41.0481460487872,134.72258998444));
#1670=CARTESIAN_POINT('Ctrl Pts',(84.6752068416092,63.9436200758898,135.134354690322));
#1671=CARTESIAN_POINT('Ctrl Pts',(66.2500260359275,82.8504510470305,135.546119396204));
#1672=CARTESIAN_POINT('Ctrl Pts',(36.2619357768766,101.279852479648,136.095139004047));
#1673=CARTESIAN_POINT('Ctrl Pts',(-8.08586442032673,109.17062135946,136.781413513851));
#1674=CARTESIAN_POINT('Ctrl Pts',(-50.7825669697539,94.8335149043833,137.467688023655));
#1675=CARTESIAN_POINT('Ctrl Pts',(-77.7342244813004,72.1882115613635,138.016707631498));
#1676=CARTESIAN_POINT('Ctrl Pts',(-93.1647482534762,50.7726065760651,138.428472337381));
#1677=CARTESIAN_POINT('Ctrl Pts',(-102.808034049473,26.1929363372588,138.840237043263));
#1678=CARTESIAN_POINT('Ctrl Pts',(-106.097700711584,7.25537898713568E-13,
139.252001749145));
#1679=CARTESIAN_POINT('Ctrl Pts',(-102.808034049473,-26.1929363372574,139.663766455028));
#1680=CARTESIAN_POINT('Ctrl Pts',(-93.1647482534768,-50.7726065760638,140.07553116091));
#1681=CARTESIAN_POINT('Ctrl Pts',(-77.7342244813015,-72.1882115613625,140.487295866792));
#1682=CARTESIAN_POINT('Ctrl Pts',(-50.7825669697552,-94.8335149043827,141.036315474635));
#1683=CARTESIAN_POINT('Ctrl Pts',(-8.08586442032818,-109.17062135946,141.72258998444));
#1684=CARTESIAN_POINT('Ctrl Pts',(36.2619357768752,-101.279852479648,142.408864494243));
#1685=CARTESIAN_POINT('Ctrl Pts',(66.2500260359265,-82.8504510470315,142.957884102087));
#1686=CARTESIAN_POINT('Ctrl Pts',(84.6752068416082,-63.9436200758907,143.369648807969));
#1687=CARTESIAN_POINT('Ctrl Pts',(97.8178408662545,-41.0481460487887,143.781413513851));
#1688=CARTESIAN_POINT('Ctrl Pts',(107.337072875019,-7.16052525385024,144.330433121694));
#1689=CARTESIAN_POINT('Ctrl Pts',(102.790456670047,37.6518763594729,145.016707631498));
#1690=CARTESIAN_POINT('Ctrl Pts',(77.3157255833109,74.7983349201263,145.702982141302));
#1691=CARTESIAN_POINT('Ctrl Pts',(48.159872303306,94.519408349802,146.252001749145));
#1692=CARTESIAN_POINT('Ctrl Pts',(23.3378101558509,103.508463699989,146.663766455028));
#1693=CARTESIAN_POINT('Ctrl Pts',(-2.94005125334081,106.040788119377,147.07553116091));
#1694=CARTESIAN_POINT('Ctrl Pts',(-37.7376916136485,100.739149734186,147.624550768753));
#1695=CARTESIAN_POINT('Ctrl Pts',(-76.6880245830224,78.1184730259624,148.310825278557));
#1696=CARTESIAN_POINT('Ctrl Pts',(-100.024596776876,39.5927984242097,148.997099788361));
#1697=CARTESIAN_POINT('Ctrl Pts',(-105.968353209503,4.8990651424707,149.546119396204));
#1698=CARTESIAN_POINT('Ctrl Pts',(-103.922046202775,-21.4210984543977,149.957884102086));
#1699=CARTESIAN_POINT('Ctrl Pts',(-95.393211974166,-46.4050406997676,150.369648807969));
#1700=CARTESIAN_POINT('Ctrl Pts',(-76.2142708146209,-75.9203176957898,150.918668415812));
#1701=CARTESIAN_POINT('Ctrl Pts',(-39.5449073093035,-102.077172465485,151.604942925616));
#1702=CARTESIAN_POINT('Ctrl Pts',(5.17583848696305,-107.451014031066,152.29121743542));
#1703=CARTESIAN_POINT('Ctrl Pts',(39.2335604951266,-98.5597301879589,152.840237043263));
#1704=CARTESIAN_POINT('Ctrl Pts',(62.3680181934858,-85.8422126534247,153.252001749145));
#1705=CARTESIAN_POINT('Ctrl Pts',(81.6120366936113,-67.7699649597172,153.663766455028));
#1706=CARTESIAN_POINT('Ctrl Pts',(100.592565029302,-38.1267043095992,154.212786062871));
#1707=CARTESIAN_POINT('Ctrl Pts',(109.301208427886,6.06586073340957,154.899060572675));
#1708=CARTESIAN_POINT('Ctrl Pts',(95.7560177739611,49.0234105366865,155.585335082479));
#1709=CARTESIAN_POINT('Ctrl Pts',(73.6119399751276,76.3843896170252,156.134354690322));
#1710=CARTESIAN_POINT('Ctrl Pts',(52.4863536796286,92.216255854336,156.546119396204));
#1711=CARTESIAN_POINT('Ctrl Pts',(28.0867341037572,102.295787066082,156.957884102087));
#1712=CARTESIAN_POINT('Ctrl Pts',(-6.74568851311003,107.363892473252,157.50690370993));
#1713=CARTESIAN_POINT('Ctrl Pts',(-50.5971803183901,97.0745804739098,158.193178219734));
#1714=CARTESIAN_POINT('Ctrl Pts',(-84.1470362073046,67.0207879545526,158.879452729538));
#1715=CARTESIAN_POINT('Ctrl Pts',(-99.9422574802664,35.5645589574162,159.428472337381));
#1716=CARTESIAN_POINT('Ctrl Pts',(-105.654177232901,9.79030130310334,159.840237043263));
#1717=CARTESIAN_POINT('Ctrl Pts',(-104.775521184566,-16.5946631357636,160.252001749145));
#1718=CARTESIAN_POINT('Ctrl Pts',(-95.0293104802497,-50.417654350155,160.801021356989));
#1719=CARTESIAN_POINT('Ctrl Pts',(-67.5730745271477,-86.124493782575,161.487295866792));
#1720=CARTESIAN_POINT('Ctrl Pts',(-26.358893820126,-104.296301166929,162.173570376596));
#1721=CARTESIAN_POINT('Ctrl Pts',(8.8117025339354,-105.714930745568,162.722589984439));
#1722=CARTESIAN_POINT('Ctrl Pts',(34.6479812194245,-100.290441038943,163.134354690322));
#1723=CARTESIAN_POINT('Ctrl Pts',(58.3229620503659,-88.6099587053195,163.546119396204));
#1724=CARTESIAN_POINT('Ctrl Pts',(85.1175615565719,-65.7838159062447,164.095139004047));
#1725=CARTESIAN_POINT('Ctrl Pts',(106.325548663184,-26.0466222729387,164.781413513851));
#1726=CARTESIAN_POINT('Ctrl Pts',(105.885548984017,18.9936893961362,165.467688023655));
#1727=CARTESIAN_POINT('Ctrl Pts',(92.6751350651252,51.6198801310854,166.016707631498));
#1728=CARTESIAN_POINT('Ctrl Pts',(77.0795493458096,72.9204925862007,166.42847233738));
#1729=CARTESIAN_POINT('Ctrl Pts',(56.6758374740477,89.6724156622434,166.840237043263));
#1730=CARTESIAN_POINT('Ctrl Pts',(24.831782008598,104.670398503115,167.389256651106));
#1731=CARTESIAN_POINT('Ctrl Pts',(-20.1149488731378,107.60547226878,168.07553116091));
#1732=CARTESIAN_POINT('Ctrl Pts',(-60.9662562853769,88.6319655376618,168.761805670714));
#1733=CARTESIAN_POINT('Ctrl Pts',(-85.2420573676385,63.1433633869709,169.310825278557));
#1734=CARTESIAN_POINT('Ctrl Pts',(-98.2164594609962,40.1519894564855,169.72258998444));
#1735=CARTESIAN_POINT('Ctrl Pts',(-105.064241311461,14.655984502376,170.134354690322));
#1736=CARTESIAN_POINT('Ctrl Pts',(-105.596645927332,-20.5391842442962,170.683374298165));
#1737=CARTESIAN_POINT('Ctrl Pts',(-89.736496176178,-62.6969702966498,171.369648807969));
#1738=CARTESIAN_POINT('Ctrl Pts',(-55.6059071200005,-92.0895912353043,172.055923317773));
#1739=CARTESIAN_POINT('Ctrl Pts',(-22.3749333250883,-103.695009729421,172.604942925616));
#1740=CARTESIAN_POINT('Ctrl Pts',(3.92080573151272,-106.034345609255,173.016707631498));
#1741=CARTESIAN_POINT('Ctrl Pts',(29.9719698167193,-101.759391258952,173.428472337381));
#1742=CARTESIAN_POINT('Ctrl Pts',(62.2551060957824,-87.7314737453237,173.977491945224));
#1743=CARTESIAN_POINT('Ctrl Pts',(94.1217710855772,-55.8984886921855,174.663766455028));
#1744=CARTESIAN_POINT('Ctrl Pts',(106.825150464976,-12.6845160987265,175.350040964831));
#1745=CARTESIAN_POINT('Ctrl Pts',(103.694947586953,22.3752213179198,175.899060572675));
#1746=CARTESIAN_POINT('Ctrl Pts',(94.9829214350413,47.2958751058907,176.310825278557));
#1747=CARTESIAN_POINT('Ctrl Pts',(80.3459791093379,69.2662711934796,176.722589984439));
#1748=CARTESIAN_POINT('Ctrl Pts',(54.2540733401237,92.8924391246565,177.271609592283));
#1749=CARTESIAN_POINT('Ctrl Pts',(12.1130823382363,108.797160195583,177.957884102086));
#1750=CARTESIAN_POINT('Ctrl Pts',(-32.4941441986668,102.550671930123,178.64415861189));
#1751=CARTESIAN_POINT('Ctrl Pts',(-63.143600130124,85.2418819987792,179.193178219733));
#1752=CARTESIAN_POINT('Ctrl Pts',(-82.2544211432473,67.0288398285138,179.604942925616));
#1753=CARTESIAN_POINT('Ctrl Pts',(-96.2343139554434,44.6346222299681,180.016707631498));
#1754=CARTESIAN_POINT('Ctrl Pts',(-106.999125876768,11.1219055080991,180.565727239341));
#1755=CARTESIAN_POINT('Ctrl Pts',(-104.111583138084,-33.8279039675526,181.252001749145));
#1756=CARTESIAN_POINT('Ctrl Pts',(-80.0268191825193,-71.8903187644338,181.938276258949));
#1757=CARTESIAN_POINT('Ctrl Pts',(-51.619622743548,-92.6752784290428,182.487295866792));
#1758=CARTESIAN_POINT('Ctrl Pts',(-27.1466610378875,-102.575406218359,182.899060572675));
#1759=CARTESIAN_POINT('Ctrl Pts',(-0.980324474749987,-106.077008102656,
183.310825278557));
#1760=CARTESIAN_POINT('Ctrl Pts',(33.9894576988173,-102.064815121881,183.8598448864));
#1761=CARTESIAN_POINT('Ctrl Pts',(73.7490557201605,-80.8988603797413,184.546119396204));
#1762=CARTESIAN_POINT('Ctrl Pts',(98.4932731131737,-43.2618177146696,185.232393906008));
#1763=CARTESIAN_POINT('Ctrl Pts',(105.714955217967,-8.81140893104219,185.781413513851));
#1764=CARTESIAN_POINT('Ctrl Pts',(104.642615497838,17.56639371467,186.193178219734));
#1765=CARTESIAN_POINT('Ctrl Pts',(97.0427999361185,42.8484266297531,186.604942925616));
#1766=CARTESIAN_POINT('Ctrl Pts',(78.9675906575293,73.052237106528,187.153962533459));
#1767=CARTESIAN_POINT('Ctrl Pts',(43.2898050701986,100.546216275603,187.840237043263));
#1768=CARTESIAN_POINT('Ctrl Pts',(-1.20182761127994,107.568886444531,188.526511553067));
#1769=CARTESIAN_POINT('Ctrl Pts',(-35.5648365276505,99.9421587061652,189.07553116091));
#1770=CARTESIAN_POINT('Ctrl Pts',(-59.1534261171646,88.0881793714025,189.487295866793));
#1771=CARTESIAN_POINT('Ctrl Pts',(-79.0520987632785,70.7393692734651,189.899060572674));
#1772=CARTESIAN_POINT('Ctrl Pts',(-99.1150274654681,41.817712168925,190.448080180518));
#1773=CARTESIAN_POINT('Ctrl Pts',(-109.45070492598,-2.02287457894336,191.134354690322));
#1774=CARTESIAN_POINT('Ctrl Pts',(-97.5021106971222,-45.4516020634001,191.820629200125));
#1775=CARTESIAN_POINT('Ctrl Pts',(-76.3841851737603,-73.6121521178908,192.369648807969));
#1776=CARTESIAN_POINT('Ctrl Pts',(-55.8580375785614,-90.213828231814,192.781413513851));
#1777=CARTESIAN_POINT('Ctrl Pts',(-31.8475352669008,-101.188078257818,193.193178219733));
#1778=CARTESIAN_POINT('Ctrl Pts',(2.77382480644045,-107.539832696851,193.742197827577));
#1779=CARTESIAN_POINT('Ctrl Pts',(46.9755741862015,-98.8779260514344,194.428472337381));
#1780=CARTESIAN_POINT('Ctrl Pts',(81.6130502372757,-70.0843759442245,195.114746847185));
#1781=CARTESIAN_POINT('Ctrl Pts',(98.5598391506435,-39.2332867688411,195.663766455027));
#1782=CARTESIAN_POINT('Ctrl Pts',(105.220255471593,-13.6876953816145,196.07553116091));
#1783=CARTESIAN_POINT('Ctrl Pts',(105.317163489837,12.7117173718445,196.487295866792));
#1784=CARTESIAN_POINT('Ctrl Pts',(96.8274191004649,46.8717466163415,197.036315474636));
#1785=CARTESIAN_POINT('Ctrl Pts',(70.7093553606915,83.5687495109962,197.722589984439));
#1786=CARTESIAN_POINT('Ctrl Pts',(30.19479698981,103.251072417035,198.408864494244));
#1787=CARTESIAN_POINT('Ctrl Pts',(-4.89935947219939,105.968339426684,198.957884102086));
#1788=CARTESIAN_POINT('Ctrl Pts',(-30.9184365612988,101.502243556348,199.369648807969));
#1789=CARTESIAN_POINT('Ctrl Pts',(-55.0088601400334,90.7045643293714,199.781413513851));
#1790=CARTESIAN_POINT('Ctrl Pts',(-82.6286207479814,68.8841110402811,200.330433121694));
#1791=CARTESIAN_POINT('Ctrl Pts',(-105.290472961179,29.9577224429266,201.016707631498));
#1792=CARTESIAN_POINT('Ctrl Pts',(-106.515080824457,-15.068088050015,201.702982141302));
#1793=CARTESIAN_POINT('Ctrl Pts',(-94.5192754907698,-48.160141660784,202.252001749145));
#1794=CARTESIAN_POINT('Ctrl Pts',(-79.7214301866583,-70.0224873548563,202.663766455028));
#1795=CARTESIAN_POINT('Ctrl Pts',(-59.9506614982752,-87.5169176217149,203.07553116091));
#1796=CARTESIAN_POINT('Ctrl Pts',(-28.6825515612935,-103.68134333841,203.624550768753));
#1797=CARTESIAN_POINT('Ctrl Pts',(16.1250280300233,-108.275261723937,204.310825278557));
#1798=CARTESIAN_POINT('Ctrl Pts',(57.6495359786058,-90.8242298176812,204.997099788361));
#1799=CARTESIAN_POINT('Ctrl Pts',(82.8506002155495,-66.2500620981597,205.546119396204));
#1800=CARTESIAN_POINT('Ctrl Pts',(96.6657073123451,-43.7538135043252,205.957884102087));
#1801=CARTESIAN_POINT('Ctrl Pts',(104.45092815114,-18.5282565950571,206.369648807969));
#1802=CARTESIAN_POINT('Ctrl Pts',(106.283483423122,16.6232028192669,206.918668415812));
#1803=CARTESIAN_POINT('Ctrl Pts',(91.9919586059313,59.3382539530848,207.604942925616));
#1804=CARTESIAN_POINT('Ctrl Pts',(58.9707801040225,89.9719779400596,208.29121743542));
#1805=CARTESIAN_POINT('Ctrl Pts',(26.191338679997,102.797404939213,208.840237043263));
#1806=CARTESIAN_POINT('Ctrl Pts',(1.08429869840709E-12,106.106810179023,
209.252001749145));
#1807=CARTESIAN_POINT('Ctrl Pts',(-26.1913386799949,102.797404939213,209.663766455028));
#1808=CARTESIAN_POINT('Ctrl Pts',(-58.9707801040206,89.9719779400607,210.212786062871));
#1809=CARTESIAN_POINT('Ctrl Pts',(-91.9919586059305,59.3382539530865,210.899060572675));
#1810=CARTESIAN_POINT('Ctrl Pts',(-106.283483423122,16.6232028192675,211.585335082479));
#1811=CARTESIAN_POINT('Ctrl Pts',(-104.45092815114,-18.5282565950574,212.134354690322));
#1812=CARTESIAN_POINT('Ctrl Pts',(-96.6657073123447,-43.753813504326,212.546119396204));
#1813=CARTESIAN_POINT('Ctrl Pts',(-82.8506002155492,-66.2500620981599,212.957884102087));
#1814=CARTESIAN_POINT('Ctrl Pts',(-57.6495359786063,-90.8242298176806,213.50690370993));
#1815=CARTESIAN_POINT('Ctrl Pts',(-16.1250280300245,-108.275261723937,214.193178219734));
#1816=CARTESIAN_POINT('Ctrl Pts',(28.6825515612929,-103.68134333841,214.879452729537));
#1817=CARTESIAN_POINT('Ctrl Pts',(59.9506614982756,-87.5169176217149,215.428472337381));
#1818=CARTESIAN_POINT('Ctrl Pts',(79.7214301866588,-70.0224873548556,215.840237043263));
#1819=CARTESIAN_POINT('Ctrl Pts',(94.5192754907699,-48.1601416607837,216.252001749145));
#1820=CARTESIAN_POINT('Ctrl Pts',(106.515080824456,-15.0680880500155,216.801021356988));
#1821=CARTESIAN_POINT('Ctrl Pts',(105.290472961179,29.9577224429253,217.487295866792));
#1822=CARTESIAN_POINT('Ctrl Pts',(82.6286207479819,68.8841110402807,218.173570376596));
#1823=CARTESIAN_POINT('Ctrl Pts',(55.0088601400331,90.7045643293716,218.72258998444));
#1824=CARTESIAN_POINT('Ctrl Pts',(30.918436561298,101.502243556348,219.134354690321));
#1825=CARTESIAN_POINT('Ctrl Pts',(4.89935947219905,105.968339426684,219.546119396204));
#1826=CARTESIAN_POINT('Ctrl Pts',(-30.1947969898093,103.251072417034,220.095139004047));
#1827=CARTESIAN_POINT('Ctrl Pts',(-70.7093553606902,83.5687495109975,220.781413513851));
#1828=CARTESIAN_POINT('Ctrl Pts',(-96.8274191004638,46.8717466163433,221.467688023655));
#1829=CARTESIAN_POINT('Ctrl Pts',(-105.317163489837,12.7117173718463,222.016707631499));
#1830=CARTESIAN_POINT('Ctrl Pts',(-105.220255471593,-13.687695381614,222.42847233738));
#1831=CARTESIAN_POINT('Ctrl Pts',(-98.5598391506437,-39.2332867688403,222.840237043263));
#1832=CARTESIAN_POINT('Ctrl Pts',(-81.6130502372767,-70.0843759442234,223.389256651106));
#1833=CARTESIAN_POINT('Ctrl Pts',(-46.975574186204,-98.8779260514329,224.075531160911));
#1834=CARTESIAN_POINT('Ctrl Pts',(-2.77382480644322,-107.539832696851,224.761805670714));
#1835=CARTESIAN_POINT('Ctrl Pts',(31.8475352668993,-101.188078257819,225.310825278557));
#1836=CARTESIAN_POINT('Ctrl Pts',(55.8580375785608,-90.2138282318145,225.722589984439));
#1837=CARTESIAN_POINT('Ctrl Pts',(76.38418517376,-73.6121521178913,226.134354690322));
#1838=CARTESIAN_POINT('Ctrl Pts',(97.502110697121,-45.4516020634015,226.683374298165));
#1839=CARTESIAN_POINT('Ctrl Pts',(109.450704925981,-2.02287457894615,227.369648807969));
#1840=CARTESIAN_POINT('Ctrl Pts',(99.115027465469,41.8177121689225,228.055923317773));
#1841=CARTESIAN_POINT('Ctrl Pts',(79.05209876328,70.7393692734639,228.604942925616));
#1842=CARTESIAN_POINT('Ctrl Pts',(59.153426117165,88.0881793714022,229.016707631498));
#1843=CARTESIAN_POINT('Ctrl Pts',(35.5648365276512,99.9421587061649,229.428472337381));
#1844=CARTESIAN_POINT('Ctrl Pts',(1.20182761128151,107.56888644453,229.977491945224));
#1845=CARTESIAN_POINT('Ctrl Pts',(-43.2898050701959,100.546216275605,230.663766455028));
#1846=CARTESIAN_POINT('Ctrl Pts',(-78.9675906575276,73.0522371065301,231.350040964832));
#1847=CARTESIAN_POINT('Ctrl Pts',(-97.0427999361179,42.8484266297547,231.899060572674));
#1848=CARTESIAN_POINT('Ctrl Pts',(-104.642615497838,17.5663937146707,232.310825278557));
#1849=CARTESIAN_POINT('Ctrl Pts',(-105.714955217967,-8.81140893104157,232.722589984439));
#1850=CARTESIAN_POINT('Ctrl Pts',(-98.4932731131742,-43.2618177146679,233.271609592283));
#1851=CARTESIAN_POINT('Ctrl Pts',(-73.7490557201624,-80.8988603797395,233.957884102086));
#1852=CARTESIAN_POINT('Ctrl Pts',(-33.98945769882,-102.064815121881,234.64415861189));
#1853=CARTESIAN_POINT('Ctrl Pts',(0.980324474748361,-106.077008102657,235.193178219734));
#1854=CARTESIAN_POINT('Ctrl Pts',(27.1466610378868,-102.575406218359,235.604942925616));
#1855=CARTESIAN_POINT('Ctrl Pts',(51.6196227435475,-92.6752784290433,236.016707631499));
#1856=CARTESIAN_POINT('Ctrl Pts',(80.0268191825178,-71.8903187644347,236.565727239341));
#1857=CARTESIAN_POINT('Ctrl Pts',(104.111583138084,-33.8279039675554,237.252001749146));
#1858=CARTESIAN_POINT('Ctrl Pts',(106.999125876768,11.1219055080964,237.938276258949));
#1859=CARTESIAN_POINT('Ctrl Pts',(96.2343139554443,44.6346222299667,238.487295866793));
#1860=CARTESIAN_POINT('Ctrl Pts',(82.2544211432477,67.0288398285131,238.899060572675));
#1861=CARTESIAN_POINT('Ctrl Pts',(63.1436001301245,85.241881998779,239.310825278557));
#1862=CARTESIAN_POINT('Ctrl Pts',(32.4941441986684,102.550671930122,239.8598448864));
#1863=CARTESIAN_POINT('Ctrl Pts',(-12.1130823382336,108.797160195583,240.546119396204));
#1864=CARTESIAN_POINT('Ctrl Pts',(-54.2540733401213,92.8924391246579,241.232393906008));
#1865=CARTESIAN_POINT('Ctrl Pts',(-80.345979109337,69.266271193481,241.781413513851));
#1866=CARTESIAN_POINT('Ctrl Pts',(-94.9829214350409,47.2958751058913,242.193178219734));
#1867=CARTESIAN_POINT('Ctrl Pts',(-103.694947586953,22.3752213179204,242.604942925616));
#1868=CARTESIAN_POINT('Ctrl Pts',(-106.825150464975,-12.6845160987242,243.153962533459));
#1869=CARTESIAN_POINT('Ctrl Pts',(-94.1217710855794,-55.8984886921824,243.840237043263));
#1870=CARTESIAN_POINT('Ctrl Pts',(-62.2551060957854,-87.7314737453215,244.526511553067));
#1871=CARTESIAN_POINT('Ctrl Pts',(-29.9719698167219,-101.759391258951,245.07553116091));
#1872=CARTESIAN_POINT('Ctrl Pts',(-3.92080573151486,-106.034345609255,245.487295866792));
#1873=CARTESIAN_POINT('Ctrl Pts',(22.3749333250857,-103.695009729421,245.899060572675));
#1874=CARTESIAN_POINT('Ctrl Pts',(55.6059071199972,-92.0895912353059,246.448080180518));
#1875=CARTESIAN_POINT('Ctrl Pts',(89.7364961761755,-62.6969702966535,247.134354690322));
#1876=CARTESIAN_POINT('Ctrl Pts',(105.596645927332,-20.5391842442998,247.820629200125));
#1877=CARTESIAN_POINT('Ctrl Pts',(105.064241311462,14.6559845023733,248.369648807969));
#1878=CARTESIAN_POINT('Ctrl Pts',(98.2164594609971,40.1519894564835,248.781413513851));
#1879=CARTESIAN_POINT('Ctrl Pts',(85.24205736764,63.1433633869687,249.193178219734));
#1880=CARTESIAN_POINT('Ctrl Pts',(60.96625628538,88.6319655376595,249.742197827577));
#1881=CARTESIAN_POINT('Ctrl Pts',(20.114948873142,107.60547226878,250.428472337381));
#1882=CARTESIAN_POINT('Ctrl Pts',(-24.8317820085943,104.670398503116,251.114746847184));
#1883=CARTESIAN_POINT('Ctrl Pts',(-56.6758374740455,89.672415662245,251.663766455028));
#1884=CARTESIAN_POINT('Ctrl Pts',(-77.0795493458081,72.9204925862022,252.07553116091));
#1885=CARTESIAN_POINT('Ctrl Pts',(-92.6751350651238,51.6198801310877,252.487295866792));
#1886=CARTESIAN_POINT('Ctrl Pts',(-105.885548984016,18.9936893961399,253.036315474636));
#1887=CARTESIAN_POINT('Ctrl Pts',(-106.325548663185,-26.0466222729345,253.722589984439));
#1888=CARTESIAN_POINT('Ctrl Pts',(-85.1175615565745,-65.7838159062419,254.408864494244));
#1889=CARTESIAN_POINT('Ctrl Pts',(-58.3229620503681,-88.609958705318,254.957884102086));
#1890=CARTESIAN_POINT('Ctrl Pts',(-34.6479812194265,-100.290441038942,255.369648807969));
#1891=CARTESIAN_POINT('Ctrl Pts',(-8.81170253393809,-105.714930745568,255.781413513851));
#1892=CARTESIAN_POINT('Ctrl Pts',(26.3588938201234,-104.29630116693,256.330433121695));
#1893=CARTESIAN_POINT('Ctrl Pts',(67.5730745271461,-86.1244937825766,257.016707631498));
#1894=CARTESIAN_POINT('Ctrl Pts',(95.0293104802489,-50.4176543501566,257.702982141302));
#1895=CARTESIAN_POINT('Ctrl Pts',(104.775521184566,-16.5946631357651,258.252001749145));
#1896=CARTESIAN_POINT('Ctrl Pts',(105.654177232902,9.79030130310095,258.663766455028));
#1897=CARTESIAN_POINT('Ctrl Pts',(99.9422574802671,35.564558957415,259.07553116091));
#1898=CARTESIAN_POINT('Ctrl Pts',(84.1470362073048,67.0207879545514,259.624550768754));
#1899=CARTESIAN_POINT('Ctrl Pts',(50.5971803183912,97.0745804739112,260.310825278557));
#1900=CARTESIAN_POINT('Ctrl Pts',(6.74568851310921,107.363892473249,260.997099788361));
#1901=CARTESIAN_POINT('Ctrl Pts',(-28.0867341037535,102.295787066085,261.546119396204));
#1902=CARTESIAN_POINT('Ctrl Pts',(-52.4863536796311,92.2162558543313,261.957884102086));
#1903=CARTESIAN_POINT('Ctrl Pts',(-73.6119399751183,76.3843896170372,262.369648807969));
#1904=CARTESIAN_POINT('Ctrl Pts',(-95.7560177739788,49.0234105366637,262.918668415812));
#1905=CARTESIAN_POINT('Ctrl Pts',(-109.301208427847,6.06586073346108,263.604942925616));
#1906=CARTESIAN_POINT('Ctrl Pts',(-100.592565029362,-38.1267043096767,264.29121743542));
#1907=CARTESIAN_POINT('Ctrl Pts',(-81.6120366935322,-67.7699649596109,264.840237043263));
#1908=CARTESIAN_POINT('Ctrl Pts',(-62.3680181936601,-85.8422126536494,265.252001749145));
#1909=CARTESIAN_POINT('Ctrl Pts',(-39.2335604948102,-98.5597301875416,265.663766455028));
#1910=CARTESIAN_POINT('Ctrl Pts',(-5.17583848765904,-107.451014031977,266.21278606287));
#1911=CARTESIAN_POINT('Ctrl Pts',(39.5449073108233,-102.077172463492,266.899060572676));
#1912=CARTESIAN_POINT('Ctrl Pts',(76.2142708123032,-75.9203176988266,267.585335082478));
#1913=CARTESIAN_POINT('Ctrl Pts',(95.3932119772777,-46.4050406956901,268.134354690322));
#1914=CARTESIAN_POINT('Ctrl Pts',(103.922046196071,-21.4210984631882,268.546119396204));
#1915=CARTESIAN_POINT('Ctrl Pts',(105.968353221862,4.8990651586659,268.957884102086));
#1916=CARTESIAN_POINT('Ctrl Pts',(100.024596749853,39.5927983887878,269.50690370993));
#1917=CARTESIAN_POINT('Ctrl Pts',(76.6880246421155,78.1184731034136,270.193178219733));
#1918=CARTESIAN_POINT('Ctrl Pts',(37.7376915236359,100.739149616202,270.879452729538));
#1919=CARTESIAN_POINT('Ctrl Pts',(2.94005137435389,106.040788277984,271.42847233738));
#1920=CARTESIAN_POINT('Ctrl Pts',(-23.3378104164058,103.508463358475,271.840237043263));
#1921=CARTESIAN_POINT('Ctrl Pts',(-48.1598718229901,94.5194089793525,272.252001749145));
#1922=CARTESIAN_POINT('Ctrl Pts',(-77.3157266336233,74.7983335434768,272.801021356989));
#1923=CARTESIAN_POINT('Ctrl Pts',(-102.790454373369,37.6518793697411,273.487295866792));
#1924=CARTESIAN_POINT('Ctrl Pts',(-107.337076373556,-7.1605298393953,274.173570376596));
#1925=CARTESIAN_POINT('Ctrl Pts',(-97.8178361630947,-41.0481398843326,274.722589984439));
#1926=CARTESIAN_POINT('Ctrl Pts',(-84.6752169685259,-63.9436333492431,275.134354690322));
#1927=CARTESIAN_POINT('Ctrl Pts',(-66.250007367723,-82.8504265788889,275.546119396204));
#1928=CARTESIAN_POINT('Ctrl Pts',(-36.2619766019447,-101.279905985187,276.095139004047));
#1929=CARTESIAN_POINT('Ctrl Pts',(8.0859537238487,-109.170504355817,276.781413513851));
#1930=CARTESIAN_POINT('Ctrl Pts',(50.7824307858051,-94.833693159886,277.467688023655));
#1931=CARTESIAN_POINT('Ctrl Pts',(77.7344086101189,-72.1879717607289,278.016707631498));
#1932=CARTESIAN_POINT('Ctrl Pts',(93.1643378164002,-50.7731251462181,278.428472337381));
#1933=CARTESIAN_POINT('Ctrl Pts',(102.808908112783,-26.1919612404131,278.840237043263));
#1934=CARTESIAN_POINT('Ctrl Pts',(105.,-8.73168751774864,279.114746847185));
#1935=CARTESIAN_POINT('Ctrl Pts',(105.,-1.44044460766465E-12,279.252001749145));
#1936=CARTESIAN_POINT('Ctrl Pts',(104.658903898199,0.,-2.24224694684312));
#1937=CARTESIAN_POINT('Ctrl Pts',(104.658903898199,8.70363384925705,-2.10499204488233));
#1938=CARTESIAN_POINT('Ctrl Pts',(102.474929848139,26.1066621646879,-1.83048224096076));
#1939=CARTESIAN_POINT('Ctrl Pts',(92.8616902692012,50.608285133316,-1.41871753507841));
#1940=CARTESIAN_POINT('Ctrl Pts',(77.4818857172379,71.9534228267306,-1.00695282919606));
#1941=CARTESIAN_POINT('Ctrl Pts',(50.617462317416,94.525655043687,-0.457933221352922));
#1942=CARTESIAN_POINT('Ctrl Pts',(8.05968622580622,108.815838991821,0.228341288451));
#1943=CARTESIAN_POINT('Ctrl Pts',(-36.1441783270625,100.950904443744,0.914615798254924));
#1944=CARTESIAN_POINT('Ctrl Pts',(-66.0347919462222,82.5812796872843,1.46363540609806));
#1945=CARTESIAN_POINT('Ctrl Pts',(-84.4001466215995,63.735912670796,1.87540011198041));
#1946=CARTESIAN_POINT('Ctrl Pts',(-97.5000715668858,40.9147924755542,2.28716481786276));
#1947=CARTESIAN_POINT('Ctrl Pts',(-106.988388198987,7.13726944445366,2.83618442570591));
#1948=CARTESIAN_POINT('Ctrl Pts',(-102.45653605633,-37.5295664941349,3.52245893550982));
#1949=CARTESIAN_POINT('Ctrl Pts',(-77.0645638435035,-74.5553483414237,4.20873344531375));
#1950=CARTESIAN_POINT('Ctrl Pts',(-48.0034228273531,-94.2123595512027,4.75775305315688));
#1951=CARTESIAN_POINT('Ctrl Pts',(-23.2619967387167,-103.172212502663,5.16951775903924));
#1952=CARTESIAN_POINT('Ctrl Pts',(2.93050051660994,-105.696311168534,5.58128246492159));
#1953=CARTESIAN_POINT('Ctrl Pts',(37.6150993382094,-100.411895011629,6.13030207276473));
#1954=CARTESIAN_POINT('Ctrl Pts',(76.4389009634464,-77.8647025779005,6.81657658256864));
#1955=CARTESIAN_POINT('Ctrl Pts',(99.69966341618,-39.4641798186502,7.50285109237258));
#1956=CARTESIAN_POINT('Ctrl Pts',(105.624111391402,-4.88315038038596,8.0518707002157));
#1957=CARTESIAN_POINT('Ctrl Pts',(103.584451864179,21.3515112916174,8.46363540609807));
#1958=CARTESIAN_POINT('Ctrl Pts',(95.08332385591,46.2542923284222,8.8754001119804));
#1959=CARTESIAN_POINT('Ctrl Pts',(75.9666861392023,75.6736879430478,9.42441971982357));
#1960=CARTESIAN_POINT('Ctrl Pts',(39.4164443229206,101.745571266844,10.1106942296275));
#1961=CARTESIAN_POINT('Ctrl Pts',(-5.15902459878544,107.101955727182,10.7969687394314));
#1962=CARTESIAN_POINT('Ctrl Pts',(-39.106108927718,98.239555523071,11.3459883472745));
#1963=CARTESIAN_POINT('Ctrl Pts',(-62.1654135471546,85.5633512812524,11.7577530531569));
#1964=CARTESIAN_POINT('Ctrl Pts',(-81.3469171928054,67.5498119037179,12.1695177590392));
#1965=CARTESIAN_POINT('Ctrl Pts',(-100.265786631251,38.0028484028865,12.7185373668824));
#1966=CARTESIAN_POINT('Ctrl Pts',(-108.946139702925,-6.0461555768015,13.4048118766863));
#1967=CARTESIAN_POINT('Ctrl Pts',(-95.4449510655341,-48.8641563058874,14.0910863864902));
#1968=CARTESIAN_POINT('Ctrl Pts',(-73.3728090630094,-76.136252307164,14.6401059943333));
#1969=CARTESIAN_POINT('Ctrl Pts',(-52.315849959272,-91.9166881839045,15.0518707002157));
#1970=CARTESIAN_POINT('Ctrl Pts',(-27.9954933845636,-101.963475692763,15.463635406098));
#1971=CARTESIAN_POINT('Ctrl Pts',(6.72377491257739,-107.015117185661,16.0126550139412));
#1972=CARTESIAN_POINT('Ctrl Pts',(50.4328136424988,-96.7592303693055,16.6989295237451));
#1973=CARTESIAN_POINT('Ctrl Pts',(83.8736816737009,-66.8030686258759,17.3852040335491));
#1974=CARTESIAN_POINT('Ctrl Pts',(99.6175916285363,-35.4490262676763,17.9342236413922));
#1975=CARTESIAN_POINT('Ctrl Pts',(105.310956013919,-9.75849717348406,18.3459883472745));
#1976=CARTESIAN_POINT('Ctrl Pts',(104.435154309898,16.5407548033227,18.7577530531569));
#1977=CARTESIAN_POINT('Ctrl Pts',(94.720604505377,50.253870870529,19.306772661));
#1978=CARTESIAN_POINT('Ctrl Pts',(67.3535610765955,85.8447154102056,19.993047170804));
#1979=CARTESIAN_POINT('Ctrl Pts',(26.2732660493649,103.957491054927,20.6793216806078));
#1980=CARTESIAN_POINT('Ctrl Pts',(-8.78307741598829,105.371512166716,21.228341288451));
#1981=CARTESIAN_POINT('Ctrl Pts',(-34.5354260639088,99.9646441009779,21.6401059943334));
#1982=CARTESIAN_POINT('Ctrl Pts',(-58.1334979075009,88.3221062148894,22.0518707002157));
#1983=CARTESIAN_POINT('Ctrl Pts',(-84.8410542380795,65.5701149236995,22.6008903080588));
#1984=CARTESIAN_POINT('Ctrl Pts',(-105.980146471081,25.9620089270104,23.2871648178628));
#1985=CARTESIAN_POINT('Ctrl Pts',(-105.541576145964,-18.9319877445961,23.9734393276667));
#1986=CARTESIAN_POINT('Ctrl Pts',(-92.3740767098429,-51.4521911797709,24.5224589355098));
#1987=CARTESIAN_POINT('Ctrl Pts',(-76.8291537857095,-72.6836078646533,24.9342236413922));
#1988=CARTESIAN_POINT('Ctrl Pts',(-56.4917240718689,-89.3811117439442,25.3459883472745));
#1989=CARTESIAN_POINT('Ctrl Pts',(-24.7511151129409,-104.330373123084,25.8950079551177));
#1990=CARTESIAN_POINT('Ctrl Pts',(20.0496047717241,-107.255912200939,26.5812824649216));
#1991=CARTESIAN_POINT('Ctrl Pts',(60.7682053105177,-88.3440415572814,27.2675569747255));
#1992=CARTESIAN_POINT('Ctrl Pts',(84.9651456202336,-62.938240005009,27.8165765825686));
#1993=CARTESIAN_POINT('Ctrl Pts',(97.8973999233316,-40.0215543414067,28.228341288451));
#1994=CARTESIAN_POINT('Ctrl Pts',(104.722936519556,-14.6083740339769,28.6401059943333));
#1995=CARTESIAN_POINT('Ctrl Pts',(105.25361160077,20.4724619997267,29.1891256021765));
#1996=CARTESIAN_POINT('Ctrl Pts',(89.4449840901299,62.4932970379565,29.8754001119804));
#1997=CARTESIAN_POINT('Ctrl Pts',(55.4252694232776,91.7904350392404,30.5616746217844));
#1998=CARTESIAN_POINT('Ctrl Pts',(22.3022475866558,103.358152933279,31.1106942296275));
#1999=CARTESIAN_POINT('Ctrl Pts',(-3.90806885960056,105.689889400262,31.5224589355098));
#2000=CARTESIAN_POINT('Ctrl Pts',(-29.8746048446463,101.428822385808,31.9342236413922));
#2001=CARTESIAN_POINT('Ctrl Pts',(-62.0528682481029,87.4464750434203,32.4832432492353));
#2002=CARTESIAN_POINT('Ctrl Pts',(-93.8160132835596,55.7169005341898,33.1695177590392));
#2003=CARTESIAN_POINT('Ctrl Pts',(-106.478125299281,12.6433100130642,33.8557922688432));
#2004=CARTESIAN_POINT('Ctrl Pts',(-103.358090992683,-22.302534643934,34.4048118766863));
#2005=CARTESIAN_POINT('Ctrl Pts',(-94.674366156573,-47.1422328332252,34.8165765825687));
#2006=CARTESIAN_POINT('Ctrl Pts',(-80.0849724401038,-69.0412573354761,35.228341288451));
#2007=CARTESIAN_POINT('Ctrl Pts',(-54.0778271218078,-92.5906748496834,35.7773608962942));
#2008=CARTESIAN_POINT('Ctrl Pts',(-12.073732574747,-108.443728888633,36.4636354060981));
#2009=CARTESIAN_POINT('Ctrl Pts',(32.3885858565952,-102.217532554577,37.1499099159019));
#2010=CARTESIAN_POINT('Ctrl Pts',(62.9384759790949,-84.9649708210654,37.6989295237452));
#2011=CARTESIAN_POINT('Ctrl Pts',(81.9872148346013,-66.8110943430493,38.1106942296274));
#2012=CARTESIAN_POINT('Ctrl Pts',(95.9216934854466,-44.489625128558,38.5224589355098));
#2013=CARTESIAN_POINT('Ctrl Pts',(106.651535545981,-11.0857756165423,39.071478543353));
#2014=CARTESIAN_POINT('Ctrl Pts',(103.773373088934,33.7180128611203,39.7577530531569));
#2015=CARTESIAN_POINT('Ctrl Pts',(79.7668493152555,71.6567805978837,40.4440275629608));
#2016=CARTESIAN_POINT('Ctrl Pts',(51.4519346283643,92.3742196080386,40.9930471708039));
#2017=CARTESIAN_POINT('Ctrl Pts',(27.058474178297,102.242186492628,41.4048118766863));
#2018=CARTESIAN_POINT('Ctrl Pts',(0.977139857064882,105.73241330309,41.8165765825686));
#2019=CARTESIAN_POINT('Ctrl Pts',(-33.8790417795479,101.733254068842,42.3655961904119));
#2020=CARTESIAN_POINT('Ctrl Pts',(-73.5094793828501,80.6360576567343,43.0518707002156));
#2021=CARTESIAN_POINT('Ctrl Pts',(-98.1733143368641,43.1212802158188,43.7381452100198));
#2022=CARTESIAN_POINT('Ctrl Pts',(-105.371536559616,8.78278476687266,44.2871648178627));
#2023=CARTESIAN_POINT('Ctrl Pts',(-104.302680371852,-17.509328682111,44.6989295237453));
#2024=CARTESIAN_POINT('Ctrl Pts',(-96.7275530716794,-42.7092320460233,45.1106942296274));
#2025=CARTESIAN_POINT('Ctrl Pts',(-78.7110617304631,-72.8149244083872,45.6597138374707));
#2026=CARTESIAN_POINT('Ctrl Pts',(-43.1491766534628,-100.219588443009,46.3459883472744));
#2027=CARTESIAN_POINT('Ctrl Pts',(1.19792343305892,-107.219445226994,47.0322628570785));
#2028=CARTESIAN_POINT('Ctrl Pts',(35.4493029362152,-99.6174931753056,47.5812824649215));
#2029=CARTESIAN_POINT('Ctrl Pts',(58.9612641832914,-87.8020218990372,47.993047170804));
#2030=CARTESIAN_POINT('Ctrl Pts',(78.7952953087334,-70.5095700058163,48.4048118766863));
#2031=CARTESIAN_POINT('Ctrl Pts',(98.7930488988172,-41.6818658964758,48.9538314845295));
#2032=CARTESIAN_POINT('Ctrl Pts',(109.095150556556,2.01630320148441,49.6401059943334));
#2033=CARTESIAN_POINT('Ctrl Pts',(97.1853717459201,45.3039509749779,50.3263805041373));
#2034=CARTESIAN_POINT('Ctrl Pts',(76.1360485280264,73.3730205166288,50.8754001119804));
#2035=CARTESIAN_POINT('Ctrl Pts',(55.6765808273954,89.9207655162111,51.2871648178627));
#2036=CARTESIAN_POINT('Ctrl Pts',(31.744077456123,100.859365314557,51.6989295237452));
#2037=CARTESIAN_POINT('Ctrl Pts',(-2.76481394140841,107.190485861411,52.2479491315883));
#2038=CARTESIAN_POINT('Ctrl Pts',(-46.8229724220622,98.5567177168591,52.9342236413921));
#2039=CARTESIAN_POINT('Ctrl Pts',(-81.3479274440192,69.856704444874,53.6204981511961));
#2040=CARTESIAN_POINT('Ctrl Pts',(-98.2396641322782,39.1058360909571,54.1695177590393));
#2041=CARTESIAN_POINT('Ctrl Pts',(-104.878443862338,13.6432304336388,54.5812824649216));
#2042=CARTESIAN_POINT('Ctrl Pts',(-104.97503707156,-12.6704229219156,54.993047170804));
#2043=CARTESIAN_POINT('Ctrl Pts',(-96.5128719080582,-46.719482139624,55.542066778647));
#2044=CARTESIAN_POINT('Ctrl Pts',(-70.4796535942685,-83.2972735615627,56.2283412884511));
#2045=CARTESIAN_POINT('Ctrl Pts',(-30.0967081560203,-102.91565776648,56.9146157982549));
#2046=CARTESIAN_POINT('Ctrl Pts',(4.88344373489207,-105.624097641039,57.4636354060981));
#2047=CARTESIAN_POINT('Ctrl Pts',(30.8179969595384,-101.172510036337,57.8754001119804));
#2048=CARTESIAN_POINT('Ctrl Pts',(54.8301619709067,-90.4099074407213,58.2871648178628));
#2049=CARTESIAN_POINT('Ctrl Pts',(82.3601988390829,-68.6603386426444,58.8361844257059));
#2050=CARTESIAN_POINT('Ctrl Pts',(104.948433248,-29.8604037539351,59.5224589355099));
#2051=CARTESIAN_POINT('Ctrl Pts',(106.169062930626,15.0191388491061,60.2087334453136));
#2052=CARTESIAN_POINT('Ctrl Pts',(94.212226382056,48.0036917885682,60.757753053157));
#2053=CARTESIAN_POINT('Ctrl Pts',(79.4624523860233,69.795016902712,61.1695177590392));
#2054=CARTESIAN_POINT('Ctrl Pts',(59.7559097179188,87.2326159127396,61.5812824649216));
#2055=CARTESIAN_POINT('Ctrl Pts',(28.589375308653,103.344530938008,62.1303020727647));
#2056=CARTESIAN_POINT('Ctrl Pts',(-16.0726453233336,107.923525822075,62.8165765825687));
#2057=CARTESIAN_POINT('Ctrl Pts',(-57.4622594834358,90.5291841915866,63.5028510923726));
#2058=CARTESIAN_POINT('Ctrl Pts',(-82.5814571987369,66.0348464988661,64.0518707002157));
#2059=CARTESIAN_POINT('Ctrl Pts',(-96.3516854462303,43.6116777402746,64.4636354060981));
#2060=CARTESIAN_POINT('Ctrl Pts',(-104.111615728075,18.4680669179352,64.8754001119804));
#2061=CARTESIAN_POINT('Ctrl Pts',(-105.938217881394,-16.5692017746855,65.4244197198236));
#2062=CARTESIAN_POINT('Ctrl Pts',(-91.6931195728118,-59.1454915996466,66.1106942296274));
#2063=CARTESIAN_POINT('Ctrl Pts',(-58.7792115019869,-89.6797008834254,66.7969687394315));
#2064=CARTESIAN_POINT('Ctrl Pts',(-26.1062552178562,-102.463464043022,67.3459883472745));
#2065=CARTESIAN_POINT('Ctrl Pts',(-3.29541761280583E-13,-105.762118566389,
67.7577530531569));
#2066=CARTESIAN_POINT('Ctrl Pts',(26.1062552178554,-102.463464043023,68.1695177590393));
#2067=CARTESIAN_POINT('Ctrl Pts',(58.7792115019863,-89.6797008834257,68.7185373668824));
#2068=CARTESIAN_POINT('Ctrl Pts',(91.6931195728113,-59.1454915996473,69.4048118766863));
#2069=CARTESIAN_POINT('Ctrl Pts',(105.938217881394,-16.5692017746863,70.0910863864901));
#2070=CARTESIAN_POINT('Ctrl Pts',(104.111615728075,18.4680669179345,70.6401059943334));
#2071=CARTESIAN_POINT('Ctrl Pts',(96.3516854462308,43.6116777402739,71.0518707002157));
#2072=CARTESIAN_POINT('Ctrl Pts',(82.5814571987372,66.0348464988655,71.4636354060981));
#2073=CARTESIAN_POINT('Ctrl Pts',(57.4622594834366,90.5291841915862,72.0126550139412));
#2074=CARTESIAN_POINT('Ctrl Pts',(16.0726453233345,107.923525822075,72.6989295237451));
#2075=CARTESIAN_POINT('Ctrl Pts',(-28.5893753086517,103.344530938009,73.385204033549));
#2076=CARTESIAN_POINT('Ctrl Pts',(-59.7559097179176,87.2326159127403,73.9342236413922));
#2077=CARTESIAN_POINT('Ctrl Pts',(-79.4624523860227,69.795016902713,74.3459883472746));
#2078=CARTESIAN_POINT('Ctrl Pts',(-94.2122263820554,48.0036917885692,74.7577530531569));
#2079=CARTESIAN_POINT('Ctrl Pts',(-106.169062930626,15.0191388491067,75.3067726610001));
#2080=CARTESIAN_POINT('Ctrl Pts',(-104.948433248,-29.8604037539342,75.9930471708039));
#2081=CARTESIAN_POINT('Ctrl Pts',(-82.3601988390834,-68.6603386426441,76.6793216806079));
#2082=CARTESIAN_POINT('Ctrl Pts',(-54.8301619709073,-90.4099074407206,77.228341288451));
#2083=CARTESIAN_POINT('Ctrl Pts',(-30.8179969595391,-101.172510036337,77.6401059943334));
#2084=CARTESIAN_POINT('Ctrl Pts',(-4.88344373489279,-105.624097641039,78.0518707002157));
#2085=CARTESIAN_POINT('Ctrl Pts',(30.0967081560195,-102.91565776648,78.600890308059));
#2086=CARTESIAN_POINT('Ctrl Pts',(70.4796535942679,-83.297273561563,79.2871648178627));
#2087=CARTESIAN_POINT('Ctrl Pts',(96.5128719080578,-46.7194821396247,79.9734393276666));
#2088=CARTESIAN_POINT('Ctrl Pts',(104.97503707156,-12.6704229219163,80.52245893551));
#2089=CARTESIAN_POINT('Ctrl Pts',(104.878443862338,13.6432304336381,80.934223641392));
#2090=CARTESIAN_POINT('Ctrl Pts',(98.2396641322785,39.1058360909564,81.3459883472746));
#2091=CARTESIAN_POINT('Ctrl Pts',(81.3479274440196,69.8567044448735,81.8950079551176));
#2092=CARTESIAN_POINT('Ctrl Pts',(46.8229724220629,98.5567177168588,82.5812824649216));
#2093=CARTESIAN_POINT('Ctrl Pts',(2.76481394140912,107.190485861411,83.2675569747256));
#2094=CARTESIAN_POINT('Ctrl Pts',(-31.7440774561223,100.859365314557,83.8165765825687));
#2095=CARTESIAN_POINT('Ctrl Pts',(-55.6765808273948,89.9207655162112,84.228341288451));
#2096=CARTESIAN_POINT('Ctrl Pts',(-76.1360485280257,73.3730205166297,84.6401059943334));
#2097=CARTESIAN_POINT('Ctrl Pts',(-97.18537174592,45.3039509749784,85.1891256021764));
#2098=CARTESIAN_POINT('Ctrl Pts',(-109.095150556556,2.01630320148511,85.8754001119805));
#2099=CARTESIAN_POINT('Ctrl Pts',(-98.7930488988176,-41.6818658964753,86.5616746217843));
#2100=CARTESIAN_POINT('Ctrl Pts',(-78.7952953087338,-70.5095700058158,87.1106942296275));
#2101=CARTESIAN_POINT('Ctrl Pts',(-58.9612641832921,-87.8020218990368,87.5224589355098));
#2102=CARTESIAN_POINT('Ctrl Pts',(-35.4493029362158,-99.6174931753054,87.9342236413922));
#2103=CARTESIAN_POINT('Ctrl Pts',(-1.19792343305965,-107.219445226994,88.4832432492353));
#2104=CARTESIAN_POINT('Ctrl Pts',(43.1491766534621,-100.219588443009,89.1695177590392));
#2105=CARTESIAN_POINT('Ctrl Pts',(78.7110617304627,-72.8149244083876,89.8557922688432));
#2106=CARTESIAN_POINT('Ctrl Pts',(96.727553071679,-42.7092320460241,90.4048118766863));
#2107=CARTESIAN_POINT('Ctrl Pts',(104.302680371852,-17.5093286821117,90.8165765825687));
#2108=CARTESIAN_POINT('Ctrl Pts',(105.371536559616,8.78278476687191,91.2283412884509));
#2109=CARTESIAN_POINT('Ctrl Pts',(98.1733143368646,43.1212802158181,91.7773608962943));
#2110=CARTESIAN_POINT('Ctrl Pts',(73.5094793828505,80.6360576567338,92.4636354060978));
#2111=CARTESIAN_POINT('Ctrl Pts',(33.8790417795486,101.733254068842,93.1499099159022));
#2112=CARTESIAN_POINT('Ctrl Pts',(-0.977139857064177,105.732413303089,93.698929523745));
#2113=CARTESIAN_POINT('Ctrl Pts',(-27.0584741782962,102.242186492628,94.1106942296276));
#2114=CARTESIAN_POINT('Ctrl Pts',(-51.4519346283636,92.3742196080389,94.5224589355098));
#2115=CARTESIAN_POINT('Ctrl Pts',(-79.7668493152548,71.6567805978845,95.071478543353));
#2116=CARTESIAN_POINT('Ctrl Pts',(-103.773373088934,33.7180128611213,95.7577530531568));
#2117=CARTESIAN_POINT('Ctrl Pts',(-106.651535545981,-11.0857756165411,96.4440275629608));
#2118=CARTESIAN_POINT('Ctrl Pts',(-95.921693485447,-44.4896251285571,96.993047170804));
#2119=CARTESIAN_POINT('Ctrl Pts',(-81.987214834602,-66.8110943430486,97.4048118766864));
#2120=CARTESIAN_POINT('Ctrl Pts',(-62.9384759790953,-84.9649708210651,97.8165765825686));
#2121=CARTESIAN_POINT('Ctrl Pts',(-32.3885858565958,-102.217532554576,98.365596190412));
#2122=CARTESIAN_POINT('Ctrl Pts',(12.0737325747465,-108.443728888633,99.0518707002156));
#2123=CARTESIAN_POINT('Ctrl Pts',(54.0778271218071,-92.5906748496836,99.7381452100198));
#2124=CARTESIAN_POINT('Ctrl Pts',(80.0849724401034,-69.0412573354767,100.287164817863));
#2125=CARTESIAN_POINT('Ctrl Pts',(94.6743661565727,-47.1422328332258,100.698929523745));
#2126=CARTESIAN_POINT('Ctrl Pts',(103.358090992683,-22.3025346439347,101.110694229627));
#2127=CARTESIAN_POINT('Ctrl Pts',(106.478125299281,12.6433100130635,101.659713837471));
#2128=CARTESIAN_POINT('Ctrl Pts',(93.8160132835601,55.7169005341892,102.345988347274));
#2129=CARTESIAN_POINT('Ctrl Pts',(62.0528682481033,87.4464750434197,103.032262857078));
#2130=CARTESIAN_POINT('Ctrl Pts',(29.8746048446469,101.428822385808,103.581282464922));
#2131=CARTESIAN_POINT('Ctrl Pts',(3.90806885960047,105.689889400261,103.993047170804));
#2132=CARTESIAN_POINT('Ctrl Pts',(-22.302247586656,103.358152933279,104.404811876686));
#2133=CARTESIAN_POINT('Ctrl Pts',(-55.4252694232779,91.79043503924,104.95383148453));
#2134=CARTESIAN_POINT('Ctrl Pts',(-89.4449840901298,62.4932970379568,105.640105994333));
#2135=CARTESIAN_POINT('Ctrl Pts',(-105.253611600769,20.472461999727,106.326380504138));
#2136=CARTESIAN_POINT('Ctrl Pts',(-104.722936519557,-14.6083740339763,106.87540011198));
#2137=CARTESIAN_POINT('Ctrl Pts',(-97.8973999233317,-40.0215543414065,107.287164817863));
#2138=CARTESIAN_POINT('Ctrl Pts',(-84.9651456202337,-62.9382400050089,107.698929523745));
#2139=CARTESIAN_POINT('Ctrl Pts',(-60.7682053105178,-88.3440415572813,108.247949131588));
#2140=CARTESIAN_POINT('Ctrl Pts',(-20.0496047717244,-107.255912200939,108.934223641392));
#2141=CARTESIAN_POINT('Ctrl Pts',(24.7511151129403,-104.330373123084,109.620498151196));
#2142=CARTESIAN_POINT('Ctrl Pts',(56.4917240718684,-89.3811117439445,110.169517759039));
#2143=CARTESIAN_POINT('Ctrl Pts',(76.8291537857092,-72.6836078646536,110.581282464922));
#2144=CARTESIAN_POINT('Ctrl Pts',(92.3740767098429,-51.452191179771,110.993047170804));
#2145=CARTESIAN_POINT('Ctrl Pts',(105.541576145964,-18.9319877445963,111.542066778647));
#2146=CARTESIAN_POINT('Ctrl Pts',(105.980146471081,25.9620089270097,112.228341288451));
#2147=CARTESIAN_POINT('Ctrl Pts',(84.8410542380801,65.5701149236988,112.914615798255));
#2148=CARTESIAN_POINT('Ctrl Pts',(58.1334979075017,88.3221062148888,113.463635406098));
#2149=CARTESIAN_POINT('Ctrl Pts',(34.5354260639095,99.9646441009778,113.875400111981));
#2150=CARTESIAN_POINT('Ctrl Pts',(8.78307741598873,105.371512166716,114.287164817863));
#2151=CARTESIAN_POINT('Ctrl Pts',(-26.2732660493643,103.957491054927,114.836184425706));
#2152=CARTESIAN_POINT('Ctrl Pts',(-67.353561076595,85.8447154102062,115.52245893551));
#2153=CARTESIAN_POINT('Ctrl Pts',(-94.7206045053763,50.2538708705299,116.208733445314));
#2154=CARTESIAN_POINT('Ctrl Pts',(-104.435154309897,16.5407548033239,116.757753053157));
#2155=CARTESIAN_POINT('Ctrl Pts',(-105.310956013919,-9.75849717348333,117.169517759039));
#2156=CARTESIAN_POINT('Ctrl Pts',(-99.6175916285365,-35.4490262676754,117.581282464922));
#2157=CARTESIAN_POINT('Ctrl Pts',(-83.8736816737014,-66.8030686258759,118.130302072765));
#2158=CARTESIAN_POINT('Ctrl Pts',(-50.432813642499,-96.7592303693033,118.816576582569));
#2159=CARTESIAN_POINT('Ctrl Pts',(-6.72377491258013,-107.015117185663,119.502851092373));
#2160=CARTESIAN_POINT('Ctrl Pts',(27.9954933845642,-101.96347569276,120.051870700216));
#2161=CARTESIAN_POINT('Ctrl Pts',(52.3158499592667,-91.9166881839121,120.463635406098));
#2162=CARTESIAN_POINT('Ctrl Pts',(73.3728090630169,-76.1362523071519,120.875400111981));
#2163=CARTESIAN_POINT('Ctrl Pts',(95.4449510655159,-48.8641563059158,121.424419719823));
#2164=CARTESIAN_POINT('Ctrl Pts',(108.946139702964,-6.04615557674231,122.110694229628));
#2165=CARTESIAN_POINT('Ctrl Pts',(100.265786631192,38.002848402793,122.796968739431));
#2166=CARTESIAN_POINT('Ctrl Pts',(81.3469171928862,67.5498119038404,123.345988347275));
#2167=CARTESIAN_POINT('Ctrl Pts',(62.1654135469838,85.5633512809853,123.757753053157));
#2168=CARTESIAN_POINT('Ctrl Pts',(39.106108928036,98.2395555235616,124.169517759039));
#2169=CARTESIAN_POINT('Ctrl Pts',(5.15902459809348,107.101955726108,124.718537366882));
#2170=CARTESIAN_POINT('Ctrl Pts',(-39.4164443214037,101.745571269192,125.404811876686));
#2171=CARTESIAN_POINT('Ctrl Pts',(-75.9666861415096,75.6736879394727,126.09108638649));
#2172=CARTESIAN_POINT('Ctrl Pts',(-95.0833238528058,46.2542923332316,126.640105994333));
#2173=CARTESIAN_POINT('Ctrl Pts',(-103.584451870861,21.3515112812664,127.051870700216));
#2174=CARTESIAN_POINT('Ctrl Pts',(-105.624111379084,-4.88315036130151,127.463635406098));
#2175=CARTESIAN_POINT('Ctrl Pts',(-99.6996634431163,-39.4641798603808,128.012655013941));
#2176=CARTESIAN_POINT('Ctrl Pts',(-76.4389009045463,-77.8647024866492,128.698929523745));
#2177=CARTESIAN_POINT('Ctrl Pts',(-37.6150994279321,-100.411895150632,129.385204033549));
#2178=CARTESIAN_POINT('Ctrl Pts',(-2.93050039599355,-105.696310981668,129.934223641392));
#2179=CARTESIAN_POINT('Ctrl Pts',(23.2619964790044,-103.172212905023,130.345988347275));
#2180=CARTESIAN_POINT('Ctrl Pts',(48.0034233061059,-94.2123588094918,130.757753053157));
#2181=CARTESIAN_POINT('Ctrl Pts',(77.0645627966015,-74.555349963342,131.306772661));
#2182=CARTESIAN_POINT('Ctrl Pts',(102.456538345547,-37.5295629475535,131.993047170804));
#2183=CARTESIAN_POINT('Ctrl Pts',(106.988384711816,7.13726404193522,132.679321680608));
#2184=CARTESIAN_POINT('Ctrl Pts',(97.5000762547687,40.9147997382788,133.228341288451));
#2185=CARTESIAN_POINT('Ctrl Pts',(84.400136527582,63.7358970326237,133.640105994334));
#2186=CARTESIAN_POINT('Ctrl Pts',(66.0348105537841,82.5813085147964,134.051870700216));
#2187=CARTESIAN_POINT('Ctrl Pts',(36.144137634617,100.950841404678,134.600890308059));
#2188=CARTESIAN_POINT('Ctrl Pts',(-8.0595972123889,108.815976851109,135.287164817863));
#2189=CARTESIAN_POINT('Ctrl Pts',(-50.6175980589651,94.5254449781548,135.973439327667));
#2190=CARTESIAN_POINT('Ctrl Pts',(-77.4817021865662,71.9537056798442,136.52245893551));
#2191=CARTESIAN_POINT('Ctrl Pts',(-92.862099372957,50.6076700219567,136.934223641392));
#2192=CARTESIAN_POINT('Ctrl Pts',(-102.474058624253,26.1078476850745,137.345988347274));
#2193=CARTESIAN_POINT('Ctrl Pts',(-105.753038691368,7.25537898713568E-13,
137.757753053157));
#2194=CARTESIAN_POINT('Ctrl Pts',(-102.474058624253,-26.1078476850731,138.169517759039));
#2195=CARTESIAN_POINT('Ctrl Pts',(-92.8620993729576,-50.6076700219555,138.581282464922));
#2196=CARTESIAN_POINT('Ctrl Pts',(-77.4817021865672,-71.9537056798429,138.993047170804));
#2197=CARTESIAN_POINT('Ctrl Pts',(-50.6175980589664,-94.5254449781544,139.542066778647));
#2198=CARTESIAN_POINT('Ctrl Pts',(-8.0595972123904,-108.815976851109,140.228341288451));
#2199=CARTESIAN_POINT('Ctrl Pts',(36.1441376346157,-100.950841404679,140.914615798255));
#2200=CARTESIAN_POINT('Ctrl Pts',(66.034810553783,-82.5813085147973,141.463635406098));
#2201=CARTESIAN_POINT('Ctrl Pts',(84.400136527581,-63.7358970326248,141.87540011198));
#2202=CARTESIAN_POINT('Ctrl Pts',(97.5000762547682,-40.9147997382802,142.287164817863));
#2203=CARTESIAN_POINT('Ctrl Pts',(106.988384711816,-7.13726404193665,142.836184425706));
#2204=CARTESIAN_POINT('Ctrl Pts',(102.456538345547,37.529562947552,143.52245893551));
#2205=CARTESIAN_POINT('Ctrl Pts',(77.0645627966027,74.5553499633409,144.208733445314));
#2206=CARTESIAN_POINT('Ctrl Pts',(48.003423306107,94.2123588094912,144.757753053157));
#2207=CARTESIAN_POINT('Ctrl Pts',(23.2619964790059,103.172212905023,145.169517759039));
#2208=CARTESIAN_POINT('Ctrl Pts',(-2.93050039599218,105.696310981668,145.581282464922));
#2209=CARTESIAN_POINT('Ctrl Pts',(-37.6150994279306,100.411895150633,146.130302072765));
#2210=CARTESIAN_POINT('Ctrl Pts',(-76.4389009045454,77.8647024866503,146.816576582569));
#2211=CARTESIAN_POINT('Ctrl Pts',(-99.6996634431156,39.4641798603822,147.502851092372));
#2212=CARTESIAN_POINT('Ctrl Pts',(-105.624111379084,4.88315036130342,148.051870700216));
#2213=CARTESIAN_POINT('Ctrl Pts',(-103.584451870861,-21.3515112812634,148.463635406098));
#2214=CARTESIAN_POINT('Ctrl Pts',(-95.0833238528074,-46.2542923332286,148.87540011198));
#2215=CARTESIAN_POINT('Ctrl Pts',(-75.9666861415118,-75.6736879394704,149.424419719824));
#2216=CARTESIAN_POINT('Ctrl Pts',(-39.4164443214056,-101.745571269191,150.110694229627));
#2217=CARTESIAN_POINT('Ctrl Pts',(5.15902459809202,-107.101955726108,150.796968739432));
#2218=CARTESIAN_POINT('Ctrl Pts',(39.1061089280346,-98.2395555235621,151.345988347274));
#2219=CARTESIAN_POINT('Ctrl Pts',(62.1654135469825,-85.5633512809861,151.757753053157));
#2220=CARTESIAN_POINT('Ctrl Pts',(81.3469171928853,-67.5498119038416,152.169517759039));
#2221=CARTESIAN_POINT('Ctrl Pts',(100.265786631191,-38.0028484027943,152.718537366883));
#2222=CARTESIAN_POINT('Ctrl Pts',(108.946139702964,6.04615557674072,153.404811876686));
#2223=CARTESIAN_POINT('Ctrl Pts',(95.4449510655165,48.8641563059146,154.09108638649));
#2224=CARTESIAN_POINT('Ctrl Pts',(73.3728090630179,76.1362523071509,154.640105994333));
#2225=CARTESIAN_POINT('Ctrl Pts',(52.315849959268,91.9166881839113,155.051870700216));
#2226=CARTESIAN_POINT('Ctrl Pts',(27.9954933845657,101.963475692759,155.463635406098));
#2227=CARTESIAN_POINT('Ctrl Pts',(-6.72377491257878,107.015117185663,156.012655013941));
#2228=CARTESIAN_POINT('Ctrl Pts',(-50.4328136424974,96.7592303693041,156.698929523745));
#2229=CARTESIAN_POINT('Ctrl Pts',(-83.8736816737008,66.803068625877,157.385204033549));
#2230=CARTESIAN_POINT('Ctrl Pts',(-99.6175916285358,35.4490262676768,157.934223641392));
#2231=CARTESIAN_POINT('Ctrl Pts',(-105.310956013919,9.75849717348482,158.345988347275));
#2232=CARTESIAN_POINT('Ctrl Pts',(-104.435154309898,-16.5407548033226,158.757753053157));
#2233=CARTESIAN_POINT('Ctrl Pts',(-94.720604505377,-50.2538708705285,159.306772661));
#2234=CARTESIAN_POINT('Ctrl Pts',(-67.3535610765961,-85.8447154102054,159.993047170804));
#2235=CARTESIAN_POINT('Ctrl Pts',(-26.2732660493658,-103.957491054927,160.679321680608));
#2236=CARTESIAN_POINT('Ctrl Pts',(8.7830774159873,-105.371512166716,161.228341288451));
#2237=CARTESIAN_POINT('Ctrl Pts',(34.5354260639081,-99.9646441009782,161.640105994334));
#2238=CARTESIAN_POINT('Ctrl Pts',(58.1334979075005,-88.3221062148896,162.051870700216));
#2239=CARTESIAN_POINT('Ctrl Pts',(84.8410542380791,-65.5701149236999,162.600890308059));
#2240=CARTESIAN_POINT('Ctrl Pts',(105.98014647108,-25.9620089270112,163.287164817863));
#2241=CARTESIAN_POINT('Ctrl Pts',(105.541576145964,18.9319877445949,163.973439327667));
#2242=CARTESIAN_POINT('Ctrl Pts',(92.3740767098436,51.4521911797698,164.52245893551));
#2243=CARTESIAN_POINT('Ctrl Pts',(76.8291537857101,72.6836078646525,164.934223641392));
#2244=CARTESIAN_POINT('Ctrl Pts',(56.4917240718697,89.3811117439438,165.345988347275));
#2245=CARTESIAN_POINT('Ctrl Pts',(24.7511151129417,104.330373123083,165.895007955118));
#2246=CARTESIAN_POINT('Ctrl Pts',(-20.0496047717229,107.255912200939,166.581282464922));
#2247=CARTESIAN_POINT('Ctrl Pts',(-60.7682053105166,88.3440415572822,167.267556974726));
#2248=CARTESIAN_POINT('Ctrl Pts',(-84.9651456202328,62.93824000501,167.816576582569));
#2249=CARTESIAN_POINT('Ctrl Pts',(-97.8973999233312,40.0215543414078,168.228341288451));
#2250=CARTESIAN_POINT('Ctrl Pts',(-104.722936519556,14.6083740339777,168.640105994333));
#2251=CARTESIAN_POINT('Ctrl Pts',(-105.25361160077,-20.4724619997256,169.189125602177));
#2252=CARTESIAN_POINT('Ctrl Pts',(-89.4449840901307,-62.4932970379556,169.87540011198));
#2253=CARTESIAN_POINT('Ctrl Pts',(-55.4252694232792,-91.7904350392392,170.561674621785));
#2254=CARTESIAN_POINT('Ctrl Pts',(-22.3022475866574,-103.358152933279,171.110694229627));
#2255=CARTESIAN_POINT('Ctrl Pts',(3.908068859599,-105.689889400261,171.52245893551));
#2256=CARTESIAN_POINT('Ctrl Pts',(29.8746048446452,-101.428822385809,171.934223641392));
#2257=CARTESIAN_POINT('Ctrl Pts',(62.0528682481017,-87.4464750434208,172.483243249235));
#2258=CARTESIAN_POINT('Ctrl Pts',(93.8160132835594,-55.7169005341908,173.169517759039));
#2259=CARTESIAN_POINT('Ctrl Pts',(106.478125299281,-12.6433100130645,173.855792268843));
#2260=CARTESIAN_POINT('Ctrl Pts',(103.358090992683,22.3025346439343,174.404811876686));
#2261=CARTESIAN_POINT('Ctrl Pts',(94.674366156573,47.1422328332251,174.816576582569));
#2262=CARTESIAN_POINT('Ctrl Pts',(80.0849724401039,69.041257335476,175.228341288451));
#2263=CARTESIAN_POINT('Ctrl Pts',(54.0778271218081,92.5906748496833,175.777360896294));
#2264=CARTESIAN_POINT('Ctrl Pts',(12.0737325747471,108.443728888633,176.463635406098));
#2265=CARTESIAN_POINT('Ctrl Pts',(-32.3885858565952,102.217532554576,177.149909915902));
#2266=CARTESIAN_POINT('Ctrl Pts',(-62.9384759790949,84.9649708210654,177.698929523745));
#2267=CARTESIAN_POINT('Ctrl Pts',(-81.987214834601,66.8110943430496,178.110694229627));
#2268=CARTESIAN_POINT('Ctrl Pts',(-95.9216934854464,44.4896251285586,178.52245893551));
#2269=CARTESIAN_POINT('Ctrl Pts',(-106.651535545981,11.0857756165429,179.071478543353));
#2270=CARTESIAN_POINT('Ctrl Pts',(-103.773373088935,-33.71801286112,179.757753053157));
#2271=CARTESIAN_POINT('Ctrl Pts',(-79.7668493152556,-71.6567805978835,180.444027562961));
#2272=CARTESIAN_POINT('Ctrl Pts',(-51.4519346283646,-92.3742196080384,180.993047170804));
#2273=CARTESIAN_POINT('Ctrl Pts',(-27.0584741782977,-102.242186492628,181.404811876687));
#2274=CARTESIAN_POINT('Ctrl Pts',(-0.977139857065823,-105.73241330309,181.816576582569));
#2275=CARTESIAN_POINT('Ctrl Pts',(33.8790417795469,-101.733254068842,182.365596190412));
#2276=CARTESIAN_POINT('Ctrl Pts',(73.5094793828496,-80.636057656735,183.051870700216));
#2277=CARTESIAN_POINT('Ctrl Pts',(98.1733143368639,-43.1212802158192,183.73814521002));
#2278=CARTESIAN_POINT('Ctrl Pts',(105.371536559616,-8.78278476687313,184.287164817863));
#2279=CARTESIAN_POINT('Ctrl Pts',(104.302680371852,17.5093286821102,184.698929523745));
#2280=CARTESIAN_POINT('Ctrl Pts',(96.7275530716798,42.7092320460225,185.110694229628));
#2281=CARTESIAN_POINT('Ctrl Pts',(78.7110617304637,72.8149244083864,185.65971383747));
#2282=CARTESIAN_POINT('Ctrl Pts',(43.1491766534636,100.219588443009,186.345988347275));
#2283=CARTESIAN_POINT('Ctrl Pts',(-1.19792343305848,107.219445226994,187.032262857078));
#2284=CARTESIAN_POINT('Ctrl Pts',(-35.4493029362147,99.6174931753057,187.581282464922));
#2285=CARTESIAN_POINT('Ctrl Pts',(-58.9612641832908,87.8020218990375,187.993047170804));
#2286=CARTESIAN_POINT('Ctrl Pts',(-78.7952953087327,70.5095700058173,188.404811876686));
#2287=CARTESIAN_POINT('Ctrl Pts',(-98.7930488988167,41.6818658964768,188.953831484529));
#2288=CARTESIAN_POINT('Ctrl Pts',(-109.095150556556,-2.01630320148317,189.640105994333));
#2289=CARTESIAN_POINT('Ctrl Pts',(-97.1853717459207,-45.303950974977,190.326380504137));
#2290=CARTESIAN_POINT('Ctrl Pts',(-76.136048528027,-73.373020516628,190.87540011198));
#2291=CARTESIAN_POINT('Ctrl Pts',(-55.6765808273966,-89.9207655162102,191.287164817863));
#2292=CARTESIAN_POINT('Ctrl Pts',(-31.7440774561246,-100.859365314557,191.698929523745));
#2293=CARTESIAN_POINT('Ctrl Pts',(2.76481394140665,-107.190485861411,192.247949131588));
#2294=CARTESIAN_POINT('Ctrl Pts',(46.8229724220608,-98.5567177168599,192.934223641392));
#2295=CARTESIAN_POINT('Ctrl Pts',(81.3479274440184,-69.856704444875,193.620498151196));
#2296=CARTESIAN_POINT('Ctrl Pts',(98.2396641322777,-39.1058360909582,194.169517759039));
#2297=CARTESIAN_POINT('Ctrl Pts',(104.878443862337,-13.6432304336402,194.581282464922));
#2298=CARTESIAN_POINT('Ctrl Pts',(104.97503707156,12.6704229219138,194.993047170804));
#2299=CARTESIAN_POINT('Ctrl Pts',(96.512871908059,46.7194821396231,195.542066778647));
#2300=CARTESIAN_POINT('Ctrl Pts',(70.4796535942688,83.2972735615623,196.228341288451));
#2301=CARTESIAN_POINT('Ctrl Pts',(30.0967081560205,102.91565776648,196.914615798255));
#2302=CARTESIAN_POINT('Ctrl Pts',(-4.88344373489186,105.624097641039,197.463635406098));
#2303=CARTESIAN_POINT('Ctrl Pts',(-30.8179969595384,101.172510036337,197.87540011198));
#2304=CARTESIAN_POINT('Ctrl Pts',(-54.8301619709069,90.409907440721,198.287164817863));
#2305=CARTESIAN_POINT('Ctrl Pts',(-82.3601988390832,68.6603386426443,198.836184425706));
#2306=CARTESIAN_POINT('Ctrl Pts',(-104.948433248,29.860403753935,199.52245893551));
#2307=CARTESIAN_POINT('Ctrl Pts',(-106.169062930626,-15.0191388491059,200.208733445314));
#2308=CARTESIAN_POINT('Ctrl Pts',(-94.212226382056,-48.003691788568,200.757753053157));
#2309=CARTESIAN_POINT('Ctrl Pts',(-79.4624523860235,-69.7950169027121,201.169517759039));
#2310=CARTESIAN_POINT('Ctrl Pts',(-59.7559097179186,-87.2326159127397,201.581282464922));
#2311=CARTESIAN_POINT('Ctrl Pts',(-28.5893753086529,-103.344530938008,202.130302072765));
#2312=CARTESIAN_POINT('Ctrl Pts',(16.0726453233331,-107.923525822075,202.816576582569));
#2313=CARTESIAN_POINT('Ctrl Pts',(57.462259483435,-90.5291841915871,203.502851092373));
#2314=CARTESIAN_POINT('Ctrl Pts',(82.5814571987362,-66.0348464988668,204.051870700215));
#2315=CARTESIAN_POINT('Ctrl Pts',(96.3516854462302,-43.6116777402753,204.463635406098));
#2316=CARTESIAN_POINT('Ctrl Pts',(104.111615728075,-18.4680669179357,204.87540011198));
#2317=CARTESIAN_POINT('Ctrl Pts',(105.938217881394,16.569201774685,205.424419719824));
#2318=CARTESIAN_POINT('Ctrl Pts',(91.693119572812,59.1454915996461,206.110694229628));
#2319=CARTESIAN_POINT('Ctrl Pts',(58.7792115019879,89.6797008834248,206.796968739431));
#2320=CARTESIAN_POINT('Ctrl Pts',(26.106255217857,102.463464043022,207.345988347275));
#2321=CARTESIAN_POINT('Ctrl Pts',(1.13213540568976E-12,105.762118566389,
207.757753053157));
#2322=CARTESIAN_POINT('Ctrl Pts',(-26.106255217855,102.463464043023,208.169517759039));
#2323=CARTESIAN_POINT('Ctrl Pts',(-58.7792115019859,89.6797008834258,208.718537366883));
#2324=CARTESIAN_POINT('Ctrl Pts',(-91.6931195728113,59.1454915996477,209.404811876686));
#2325=CARTESIAN_POINT('Ctrl Pts',(-105.938217881394,16.5692017746857,210.091086386491));
#2326=CARTESIAN_POINT('Ctrl Pts',(-104.111615728075,-18.468066917936,210.640105994333));
#2327=CARTESIAN_POINT('Ctrl Pts',(-96.3516854462299,-43.611677740276,211.051870700216));
#2328=CARTESIAN_POINT('Ctrl Pts',(-82.581457198736,-66.0348464988671,211.463635406098));
#2329=CARTESIAN_POINT('Ctrl Pts',(-57.4622594834354,-90.5291841915865,212.012655013941));
#2330=CARTESIAN_POINT('Ctrl Pts',(-16.0726453233344,-107.923525822075,212.698929523745));
#2331=CARTESIAN_POINT('Ctrl Pts',(28.5893753086524,-103.344530938008,213.385204033549));
#2332=CARTESIAN_POINT('Ctrl Pts',(59.7559097179188,-87.2326159127396,213.934223641392));
#2333=CARTESIAN_POINT('Ctrl Pts',(79.4624523860241,-69.7950169027115,214.345988347274));
#2334=CARTESIAN_POINT('Ctrl Pts',(94.2122263820561,-48.0036917885677,214.757753053157));
#2335=CARTESIAN_POINT('Ctrl Pts',(106.169062930626,-15.0191388491065,215.306772661));
#2336=CARTESIAN_POINT('Ctrl Pts',(104.948433248,29.8604037539338,215.993047170804));
#2337=CARTESIAN_POINT('Ctrl Pts',(82.3601988390835,68.6603386426439,216.679321680608));
#2338=CARTESIAN_POINT('Ctrl Pts',(54.8301619709068,90.4099074407213,217.228341288451));
#2339=CARTESIAN_POINT('Ctrl Pts',(30.8179969595376,101.172510036338,217.640105994333));
#2340=CARTESIAN_POINT('Ctrl Pts',(4.88344373489153,105.624097641039,218.051870700216));
#2341=CARTESIAN_POINT('Ctrl Pts',(-30.0967081560198,102.91565776648,218.600890308059));
#2342=CARTESIAN_POINT('Ctrl Pts',(-70.4796535942676,83.2972735615632,219.287164817863));
#2343=CARTESIAN_POINT('Ctrl Pts',(-96.5128719080579,46.7194821396251,219.973439327666));
#2344=CARTESIAN_POINT('Ctrl Pts',(-104.97503707156,12.6704229219154,220.52245893551));
#2345=CARTESIAN_POINT('Ctrl Pts',(-104.878443862338,-13.6432304336396,220.934223641392));
#2346=CARTESIAN_POINT('Ctrl Pts',(-98.2396641322781,-39.1058360909576,221.345988347275));
#2347=CARTESIAN_POINT('Ctrl Pts',(-81.3479274440192,-69.8567044448735,221.895007955118));
#2348=CARTESIAN_POINT('Ctrl Pts',(-46.8229724220634,-98.5567177168587,222.581282464922));
#2349=CARTESIAN_POINT('Ctrl Pts',(-2.76481394140933,-107.190485861411,223.267556974725));
#2350=CARTESIAN_POINT('Ctrl Pts',(31.744077456123,-100.859365314557,223.816576582569));
#2351=CARTESIAN_POINT('Ctrl Pts',(55.6765808273961,-89.9207655162105,224.228341288451));
#2352=CARTESIAN_POINT('Ctrl Pts',(76.1360485280266,-73.3730205166286,224.640105994333));
#2353=CARTESIAN_POINT('Ctrl Pts',(97.1853717459197,-45.3039509749784,225.189125602176));
#2354=CARTESIAN_POINT('Ctrl Pts',(109.095150556556,-2.01630320148605,225.875400111981));
#2355=CARTESIAN_POINT('Ctrl Pts',(98.7930488988181,41.6818658964744,226.561674621784));
#2356=CARTESIAN_POINT('Ctrl Pts',(78.7952953087338,70.509570005816,227.110694229628));
#2357=CARTESIAN_POINT('Ctrl Pts',(58.9612641832915,87.8020218990372,227.52245893551));
#2358=CARTESIAN_POINT('Ctrl Pts',(35.4493029362153,99.6174931753055,227.934223641392));
#2359=CARTESIAN_POINT('Ctrl Pts',(1.19792343306017,107.219445226994,228.483243249235));
#2360=CARTESIAN_POINT('Ctrl Pts',(-43.1491766534611,100.21958844301,229.169517759039));
#2361=CARTESIAN_POINT('Ctrl Pts',(-78.7110617304619,72.8149244083884,229.855792268843));
#2362=CARTESIAN_POINT('Ctrl Pts',(-96.7275530716792,42.7092320460241,230.404811876686));
#2363=CARTESIAN_POINT('Ctrl Pts',(-104.302680371852,17.5093286821109,230.816576582569));
#2364=CARTESIAN_POINT('Ctrl Pts',(-105.371536559616,-8.78278476687248,231.228341288451));
#2365=CARTESIAN_POINT('Ctrl Pts',(-98.1733143368643,-43.1212802158175,231.777360896294));
#2366=CARTESIAN_POINT('Ctrl Pts',(-73.5094793828518,-80.6360576567332,232.463635406098));
#2367=CARTESIAN_POINT('Ctrl Pts',(-33.8790417795494,-101.733254068842,233.149909915902));
#2368=CARTESIAN_POINT('Ctrl Pts',(0.97713985706411,-105.73241330309,233.698929523745));
#2369=CARTESIAN_POINT('Ctrl Pts',(27.0584741782971,-102.242186492628,234.110694229628));
#2370=CARTESIAN_POINT('Ctrl Pts',(51.4519346283639,-92.3742196080387,234.52245893551));
#2371=CARTESIAN_POINT('Ctrl Pts',(79.7668493152544,-71.6567805978846,235.071478543353));
#2372=CARTESIAN_POINT('Ctrl Pts',(103.773373088934,-33.7180128611227,235.757753053157));
#2373=CARTESIAN_POINT('Ctrl Pts',(106.651535545981,11.0857756165402,236.444027562961));
#2374=CARTESIAN_POINT('Ctrl Pts',(95.9216934854472,44.4896251285571,236.993047170804));
#2375=CARTESIAN_POINT('Ctrl Pts',(81.9872148346015,66.8110943430491,237.404811876686));
#2376=CARTESIAN_POINT('Ctrl Pts',(62.9384759790954,84.964970821065,237.816576582569));
#2377=CARTESIAN_POINT('Ctrl Pts',(32.3885858565967,102.217532554576,238.365596190412));
#2378=CARTESIAN_POINT('Ctrl Pts',(-12.0737325747444,108.443728888633,239.051870700216));
#2379=CARTESIAN_POINT('Ctrl Pts',(-54.0778271218057,92.5906748496846,239.738145210019));
#2380=CARTESIAN_POINT('Ctrl Pts',(-80.084972440103,69.0412573354774,240.287164817863));
#2381=CARTESIAN_POINT('Ctrl Pts',(-94.6743661565727,47.1422328332258,240.698929523745));
#2382=CARTESIAN_POINT('Ctrl Pts',(-103.358090992683,22.3025346439349,241.110694229628));
#2383=CARTESIAN_POINT('Ctrl Pts',(-106.478125299281,-12.6433100130622,241.65971383747));
#2384=CARTESIAN_POINT('Ctrl Pts',(-93.8160132835613,-55.7169005341875,242.345988347275));
#2385=CARTESIAN_POINT('Ctrl Pts',(-62.0528682481048,-87.4464750434188,243.032262857078));
#2386=CARTESIAN_POINT('Ctrl Pts',(-29.8746048446478,-101.428822385808,243.581282464922));
#2387=CARTESIAN_POINT('Ctrl Pts',(-3.90806885960117,-105.689889400261,243.993047170804));
#2388=CARTESIAN_POINT('Ctrl Pts',(22.3022475866548,-103.358152933279,244.404811876686));
#2389=CARTESIAN_POINT('Ctrl Pts',(55.425269423276,-91.7904350392411,244.95383148453));
#2390=CARTESIAN_POINT('Ctrl Pts',(89.444984090128,-62.4932970379591,245.640105994333));
#2391=CARTESIAN_POINT('Ctrl Pts',(105.253611600769,-20.4724619997293,246.326380504138));
#2392=CARTESIAN_POINT('Ctrl Pts',(104.722936519557,14.6083740339751,246.87540011198));
#2393=CARTESIAN_POINT('Ctrl Pts',(97.897399923332,40.0215543414057,247.287164817863));
#2394=CARTESIAN_POINT('Ctrl Pts',(84.9651456202344,62.9382400050078,247.698929523745));
#2395=CARTESIAN_POINT('Ctrl Pts',(60.7682053105195,88.3440415572799,248.247949131588));
#2396=CARTESIAN_POINT('Ctrl Pts',(20.0496047717273,107.255912200938,248.934223641393));
#2397=CARTESIAN_POINT('Ctrl Pts',(-24.7511151129381,104.330373123084,249.620498151196));
#2398=CARTESIAN_POINT('Ctrl Pts',(-56.4917240718674,89.3811117439453,250.169517759039));
#2399=CARTESIAN_POINT('Ctrl Pts',(-76.8291537857088,72.6836078646542,250.581282464921));
#2400=CARTESIAN_POINT('Ctrl Pts',(-92.3740767098422,51.452191179772,250.993047170804));
#2401=CARTESIAN_POINT('Ctrl Pts',(-105.541576145963,18.9319877445986,251.542066778647));
#2402=CARTESIAN_POINT('Ctrl Pts',(-105.980146471082,-25.9620089270071,252.228341288451));
#2403=CARTESIAN_POINT('Ctrl Pts',(-84.8410542380816,-65.570114923697,252.914615798255));
#2404=CARTESIAN_POINT('Ctrl Pts',(-58.1334979075028,-88.3221062148883,253.463635406098));
#2405=CARTESIAN_POINT('Ctrl Pts',(-34.5354260639102,-99.9646441009775,253.87540011198));
#2406=CARTESIAN_POINT('Ctrl Pts',(-8.78307741598994,-105.371512166716,254.287164817863));
#2407=CARTESIAN_POINT('Ctrl Pts',(26.2732660493631,-103.957491054927,254.836184425706));
#2408=CARTESIAN_POINT('Ctrl Pts',(67.3535610765946,-85.8447154102068,255.52245893551));
#2409=CARTESIAN_POINT('Ctrl Pts',(94.7206045053762,-50.2538708705302,256.208733445314));
#2410=CARTESIAN_POINT('Ctrl Pts',(104.435154309897,-16.540754803324,256.757753053157));
#2411=CARTESIAN_POINT('Ctrl Pts',(105.31095601392,9.75849717348241,257.16951775904));
#2412=CARTESIAN_POINT('Ctrl Pts',(99.6175916285367,35.4490262676755,257.581282464921));
#2413=CARTESIAN_POINT('Ctrl Pts',(83.8736816737008,66.803068625876,258.130302072765));
#2414=CARTESIAN_POINT('Ctrl Pts',(50.4328136424987,96.7592303693055,258.816576582568));
#2415=CARTESIAN_POINT('Ctrl Pts',(6.72377491257788,107.01511718566,259.502851092373));
#2416=CARTESIAN_POINT('Ctrl Pts',(-27.995493384562,101.963475692763,260.051870700216));
#2417=CARTESIAN_POINT('Ctrl Pts',(-52.3158499592705,91.9166881839055,260.463635406098));
#2418=CARTESIAN_POINT('Ctrl Pts',(-73.3728090630086,76.1362523071649,260.875400111981));
#2419=CARTESIAN_POINT('Ctrl Pts',(-95.4449510655342,48.8641563058876,261.424419719823));
#2420=CARTESIAN_POINT('Ctrl Pts',(-108.946139702925,6.04615557680132,262.110694229628));
#2421=CARTESIAN_POINT('Ctrl Pts',(-100.265786631251,-38.0028484028856,262.796968739431));
#2422=CARTESIAN_POINT('Ctrl Pts',(-81.3469171928065,-67.5498119037165,263.345988347275));
#2423=CARTESIAN_POINT('Ctrl Pts',(-62.1654135471562,-85.5633512812512,263.757753053157));
#2424=CARTESIAN_POINT('Ctrl Pts',(-39.1061089277193,-98.2395555230706,264.169517759039));
#2425=CARTESIAN_POINT('Ctrl Pts',(-5.1590245987858,-107.101955727182,264.718537366882));
#2426=CARTESIAN_POINT('Ctrl Pts',(39.4164443229205,-101.745571266844,265.404811876687));
#2427=CARTESIAN_POINT('Ctrl Pts',(75.9666861392014,-75.6736879430481,266.09108638649));
#2428=CARTESIAN_POINT('Ctrl Pts',(95.0833238559092,-46.254292328424,266.640105994334));
#2429=CARTESIAN_POINT('Ctrl Pts',(103.584451864178,-21.3515112916195,267.051870700215));
#2430=CARTESIAN_POINT('Ctrl Pts',(105.624111391402,4.88315038038449,267.463635406098));
#2431=CARTESIAN_POINT('Ctrl Pts',(99.6996634161804,39.4641798186497,268.012655013941));
#2432=CARTESIAN_POINT('Ctrl Pts',(76.4389009634466,77.8647025779003,268.698929523745));
#2433=CARTESIAN_POINT('Ctrl Pts',(37.6150993382103,100.411895011628,269.385204033549));
#2434=CARTESIAN_POINT('Ctrl Pts',(2.93050051661212,105.696311168533,269.934223641392));
#2435=CARTESIAN_POINT('Ctrl Pts',(-23.2619967387143,103.172212502663,270.345988347274));
#2436=CARTESIAN_POINT('Ctrl Pts',(-48.0034228273516,94.2123595512035,270.757753053157));
#2437=CARTESIAN_POINT('Ctrl Pts',(-77.0645638435028,74.5553483414244,271.306772661));
#2438=CARTESIAN_POINT('Ctrl Pts',(-102.45653605633,37.5295664941354,271.993047170804));
#2439=CARTESIAN_POINT('Ctrl Pts',(-106.988388198987,-7.13726944445228,272.679321680608));
#2440=CARTESIAN_POINT('Ctrl Pts',(-97.5000715668867,-40.9147924755519,273.228341288451));
#2441=CARTESIAN_POINT('Ctrl Pts',(-84.4001466216012,-63.7359126707939,273.640105994333));
#2442=CARTESIAN_POINT('Ctrl Pts',(-66.0347919462238,-82.5812796872832,274.051870700216));
#2443=CARTESIAN_POINT('Ctrl Pts',(-36.1441783270635,-100.950904443744,274.600890308059));
#2444=CARTESIAN_POINT('Ctrl Pts',(8.0596862258054,-108.815838991821,275.287164817863));
#2445=CARTESIAN_POINT('Ctrl Pts',(50.6174623174145,-94.5256550436878,275.973439327666));
#2446=CARTESIAN_POINT('Ctrl Pts',(77.4818857172359,-71.9534228267323,276.52245893551));
#2447=CARTESIAN_POINT('Ctrl Pts',(92.8616902692,-50.6082851333188,276.934223641392));
#2448=CARTESIAN_POINT('Ctrl Pts',(102.474929848138,-26.1066621646899,277.345988347274));
#2449=CARTESIAN_POINT('Ctrl Pts',(104.658903898199,-8.70363384925873,277.620498151196));
#2450=CARTESIAN_POINT('Ctrl Pts',(104.658903898199,-1.43576527394528E-12,
277.757753053157));
#2451=CARTESIAN_POINT('Ctrl Pts',(103.222438333084,0.,-4.04515911810139));
#2452=CARTESIAN_POINT('Ctrl Pts',(103.222438333084,8.58376527713636,-3.9079042161406));
#2453=CARTESIAN_POINT('Ctrl Pts',(101.068439788224,25.7486233869567,-3.63339441221904));
#2454=CARTESIAN_POINT('Ctrl Pts',(91.5871439532968,49.9135466525225,-3.22162970633668));
#2455=CARTESIAN_POINT('Ctrl Pts',(76.4184304677807,70.965904496315,-2.80986500045433));
#2456=CARTESIAN_POINT('Ctrl Pts',(49.92272695421,93.2282278979348,-2.26084539261119));
#2457=CARTESIAN_POINT('Ctrl Pts',(7.94906532975462,107.322346519811,-1.57457088280727));
#2458=CARTESIAN_POINT('Ctrl Pts',(-35.6480918440942,99.5653191982495,-0.888296373003349));
#2459=CARTESIAN_POINT('Ctrl Pts',(-65.1284504769619,81.4478400113505,-0.339276765160212));
#2460=CARTESIAN_POINT('Ctrl Pts',(-83.2417367797528,62.861120641012,0.0724879407221402));
#2461=CARTESIAN_POINT('Ctrl Pts',(-96.161862487816,40.3532297751394,0.484252646604496));
#2462=CARTESIAN_POINT('Ctrl Pts',(-105.519949969742,7.03930782044789,1.03327225444763));
#2463=CARTESIAN_POINT('Ctrl Pts',(-101.050298455093,-37.0144645483009,1.71954676425155));
#2464=CARTESIAN_POINT('Ctrl Pts',(-76.0068364249223,-73.5320607638549,2.40582127405547));
#2465=CARTESIAN_POINT('Ctrl Pts',(-47.3445657083619,-92.9192748639981,2.95484088189861));
#2466=CARTESIAN_POINT('Ctrl Pts',(-22.9427209193991,-101.756152172427,3.36660558778097));
#2467=CARTESIAN_POINT('Ctrl Pts',(2.89027877795351,-104.245606931672,3.77837029366332));
#2468=CARTESIAN_POINT('Ctrl Pts',(37.098824153632,-99.0337205687854,4.32738990150645));
#2469=CARTESIAN_POINT('Ctrl Pts',(75.3897609000647,-76.7959930676975,5.01366441131038));
#2470=CARTESIAN_POINT('Ctrl Pts',(98.3312644743168,-38.9225256223057,5.69993892111429));
#2471=CARTESIAN_POINT('Ctrl Pts',(104.174398149544,-4.81612810599212,6.24895852895745));
#2472=CARTESIAN_POINT('Ctrl Pts',(102.162733380208,21.0584572865551,6.66072323483978));
#2473=CARTESIAN_POINT('Ctrl Pts',(93.7782851497095,45.6194423960042,7.07248794072214));
#2474=CARTESIAN_POINT('Ctrl Pts',(74.9240273240384,74.6350505892981,7.62150754856529));
#2475=CARTESIAN_POINT('Ctrl Pts',(38.8754452978953,100.349091808009,8.30778205836918));
#2476=CARTESIAN_POINT('Ctrl Pts',(-5.08821589632712,105.631958759404,8.99405656817313));
#2477=CARTESIAN_POINT('Ctrl Pts',(-38.5693693215501,96.8911968705866,9.54307617601626));
#2478=CARTESIAN_POINT('Ctrl Pts',(-61.3121801138247,84.3889762096719,9.95484088189862));
#2479=CARTESIAN_POINT('Ctrl Pts',(-80.2304135698612,66.6226764655193,10.366605587781));
#2480=CARTESIAN_POINT('Ctrl Pts',(-98.8896175286672,37.481251280466,10.9156251956241));
#2481=CARTESIAN_POINT('Ctrl Pts',(-107.450830920715,-5.9631708142519,11.601899705428));
#2482=CARTESIAN_POINT('Ctrl Pts',(-94.134948949488,-48.1934854380799,12.2881742152319));
#2483=CARTESIAN_POINT('Ctrl Pts',(-72.3657517586709,-75.0912661605215,12.8371938230751));
#2484=CARTESIAN_POINT('Ctrl Pts',(-51.5978038668984,-90.6551122212531,13.2489585289574));
#2485=CARTESIAN_POINT('Ctrl Pts',(-27.6112493238343,-100.564005449174,13.6607232348398));
#2486=CARTESIAN_POINT('Ctrl Pts',(6.63148968151006,-105.546312095428,14.209742842683));
#2487=CARTESIAN_POINT('Ctrl Pts',(49.7406126213629,-95.4311894921742,14.8960173524868));
#2488=CARTESIAN_POINT('Ctrl Pts',(82.7224976744794,-65.8861823968897,15.5822918622908));
#2489=CARTESIAN_POINT('Ctrl Pts',(98.2503191392959,-34.9624808935732,16.1313114701339));
#2490=CARTESIAN_POINT('Ctrl Pts',(103.865540895771,-9.62455973830315,16.5430761760163));
#2491=CARTESIAN_POINT('Ctrl Pts',(103.001759755149,16.3137294494256,16.9548408818986));
#2492=CARTESIAN_POINT('Ctrl Pts',(93.4205441988866,49.5641258767398,17.5038604897418));
#2493=CARTESIAN_POINT('Ctrl Pts',(66.4291192224319,84.6664785565714,18.1901349995457));
#2494=CARTESIAN_POINT('Ctrl Pts',(25.9126599226303,102.530652529259,18.8764095093496));
#2495=CARTESIAN_POINT('Ctrl Pts',(-8.66252782303556,103.925265902578,19.4254291171927));
#2496=CARTESIAN_POINT('Ctrl Pts',(-34.0614200455998,98.5926082432387,19.8371938230751));
#2497=CARTESIAN_POINT('Ctrl Pts',(-57.3356033680642,87.1098666491139,20.2489585289574));
#2498=CARTESIAN_POINT('Ctrl Pts',(-83.6765928460554,64.6701512447361,20.7979781368006));
#2499=CARTESIAN_POINT('Ctrl Pts',(-104.525546572541,25.6056748700331,21.4842526466045));
#2500=CARTESIAN_POINT('Ctrl Pts',(-104.092995717785,-18.6721422134338,22.1705271564084));
#2501=CARTESIAN_POINT('Ctrl Pts',(-91.1062229930484,-50.7459989865932,22.7195467642516));
#2502=CARTESIAN_POINT('Ctrl Pts',(-75.7746574199017,-71.6860099923553,23.1313114701339));
#2503=CARTESIAN_POINT('Ctrl Pts',(-55.7163632251497,-88.1543371035684,23.5430761760163));
#2504=CARTESIAN_POINT('Ctrl Pts',(-24.411400829362,-102.898416712259,24.0920957838594));
#2505=CARTESIAN_POINT('Ctrl Pts',(19.7744197107688,-105.783802148253,24.7783702936633));
#2506=CARTESIAN_POINT('Ctrl Pts',(59.9341488553949,-87.1315009242977,25.4646448034672));
#2507=CARTESIAN_POINT('Ctrl Pts',(83.798981047775,-62.0743993652861,26.0136644113104));
#2508=CARTESIAN_POINT('Ctrl Pts',(96.5537374286343,-39.4722500535487,26.4254291171928));
#2509=CARTESIAN_POINT('Ctrl Pts',(103.285592093187,-14.407871014353,26.837193823075));
#2510=CARTESIAN_POINT('Ctrl Pts',(103.808983546806,20.1914731339888,27.3862134309183));
#2511=CARTESIAN_POINT('Ctrl Pts',(88.2173327883095,61.6355633344502,28.0724879407221));
#2512=CARTESIAN_POINT('Ctrl Pts',(54.6645458918983,90.5305919276689,28.7587624505261));
#2513=CARTESIAN_POINT('Ctrl Pts',(21.9961445271965,101.93954044994,29.3077820583692));
#2514=CARTESIAN_POINT('Ctrl Pts',(-3.85442978892601,104.239273341336,29.7195467642516));
#2515=CARTESIAN_POINT('Ctrl Pts',(-29.4645695821666,100.036690371803,30.1313114701339));
#2516=CARTESIAN_POINT('Ctrl Pts',(-61.2011795227775,86.2462537004495,30.6803310779771));
#2517=CARTESIAN_POINT('Ctrl Pts',(-92.5283686826829,54.9521743042062,31.3666055877809));
#2518=CARTESIAN_POINT('Ctrl Pts',(-105.016690536128,12.4697779122455,32.0528800975849));
#2519=CARTESIAN_POINT('Ctrl Pts',(-101.939479359492,-21.9964276445529,32.601899705428));
#2520=CARTESIAN_POINT('Ctrl Pts',(-93.3749404811881,-46.4951957288292,33.0136644113104));
#2521=CARTESIAN_POINT('Ctrl Pts',(-78.9857892754752,-68.0936514936348,33.4254291171927));
#2522=CARTESIAN_POINT('Ctrl Pts',(-53.3355975206622,-91.3198482776635,33.9744487250359));
#2523=CARTESIAN_POINT('Ctrl Pts',(-11.908018044592,-106.955315800983,34.6607232348398));
#2524=CARTESIAN_POINT('Ctrl Pts',(31.9440456736499,-100.814575326891,35.3469977446437));
#2525=CARTESIAN_POINT('Ctrl Pts',(62.0746321005778,-83.7988086477624,35.8960173524869));
#2526=CARTESIAN_POINT('Ctrl Pts',(80.8619229912611,-65.8940979593993,36.3077820583692));
#2527=CARTESIAN_POINT('Ctrl Pts',(94.6051479789758,-43.8789956252699,36.7195467642516));
#2528=CARTESIAN_POINT('Ctrl Pts',(105.187720690558,-10.9336210043438,37.2685663720947));
#2529=CARTESIAN_POINT('Ctrl Pts',(102.349061621244,33.2552260116975,37.9548408818986));
#2530=CARTESIAN_POINT('Ctrl Pts',(78.6720324577187,70.6732761467386,38.6411153917025));
#2531=CARTESIAN_POINT('Ctrl Pts',(50.7457459564089,91.1063639299364,39.1901349995457));
#2532=CARTESIAN_POINT('Ctrl Pts',(26.6870909041182,100.838890884434,39.601899705428));
#2533=CARTESIAN_POINT('Ctrl Pts',(0.96372840610664,104.281213594615,40.0136644113104));
#2534=CARTESIAN_POINT('Ctrl Pts',(-33.4140447742024,100.336943665676,40.5626840191535));
#2535=CARTESIAN_POINT('Ctrl Pts',(-72.5005462495001,79.5293107310913,41.2489585289575));
#2536=CARTESIAN_POINT('Ctrl Pts',(-96.8258648585546,42.5294315355197,41.9352330387614));
#2537=CARTESIAN_POINT('Ctrl Pts',(-103.92528996068,8.66223919059092,42.4842526466045));
#2538=CARTESIAN_POINT('Ctrl Pts',(-102.871104049888,-17.269009447117,42.8960173524868));
#2539=CARTESIAN_POINT('Ctrl Pts',(-95.3999469721504,-42.1230388138997,43.3077820583692));
#2540=CARTESIAN_POINT('Ctrl Pts',(-77.6307357805619,-71.815524188786,43.8568016662124));
#2541=CARTESIAN_POINT('Ctrl Pts',(-42.5569450886641,-98.8440534203186,44.5430761760162));
#2542=CARTESIAN_POINT('Ctrl Pts',(1.18148168087983,-105.74783569123,45.2293506858202));
#2543=CARTESIAN_POINT('Ctrl Pts',(34.9627537647779,-98.2502220373567,45.7783702936633));
#2544=CARTESIAN_POINT('Ctrl Pts',(58.1520083768547,-86.5969206003641,46.1901349995456));
#2545=CARTESIAN_POINT('Ctrl Pts',(77.7138132351762,-69.5418112623948,46.6018997054281));
#2546=CARTESIAN_POINT('Ctrl Pts',(97.4370934327265,-41.1097734817849,47.1509193132711));
#2547=CARTESIAN_POINT('Ctrl Pts',(107.597796568901,1.98862901410159,47.8371938230752));
#2548=CARTESIAN_POINT('Ctrl Pts',(95.8514819883732,44.6821446774218,48.523468332879));
#2549=CARTESIAN_POINT('Ctrl Pts',(75.0910651782982,72.3659603100448,49.0724879407222));
#2550=CARTESIAN_POINT('Ctrl Pts',(54.912407993905,88.6865840138093,49.4842526466045));
#2551=CARTESIAN_POINT('Ctrl Pts',(31.308383287126,99.4750492191524,49.8960173524868));
#2552=CARTESIAN_POINT('Ctrl Pts',(-2.72686628599782,105.719273799056,50.4450369603301));
#2553=CARTESIAN_POINT('Ctrl Pts',(-46.1803172342528,97.2040059461653,51.1313114701338));
#2554=CARTESIAN_POINT('Ctrl Pts',(-80.2314099551639,68.8979064191938,51.8175859799379));
#2555=CARTESIAN_POINT('Ctrl Pts',(-96.89130398901,38.5691002295312,52.366605587781));
#2556=CARTESIAN_POINT('Ctrl Pts',(-103.438965064838,13.4559742138153,52.7783702936633));
#2557=CARTESIAN_POINT('Ctrl Pts',(-103.534232511858,-12.4965186906953,53.1901349995457));
#2558=CARTESIAN_POINT('Ctrl Pts',(-95.1882123528513,-46.0782473778035,53.7391546073888));
#2559=CARTESIAN_POINT('Ctrl Pts',(-69.5123054599149,-82.1540008854459,54.4254291171927));
#2560=CARTESIAN_POINT('Ctrl Pts',(-29.6836244786729,-101.503118622782,55.1117036269967));
#2561=CARTESIAN_POINT('Ctrl Pts',(4.81641743800709,-104.174384587908,55.6607232348398));
#2562=CARTESIAN_POINT('Ctrl Pts',(30.3950134409908,-99.7838959634745,56.0724879407221));
#2563=CARTESIAN_POINT('Ctrl Pts',(54.077606415027,-89.1690123620747,56.4842526466045));
#2564=CARTESIAN_POINT('Ctrl Pts',(81.2297877114886,-67.7179609903311,57.0332722544476));
#2565=CARTESIAN_POINT('Ctrl Pts',(103.507993831396,-29.4505634044252,57.7195467642516));
#2566=CARTESIAN_POINT('Ctrl Pts',(104.711870113771,14.8129979956207,58.4058212740554));
#2567=CARTESIAN_POINT('Ctrl Pts',(92.9191436727029,47.3448309780277,58.9548408818987));
#2568=CARTESIAN_POINT('Ctrl Pts',(78.371813440644,68.8370655515793,59.3666055877809));
#2569=CARTESIAN_POINT('Ctrl Pts',(58.935747233651,86.035329831515,59.7783702936633));
#2570=CARTESIAN_POINT('Ctrl Pts',(28.1969800930584,101.926105419432,60.3273899015065));
#2571=CARTESIAN_POINT('Ctrl Pts',(-15.8520448709369,106.442252631407,61.0136644113103));
#2572=CARTESIAN_POINT('Ctrl Pts',(-56.6735778331683,89.2866520143374,61.6999389211144));
#2573=CARTESIAN_POINT('Ctrl Pts',(-81.4480092534155,65.1285042808592,62.2489585289574));
#2574=CARTESIAN_POINT('Ctrl Pts',(-95.0292382092624,43.0130982503564,62.6607232348399));
#2575=CARTESIAN_POINT('Ctrl Pts',(-102.682661808709,18.2145887981218,63.072487940722));
#2576=CARTESIAN_POINT('Ctrl Pts',(-104.484193461606,-16.3417859800969,63.6215075485654));
#2577=CARTESIAN_POINT('Ctrl Pts',(-90.4346121365747,-58.3337072330025,64.3077820583691));
#2578=CARTESIAN_POINT('Ctrl Pts',(-57.9724544070595,-88.4488280440331,64.9940565681731));
#2579=CARTESIAN_POINT('Ctrl Pts',(-25.747941350065,-101.057131353705,65.5430761760163));
#2580=CARTESIAN_POINT('Ctrl Pts',(-3.37514545827693E-13,-104.3105111469,
65.9548408818986));
#2581=CARTESIAN_POINT('Ctrl Pts',(25.7479413500642,-101.057131353705,66.366605587781));
#2582=CARTESIAN_POINT('Ctrl Pts',(57.9724544070589,-88.4488280440335,66.9156251956241));
#2583=CARTESIAN_POINT('Ctrl Pts',(90.4346121365744,-58.3337072330032,67.601899705428));
#2584=CARTESIAN_POINT('Ctrl Pts',(104.484193461605,-16.3417859800976,68.2881742152319));
#2585=CARTESIAN_POINT('Ctrl Pts',(102.682661808709,18.2145887981211,68.8371938230752));
#2586=CARTESIAN_POINT('Ctrl Pts',(95.0292382092625,43.0130982503557,69.2489585289574));
#2587=CARTESIAN_POINT('Ctrl Pts',(81.4480092534162,65.1285042808587,69.6607232348398));
#2588=CARTESIAN_POINT('Ctrl Pts',(56.6735778331687,89.2866520143368,70.209742842683));
#2589=CARTESIAN_POINT('Ctrl Pts',(15.852044870938,106.442252631407,70.8960173524867));
#2590=CARTESIAN_POINT('Ctrl Pts',(-28.1969800930572,101.926105419432,71.5822918622908));
#2591=CARTESIAN_POINT('Ctrl Pts',(-58.9357472336497,86.0353298315159,72.1313114701339));
#2592=CARTESIAN_POINT('Ctrl Pts',(-78.3718134406433,68.8370655515802,72.5430761760163));
#2593=CARTESIAN_POINT('Ctrl Pts',(-92.9191436727024,47.3448309780286,72.9548408818986));
#2594=CARTESIAN_POINT('Ctrl Pts',(-104.711870113771,14.8129979956214,73.5038604897418));
#2595=CARTESIAN_POINT('Ctrl Pts',(-103.507993831396,-29.4505634044244,74.1901349995457));
#2596=CARTESIAN_POINT('Ctrl Pts',(-81.229787711489,-67.7179609903307,74.8764095093496));
#2597=CARTESIAN_POINT('Ctrl Pts',(-54.0776064150277,-89.1690123620742,75.4254291171927));
#2598=CARTESIAN_POINT('Ctrl Pts',(-30.3950134409915,-99.7838959634745,75.8371938230751));
#2599=CARTESIAN_POINT('Ctrl Pts',(-4.81641743800773,-104.174384587907,76.2489585289574));
#2600=CARTESIAN_POINT('Ctrl Pts',(29.683624478672,-101.503118622783,76.7979781368006));
#2601=CARTESIAN_POINT('Ctrl Pts',(69.5123054599146,-82.1540008854464,77.4842526466045));
#2602=CARTESIAN_POINT('Ctrl Pts',(95.1882123528507,-46.0782473778041,78.1705271564083));
#2603=CARTESIAN_POINT('Ctrl Pts',(103.534232511858,-12.496518690696,78.7195467642517));
#2604=CARTESIAN_POINT('Ctrl Pts',(103.438965064838,13.4559742138146,79.1313114701338));
#2605=CARTESIAN_POINT('Ctrl Pts',(96.8913039890104,38.5691002295306,79.5430761760163));
#2606=CARTESIAN_POINT('Ctrl Pts',(80.2314099551642,68.8979064191932,80.0920957838594));
#2607=CARTESIAN_POINT('Ctrl Pts',(46.1803172342536,97.204005946165,80.7783702936633));
#2608=CARTESIAN_POINT('Ctrl Pts',(2.72686628599849,105.719273799056,81.4646448034672));
#2609=CARTESIAN_POINT('Ctrl Pts',(-31.3083832871253,99.4750492191526,82.0136644113105));
#2610=CARTESIAN_POINT('Ctrl Pts',(-54.9124079939044,88.6865840138097,82.4254291171926));
#2611=CARTESIAN_POINT('Ctrl Pts',(-75.0910651782976,72.3659603100454,82.8371938230752));
#2612=CARTESIAN_POINT('Ctrl Pts',(-95.8514819883729,44.6821446774225,83.3862134309181));
#2613=CARTESIAN_POINT('Ctrl Pts',(-107.597796568902,1.98862901410227,84.0724879407222));
#2614=CARTESIAN_POINT('Ctrl Pts',(-97.4370934327264,-41.1097734817846,84.758762450526));
#2615=CARTESIAN_POINT('Ctrl Pts',(-77.7138132351768,-69.5418112623942,85.3077820583693));
#2616=CARTESIAN_POINT('Ctrl Pts',(-58.1520083768551,-86.5969206003638,85.7195467642515));
#2617=CARTESIAN_POINT('Ctrl Pts',(-34.9627537647787,-98.2502220373564,86.131311470134));
#2618=CARTESIAN_POINT('Ctrl Pts',(-1.18148168088043,-105.747835691229,86.6803310779769));
#2619=CARTESIAN_POINT('Ctrl Pts',(42.5569450886632,-98.8440534203191,87.3666055877811));
#2620=CARTESIAN_POINT('Ctrl Pts',(77.6307357805616,-71.8155241887863,88.0528800975848));
#2621=CARTESIAN_POINT('Ctrl Pts',(95.39994697215,-42.1230388139005,88.6018997054282));
#2622=CARTESIAN_POINT('Ctrl Pts',(102.871104049888,-17.2690094471176,89.0136644113102));
#2623=CARTESIAN_POINT('Ctrl Pts',(103.92528996068,8.66223919059013,89.4254291171929));
#2624=CARTESIAN_POINT('Ctrl Pts',(96.8258648585549,42.5294315355192,89.9744487250357));
#2625=CARTESIAN_POINT('Ctrl Pts',(72.5005462495006,79.5293107310907,90.6607232348399));
#2626=CARTESIAN_POINT('Ctrl Pts',(33.4140447742031,100.336943665676,91.3469977446436));
#2627=CARTESIAN_POINT('Ctrl Pts',(-0.963728406105925,104.281213594615,91.8960173524869));
#2628=CARTESIAN_POINT('Ctrl Pts',(-26.6870909041175,100.838890884435,92.3077820583692));
#2629=CARTESIAN_POINT('Ctrl Pts',(-50.7457459564082,91.1063639299366,92.7195467642516));
#2630=CARTESIAN_POINT('Ctrl Pts',(-78.6720324577181,70.6732761467394,93.2685663720947));
#2631=CARTESIAN_POINT('Ctrl Pts',(-102.349061621244,33.2552260116986,93.9548408818986));
#2632=CARTESIAN_POINT('Ctrl Pts',(-105.187720690558,-10.9336210043427,94.6411153917025));
#2633=CARTESIAN_POINT('Ctrl Pts',(-94.6051479789763,-43.8789956252689,95.1901349995457));
#2634=CARTESIAN_POINT('Ctrl Pts',(-80.8619229912617,-65.8940979593987,95.6018997054281));
#2635=CARTESIAN_POINT('Ctrl Pts',(-62.0746321005783,-83.7988086477619,96.0136644113102));
#2636=CARTESIAN_POINT('Ctrl Pts',(-31.9440456736504,-100.814575326891,96.5626840191538));
#2637=CARTESIAN_POINT('Ctrl Pts',(11.9080180445914,-106.955315800983,97.2489585289571));
#2638=CARTESIAN_POINT('Ctrl Pts',(53.3355975206616,-91.3198482776637,97.9352330387615));
#2639=CARTESIAN_POINT('Ctrl Pts',(78.9857892754747,-68.0936514936355,98.4842526466045));
#2640=CARTESIAN_POINT('Ctrl Pts',(93.3749404811877,-46.4951957288298,98.8960173524868));
#2641=CARTESIAN_POINT('Ctrl Pts',(101.939479359492,-21.9964276445536,99.3077820583693));
#2642=CARTESIAN_POINT('Ctrl Pts',(105.016690536128,12.4697779122448,99.8568016662122));
#2643=CARTESIAN_POINT('Ctrl Pts',(92.5283686826834,54.9521743042055,100.543076176016));
#2644=CARTESIAN_POINT('Ctrl Pts',(61.2011795227781,86.2462537004491,101.22935068582));
#2645=CARTESIAN_POINT('Ctrl Pts',(29.464569582167,100.036690371803,101.778370293663));
#2646=CARTESIAN_POINT('Ctrl Pts',(3.85442978892596,104.239273341336,102.190134999546));
#2647=CARTESIAN_POINT('Ctrl Pts',(-21.9961445271967,101.93954044994,102.601899705428));
#2648=CARTESIAN_POINT('Ctrl Pts',(-54.6645458918984,90.5305919276686,103.150919313271));
#2649=CARTESIAN_POINT('Ctrl Pts',(-88.2173327883095,61.6355633344504,103.837193823075));
#2650=CARTESIAN_POINT('Ctrl Pts',(-103.808983546805,20.1914731339893,104.523468332879));
#2651=CARTESIAN_POINT('Ctrl Pts',(-103.285592093187,-14.4078710143524,105.072487940722));
#2652=CARTESIAN_POINT('Ctrl Pts',(-96.5537374286344,-39.4722500535484,105.484252646605));
#2653=CARTESIAN_POINT('Ctrl Pts',(-83.7989810477752,-62.074399365286,105.896017352487));
#2654=CARTESIAN_POINT('Ctrl Pts',(-59.9341488553948,-87.1315009242976,106.44503696033));
#2655=CARTESIAN_POINT('Ctrl Pts',(-19.7744197107692,-105.783802148253,107.131311470134));
#2656=CARTESIAN_POINT('Ctrl Pts',(24.4114008293615,-102.898416712259,107.817585979938));
#2657=CARTESIAN_POINT('Ctrl Pts',(55.7163632251492,-88.1543371035687,108.366605587781));
#2658=CARTESIAN_POINT('Ctrl Pts',(75.7746574199017,-71.6860099923557,108.778370293663));
#2659=CARTESIAN_POINT('Ctrl Pts',(91.1062229930482,-50.7459989865933,109.190134999546));
#2660=CARTESIAN_POINT('Ctrl Pts',(104.092995717785,-18.6721422134341,109.739154607389));
#2661=CARTESIAN_POINT('Ctrl Pts',(104.525546572542,25.6056748700325,110.425429117192));
#2662=CARTESIAN_POINT('Ctrl Pts',(83.6765928460558,64.6701512447353,111.111703626997));
#2663=CARTESIAN_POINT('Ctrl Pts',(57.3356033680651,87.1098666491133,111.66072323484));
#2664=CARTESIAN_POINT('Ctrl Pts',(34.0614200456004,98.5926082432386,112.072487940722));
#2665=CARTESIAN_POINT('Ctrl Pts',(8.66252782303605,103.925265902578,112.484252646604));
#2666=CARTESIAN_POINT('Ctrl Pts',(-25.9126599226298,102.530652529259,113.033272254448));
#2667=CARTESIAN_POINT('Ctrl Pts',(-66.4291192224313,84.666478556572,113.719546764251));
#2668=CARTESIAN_POINT('Ctrl Pts',(-93.4205441988862,49.5641258767406,114.405821274056));
#2669=CARTESIAN_POINT('Ctrl Pts',(-103.001759755149,16.3137294494268,114.954840881898));
#2670=CARTESIAN_POINT('Ctrl Pts',(-103.865540895771,-9.62455973830241,115.366605587781));
#2671=CARTESIAN_POINT('Ctrl Pts',(-98.250319139296,-34.9624808935723,115.778370293663));
#2672=CARTESIAN_POINT('Ctrl Pts',(-82.7224976744801,-65.8861823968896,116.327389901507));
#2673=CARTESIAN_POINT('Ctrl Pts',(-49.7406126213629,-95.4311894921725,117.01366441131));
#2674=CARTESIAN_POINT('Ctrl Pts',(-6.63148968151285,-105.54631209543,117.699938921114));
#2675=CARTESIAN_POINT('Ctrl Pts',(27.611249323835,-100.564005449172,118.248958528957));
#2676=CARTESIAN_POINT('Ctrl Pts',(51.5978038668931,-90.6551122212591,118.66072323484));
#2677=CARTESIAN_POINT('Ctrl Pts',(72.3657517586784,-75.0912661605123,119.072487940722));
#2678=CARTESIAN_POINT('Ctrl Pts',(94.1349489494698,-48.1934854381021,119.621507548565));
#2679=CARTESIAN_POINT('Ctrl Pts',(107.450830920753,-5.96317081420587,120.307782058369));
#2680=CARTESIAN_POINT('Ctrl Pts',(98.889617528609,37.4812512803926,120.994056568173));
#2681=CARTESIAN_POINT('Ctrl Pts',(80.2304135699411,66.622676465615,121.543076176016));
#2682=CARTESIAN_POINT('Ctrl Pts',(61.3121801136561,84.3889762094625,121.954840881899));
#2683=CARTESIAN_POINT('Ctrl Pts',(38.5693693218637,96.8911968709711,122.366605587781));
#2684=CARTESIAN_POINT('Ctrl Pts',(5.08821589564464,105.631958758562,122.915625195624));
#2685=CARTESIAN_POINT('Ctrl Pts',(-38.8754452963992,100.34909180985,123.601899705428));
#2686=CARTESIAN_POINT('Ctrl Pts',(-74.9240273263141,74.6350505864956,124.288174215232));
#2687=CARTESIAN_POINT('Ctrl Pts',(-93.7782851466479,45.6194423997749,124.837193823075));
#2688=CARTESIAN_POINT('Ctrl Pts',(-102.162733386798,21.0584572784408,125.248958528957));
#2689=CARTESIAN_POINT('Ctrl Pts',(-104.174398137395,-4.81612809103092,125.66072323484));
#2690=CARTESIAN_POINT('Ctrl Pts',(-98.3312645008832,-38.9225256550198,126.209742842683));
#2691=CARTESIAN_POINT('Ctrl Pts',(-75.3897608419731,-76.7959929961622,126.896017352487));
#2692=CARTESIAN_POINT('Ctrl Pts',(-37.0988242421232,-99.0337206777553,127.582291862291));
#2693=CARTESIAN_POINT('Ctrl Pts',(-2.89027865899262,-104.245606785181,128.131311470134));
#2694=CARTESIAN_POINT('Ctrl Pts',(22.9427206632514,-101.756152487852,128.543076176016));
#2695=CARTESIAN_POINT('Ctrl Pts',(47.3445661805437,-92.9192742825441,128.954840881899));
#2696=CARTESIAN_POINT('Ctrl Pts',(76.0068353923893,-73.5320620353355,129.503860489742));
#2697=CARTESIAN_POINT('Ctrl Pts',(101.05030071289,-37.0144617680074,130.190134999546));
#2698=CARTESIAN_POINT('Ctrl Pts',(105.519946530433,7.0393035852182,130.87640950935));
#2699=CARTESIAN_POINT('Ctrl Pts',(96.1618671113568,40.3532354686513,131.425429117193));
#2700=CARTESIAN_POINT('Ctrl Pts',(83.2417268242779,62.8611083816924,131.837193823075));
#2701=CARTESIAN_POINT('Ctrl Pts',(65.1284688291311,81.4478626101936,132.248958528958));
#2702=CARTESIAN_POINT('Ctrl Pts',(35.6480517101611,99.5652697806127,132.7979781368));
#2703=CARTESIAN_POINT('Ctrl Pts',(-7.94897753806531,107.322454581537,133.484252646605));
#2704=CARTESIAN_POINT('Ctrl Pts',(-49.9228608326775,93.2280632774033,134.170527156408));
#2705=CARTESIAN_POINT('Ctrl Pts',(-76.4182494561064,70.9661258692238,134.719546764252));
#2706=CARTESIAN_POINT('Ctrl Pts',(-91.5875474420169,49.9130690600746,135.131311470134));
#2707=CARTESIAN_POINT('Ctrl Pts',(-101.06758052207,25.7495119603343,135.543076176016));
#2708=CARTESIAN_POINT('Ctrl Pts',(-104.301555895081,7.69015825228239E-13,
135.954840881899));
#2709=CARTESIAN_POINT('Ctrl Pts',(-101.06758052207,-25.749511960333,136.366605587781));
#2710=CARTESIAN_POINT('Ctrl Pts',(-91.5875474420175,-49.9130690600732,136.778370293663));
#2711=CARTESIAN_POINT('Ctrl Pts',(-76.4182494561074,-70.9661258692229,137.190134999546));
#2712=CARTESIAN_POINT('Ctrl Pts',(-49.9228608326789,-93.2280632774025,137.739154607389));
#2713=CARTESIAN_POINT('Ctrl Pts',(-7.94897753806671,-107.322454581537,138.425429117193));
#2714=CARTESIAN_POINT('Ctrl Pts',(35.6480517101596,-99.5652697806132,139.111703626996));
#2715=CARTESIAN_POINT('Ctrl Pts',(65.12846882913,-81.4478626101945,139.66072323484));
#2716=CARTESIAN_POINT('Ctrl Pts',(83.2417268242769,-62.8611083816935,140.072487940722));
#2717=CARTESIAN_POINT('Ctrl Pts',(96.1618671113563,-40.3532354686526,140.484252646605));
#2718=CARTESIAN_POINT('Ctrl Pts',(105.519946530433,-7.03930358521963,141.033272254447));
#2719=CARTESIAN_POINT('Ctrl Pts',(101.05030071289,37.014461768006,141.719546764252));
#2720=CARTESIAN_POINT('Ctrl Pts',(76.0068353923904,73.5320620353344,142.405821274055));
#2721=CARTESIAN_POINT('Ctrl Pts',(47.3445661805449,92.9192742825435,142.954840881899));
#2722=CARTESIAN_POINT('Ctrl Pts',(22.9427206632529,101.756152487852,143.366605587781));
#2723=CARTESIAN_POINT('Ctrl Pts',(-2.89027865899123,104.245606785181,143.778370293663));
#2724=CARTESIAN_POINT('Ctrl Pts',(-37.0988242421218,99.0337206777558,144.327389901507));
#2725=CARTESIAN_POINT('Ctrl Pts',(-75.3897608419721,76.7959929961633,145.01366441131));
#2726=CARTESIAN_POINT('Ctrl Pts',(-98.3312645008827,38.9225256550211,145.699938921114));
#2727=CARTESIAN_POINT('Ctrl Pts',(-104.174398137395,4.81612809103285,146.248958528958));
#2728=CARTESIAN_POINT('Ctrl Pts',(-102.162733386799,-21.058457278438,146.66072323484));
#2729=CARTESIAN_POINT('Ctrl Pts',(-93.7782851466494,-45.6194423997717,147.072487940722));
#2730=CARTESIAN_POINT('Ctrl Pts',(-74.9240273263163,-74.6350505864936,147.621507548565));
#2731=CARTESIAN_POINT('Ctrl Pts',(-38.8754452964011,-100.349091809849,148.307782058369));
#2732=CARTESIAN_POINT('Ctrl Pts',(5.08821589564325,-105.631958758562,148.994056568173));
#2733=CARTESIAN_POINT('Ctrl Pts',(38.5693693218623,-96.8911968709717,149.543076176016));
#2734=CARTESIAN_POINT('Ctrl Pts',(61.312180113655,-84.3889762094631,149.954840881899));
#2735=CARTESIAN_POINT('Ctrl Pts',(80.2304135699401,-66.6226764656163,150.366605587781));
#2736=CARTESIAN_POINT('Ctrl Pts',(98.8896175286086,-37.4812512803937,150.915625195624));
#2737=CARTESIAN_POINT('Ctrl Pts',(107.450830920753,5.96317081420422,151.601899705428));
#2738=CARTESIAN_POINT('Ctrl Pts',(94.1349489494707,48.193485438101,152.288174215232));
#2739=CARTESIAN_POINT('Ctrl Pts',(72.3657517586792,75.0912661605112,152.837193823075));
#2740=CARTESIAN_POINT('Ctrl Pts',(51.5978038668944,90.6551122212584,153.248958528958));
#2741=CARTESIAN_POINT('Ctrl Pts',(27.6112493238364,100.564005449171,153.66072323484));
#2742=CARTESIAN_POINT('Ctrl Pts',(-6.6314896815114,105.54631209543,154.209742842683));
#2743=CARTESIAN_POINT('Ctrl Pts',(-49.7406126213617,95.4311894921733,154.896017352487));
#2744=CARTESIAN_POINT('Ctrl Pts',(-82.7224976744792,65.8861823968907,155.582291862291));
#2745=CARTESIAN_POINT('Ctrl Pts',(-98.2503191392956,34.9624808935737,156.131311470134));
#2746=CARTESIAN_POINT('Ctrl Pts',(-103.865540895771,9.6245597383038,156.543076176016));
#2747=CARTESIAN_POINT('Ctrl Pts',(-103.001759755149,-16.3137294494253,156.954840881899));
#2748=CARTESIAN_POINT('Ctrl Pts',(-93.4205441988867,-49.5641258767394,157.503860489741));
#2749=CARTESIAN_POINT('Ctrl Pts',(-66.4291192224326,-84.666478556571,158.190134999546));
#2750=CARTESIAN_POINT('Ctrl Pts',(-25.9126599226312,-102.530652529259,158.876409509349));
#2751=CARTESIAN_POINT('Ctrl Pts',(8.66252782303458,-103.925265902578,159.425429117193));
#2752=CARTESIAN_POINT('Ctrl Pts',(34.0614200455991,-98.592608243239,159.837193823075));
#2753=CARTESIAN_POINT('Ctrl Pts',(57.3356033680638,-87.1098666491142,160.248958528958));
#2754=CARTESIAN_POINT('Ctrl Pts',(83.676592846055,-64.6701512447363,160.7979781368));
#2755=CARTESIAN_POINT('Ctrl Pts',(104.525546572541,-25.605674870034,161.484252646605));
#2756=CARTESIAN_POINT('Ctrl Pts',(104.092995717785,18.6721422134328,162.170527156408));
#2757=CARTESIAN_POINT('Ctrl Pts',(91.1062229930491,50.745998986592,162.719546764252));
#2758=CARTESIAN_POINT('Ctrl Pts',(75.7746574199024,71.6860099923546,163.131311470134));
#2759=CARTESIAN_POINT('Ctrl Pts',(55.7163632251505,88.1543371035679,163.543076176016));
#2760=CARTESIAN_POINT('Ctrl Pts',(24.4114008293627,102.898416712259,164.092095783859));
#2761=CARTESIAN_POINT('Ctrl Pts',(-19.7744197107675,105.783802148253,164.778370293663));
#2762=CARTESIAN_POINT('Ctrl Pts',(-59.9341488553939,87.1315009242986,165.464644803467));
#2763=CARTESIAN_POINT('Ctrl Pts',(-83.7989810477741,62.074399365287,166.01366441131));
#2764=CARTESIAN_POINT('Ctrl Pts',(-96.553737428634,39.4722500535498,166.425429117193));
#2765=CARTESIAN_POINT('Ctrl Pts',(-103.285592093187,14.4078710143538,166.837193823075));
#2766=CARTESIAN_POINT('Ctrl Pts',(-103.808983546806,-20.1914731339879,167.386213430918));
#2767=CARTESIAN_POINT('Ctrl Pts',(-88.2173327883105,-61.635563334449,168.072487940722));
#2768=CARTESIAN_POINT('Ctrl Pts',(-54.6645458918996,-90.5305919276682,168.758762450526));
#2769=CARTESIAN_POINT('Ctrl Pts',(-21.9961445271982,-101.93954044994,169.307782058369));
#2770=CARTESIAN_POINT('Ctrl Pts',(3.85442978892454,-104.239273341336,169.719546764252));
#2771=CARTESIAN_POINT('Ctrl Pts',(29.4645695821654,-100.036690371804,170.131311470134));
#2772=CARTESIAN_POINT('Ctrl Pts',(61.2011795227764,-86.2462537004502,170.680331077977));
#2773=CARTESIAN_POINT('Ctrl Pts',(92.5283686826827,-54.9521743042071,171.366605587781));
#2774=CARTESIAN_POINT('Ctrl Pts',(105.016690536128,-12.4697779122458,172.052880097585));
#2775=CARTESIAN_POINT('Ctrl Pts',(101.939479359492,21.9964276445532,172.601899705428));
#2776=CARTESIAN_POINT('Ctrl Pts',(93.3749404811879,46.4951957288292,173.013664411311));
#2777=CARTESIAN_POINT('Ctrl Pts',(78.9857892754754,68.0936514936346,173.425429117193));
#2778=CARTESIAN_POINT('Ctrl Pts',(53.3355975206624,91.3198482776634,173.974448725036));
#2779=CARTESIAN_POINT('Ctrl Pts',(11.908018044592,106.955315800983,174.66072323484));
#2780=CARTESIAN_POINT('Ctrl Pts',(-31.9440456736498,100.814575326891,175.346997744644));
#2781=CARTESIAN_POINT('Ctrl Pts',(-62.0746321005778,83.7988086477624,175.896017352487));
#2782=CARTESIAN_POINT('Ctrl Pts',(-80.8619229912608,65.8940979593995,176.307782058369));
#2783=CARTESIAN_POINT('Ctrl Pts',(-94.6051479789756,43.8789956252705,176.719546764252));
#2784=CARTESIAN_POINT('Ctrl Pts',(-105.187720690558,10.9336210043443,177.268566372095));
#2785=CARTESIAN_POINT('Ctrl Pts',(-102.349061621245,-33.2552260116971,177.954840881899));
#2786=CARTESIAN_POINT('Ctrl Pts',(-78.6720324577189,-70.6732761467385,178.641115391703));
#2787=CARTESIAN_POINT('Ctrl Pts',(-50.7457459564092,-91.1063639299361,179.190134999546));
#2788=CARTESIAN_POINT('Ctrl Pts',(-26.6870909041189,-100.838890884434,179.601899705428));
#2789=CARTESIAN_POINT('Ctrl Pts',(-0.96372840610755,-104.281213594615,180.01366441131));
#2790=CARTESIAN_POINT('Ctrl Pts',(33.4140447742014,-100.336943665677,180.562684019154));
#2791=CARTESIAN_POINT('Ctrl Pts',(72.5005462494998,-79.5293107310919,181.248958528957));
#2792=CARTESIAN_POINT('Ctrl Pts',(96.8258648585542,-42.5294315355201,181.935233038761));
#2793=CARTESIAN_POINT('Ctrl Pts',(103.92528996068,-8.6622391905914,182.484252646605));
#2794=CARTESIAN_POINT('Ctrl Pts',(102.871104049888,17.2690094471163,182.896017352487));
#2795=CARTESIAN_POINT('Ctrl Pts',(95.3999469721508,42.1230388138987,183.307782058369));
#2796=CARTESIAN_POINT('Ctrl Pts',(77.6307357805625,71.8155241887853,183.856801666212));
#2797=CARTESIAN_POINT('Ctrl Pts',(42.5569450886649,98.8440534203183,184.543076176016));
#2798=CARTESIAN_POINT('Ctrl Pts',(-1.18148168087942,105.74783569123,185.22935068582));
#2799=CARTESIAN_POINT('Ctrl Pts',(-34.9627537647774,98.2502220373568,185.778370293663));
#2800=CARTESIAN_POINT('Ctrl Pts',(-58.1520083768541,86.5969206003645,186.190134999546));
#2801=CARTESIAN_POINT('Ctrl Pts',(-77.7138132351754,69.5418112623956,186.601899705428));
#2802=CARTESIAN_POINT('Ctrl Pts',(-97.4370934327261,41.109773481786,187.150919313271));
#2803=CARTESIAN_POINT('Ctrl Pts',(-107.597796568901,-1.98862901410036,187.837193823075));
#2804=CARTESIAN_POINT('Ctrl Pts',(-95.8514819883737,-44.6821446774211,188.523468332879));
#2805=CARTESIAN_POINT('Ctrl Pts',(-75.0910651782989,-72.3659603100438,189.072487940722));
#2806=CARTESIAN_POINT('Ctrl Pts',(-54.9124079939063,-88.6865840138086,189.484252646605));
#2807=CARTESIAN_POINT('Ctrl Pts',(-31.3083832871276,-99.4750492191517,189.896017352487));
#2808=CARTESIAN_POINT('Ctrl Pts',(2.72686628599606,-105.719273799057,190.44503696033));
#2809=CARTESIAN_POINT('Ctrl Pts',(46.1803172342515,-97.2040059461659,191.131311470134));
#2810=CARTESIAN_POINT('Ctrl Pts',(80.2314099551631,-68.8979064191947,191.817585979938));
#2811=CARTESIAN_POINT('Ctrl Pts',(96.8913039890094,-38.5691002295324,192.366605587781));
#2812=CARTESIAN_POINT('Ctrl Pts',(103.438965064837,-13.4559742138168,192.778370293663));
#2813=CARTESIAN_POINT('Ctrl Pts',(103.534232511858,12.4965186906936,193.190134999545));
#2814=CARTESIAN_POINT('Ctrl Pts',(95.188212352852,46.0782473778025,193.739154607389));
#2815=CARTESIAN_POINT('Ctrl Pts',(69.5123054599154,82.1540008854456,194.425429117192));
#2816=CARTESIAN_POINT('Ctrl Pts',(29.6836244786731,101.503118622783,195.111703626997));
#2817=CARTESIAN_POINT('Ctrl Pts',(-4.81641743800682,104.174384587907,195.66072323484));
#2818=CARTESIAN_POINT('Ctrl Pts',(-30.3950134409909,99.7838959634748,196.072487940722));
#2819=CARTESIAN_POINT('Ctrl Pts',(-54.0776064150271,89.1690123620744,196.484252646605));
#2820=CARTESIAN_POINT('Ctrl Pts',(-81.2297877114888,67.7179609903311,197.033272254448));
#2821=CARTESIAN_POINT('Ctrl Pts',(-103.507993831396,29.4505634044251,197.719546764252));
#2822=CARTESIAN_POINT('Ctrl Pts',(-104.711870113771,-14.8129979956205,198.405821274056));
#2823=CARTESIAN_POINT('Ctrl Pts',(-92.9191436727028,-47.3448309780275,198.954840881898));
#2824=CARTESIAN_POINT('Ctrl Pts',(-78.3718134406441,-68.8370655515794,199.366605587781));
#2825=CARTESIAN_POINT('Ctrl Pts',(-58.9357472336507,-86.0353298315152,199.778370293663));
#2826=CARTESIAN_POINT('Ctrl Pts',(-28.1969800930583,-101.926105419432,200.327389901507));
#2827=CARTESIAN_POINT('Ctrl Pts',(15.8520448709365,-106.442252631407,201.01366441131));
#2828=CARTESIAN_POINT('Ctrl Pts',(56.6735778331673,-89.286652014338,201.699938921115));
#2829=CARTESIAN_POINT('Ctrl Pts',(81.4480092534151,-65.12850428086,202.248958528957));
#2830=CARTESIAN_POINT('Ctrl Pts',(95.0292382092621,-43.013098250357,202.66072323484));
#2831=CARTESIAN_POINT('Ctrl Pts',(102.682661808709,-18.2145887981223,203.072487940722));
#2832=CARTESIAN_POINT('Ctrl Pts',(104.484193461606,16.3417859800965,203.621507548565));
#2833=CARTESIAN_POINT('Ctrl Pts',(90.4346121365752,58.3337072330019,204.307782058369));
#2834=CARTESIAN_POINT('Ctrl Pts',(57.9724544070603,88.4488280440327,204.994056568173));
#2835=CARTESIAN_POINT('Ctrl Pts',(25.7479413500659,101.057131353705,205.543076176016));
#2836=CARTESIAN_POINT('Ctrl Pts',(1.06569553446383E-12,104.3105111469,205.954840881899));
#2837=CARTESIAN_POINT('Ctrl Pts',(-25.7479413500638,101.057131353705,206.366605587781));
#2838=CARTESIAN_POINT('Ctrl Pts',(-57.9724544070585,88.4488280440337,206.915625195624));
#2839=CARTESIAN_POINT('Ctrl Pts',(-90.4346121365744,58.3337072330035,207.601899705428));
#2840=CARTESIAN_POINT('Ctrl Pts',(-104.484193461606,16.3417859800971,208.288174215232));
#2841=CARTESIAN_POINT('Ctrl Pts',(-102.682661808709,-18.2145887981226,208.837193823076));
#2842=CARTESIAN_POINT('Ctrl Pts',(-95.0292382092618,-43.0130982503578,209.248958528957));
#2843=CARTESIAN_POINT('Ctrl Pts',(-81.4480092534147,-65.1285042808603,209.66072323484));
#2844=CARTESIAN_POINT('Ctrl Pts',(-56.6735778331678,-89.2866520143372,210.209742842682));
#2845=CARTESIAN_POINT('Ctrl Pts',(-15.8520448709377,-106.442252631407,210.896017352488));
#2846=CARTESIAN_POINT('Ctrl Pts',(28.1969800930578,-101.926105419432,211.58229186229));
#2847=CARTESIAN_POINT('Ctrl Pts',(58.935747233651,-86.0353298315152,212.131311470134));
#2848=CARTESIAN_POINT('Ctrl Pts',(78.3718134406446,-68.8370655515787,212.543076176016));
#2849=CARTESIAN_POINT('Ctrl Pts',(92.919143672703,-47.3448309780272,212.954840881899));
#2850=CARTESIAN_POINT('Ctrl Pts',(104.711870113771,-14.8129979956211,213.503860489741));
#2851=CARTESIAN_POINT('Ctrl Pts',(103.507993831397,29.4505634044241,214.190134999546));
#2852=CARTESIAN_POINT('Ctrl Pts',(81.2297877114892,67.7179609903305,214.876409509349));
#2853=CARTESIAN_POINT('Ctrl Pts',(54.077606415027,89.1690123620749,215.425429117193));
#2854=CARTESIAN_POINT('Ctrl Pts',(30.3950134409901,99.7838959634747,215.837193823075));
#2855=CARTESIAN_POINT('Ctrl Pts',(4.81641743800646,104.174384587908,216.248958528958));
#2856=CARTESIAN_POINT('Ctrl Pts',(-29.6836244786723,101.503118622782,216.797978136801));
#2857=CARTESIAN_POINT('Ctrl Pts',(-69.5123054599142,82.1540008854469,217.484252646604));
#2858=CARTESIAN_POINT('Ctrl Pts',(-95.1882123528508,46.0782473778043,218.170527156409));
#2859=CARTESIAN_POINT('Ctrl Pts',(-103.534232511858,12.4965186906953,218.719546764252));
#2860=CARTESIAN_POINT('Ctrl Pts',(-103.438965064837,-13.4559742138161,219.131311470134));
#2861=CARTESIAN_POINT('Ctrl Pts',(-96.8913039890099,-38.5691002295317,219.543076176016));
#2862=CARTESIAN_POINT('Ctrl Pts',(-80.2314099551638,-68.8979064191933,220.09209578386));
#2863=CARTESIAN_POINT('Ctrl Pts',(-46.1803172342542,-97.2040059461649,220.778370293663));
#2864=CARTESIAN_POINT('Ctrl Pts',(-2.72686628599865,-105.719273799056,221.464644803467));
#2865=CARTESIAN_POINT('Ctrl Pts',(31.3083832871261,-99.4750492191526,222.013664411311));
#2866=CARTESIAN_POINT('Ctrl Pts',(54.9124079939057,-88.6865840138089,222.425429117193));
#2867=CARTESIAN_POINT('Ctrl Pts',(75.0910651782984,-72.3659603100444,222.837193823075));
#2868=CARTESIAN_POINT('Ctrl Pts',(95.8514819883729,-44.6821446774224,223.386213430918));
#2869=CARTESIAN_POINT('Ctrl Pts',(107.597796568901,-1.98862901410319,224.072487940722));
#2870=CARTESIAN_POINT('Ctrl Pts',(97.437093432727,41.1097734817836,224.758762450526));
#2871=CARTESIAN_POINT('Ctrl Pts',(77.7138132351767,69.5418112623944,225.307782058369));
#2872=CARTESIAN_POINT('Ctrl Pts',(58.1520083768546,86.5969206003643,225.719546764251));
#2873=CARTESIAN_POINT('Ctrl Pts',(34.9627537647781,98.2502220373564,226.131311470134));
#2874=CARTESIAN_POINT('Ctrl Pts',(1.18148168088103,105.747835691229,226.680331077977));
#2875=CARTESIAN_POINT('Ctrl Pts',(-42.5569450886623,98.8440534203194,227.366605587781));
#2876=CARTESIAN_POINT('Ctrl Pts',(-77.6307357805608,71.8155241887874,228.052880097585));
#2877=CARTESIAN_POINT('Ctrl Pts',(-95.3999469721502,42.1230388139003,228.601899705428));
#2878=CARTESIAN_POINT('Ctrl Pts',(-102.871104049888,17.2690094471169,229.01366441131));
#2879=CARTESIAN_POINT('Ctrl Pts',(-103.92528996068,-8.66223919059072,229.425429117193));
#2880=CARTESIAN_POINT('Ctrl Pts',(-96.8258648585547,-42.5294315355186,229.974448725036));
#2881=CARTESIAN_POINT('Ctrl Pts',(-72.5005462495018,-79.52931073109,230.660723234841));
#2882=CARTESIAN_POINT('Ctrl Pts',(-33.414044774204,-100.336943665676,231.346997744643));
#2883=CARTESIAN_POINT('Ctrl Pts',(0.963728406105933,-104.281213594615,231.896017352487));
#2884=CARTESIAN_POINT('Ctrl Pts',(26.6870909041182,-100.838890884434,232.307782058369));
#2885=CARTESIAN_POINT('Ctrl Pts',(50.7457459564087,-91.1063639299363,232.719546764252));
#2886=CARTESIAN_POINT('Ctrl Pts',(78.6720324577175,-70.6732761467396,233.268566372095));
#2887=CARTESIAN_POINT('Ctrl Pts',(102.349061621244,-33.2552260116997,233.954840881899));
#2888=CARTESIAN_POINT('Ctrl Pts',(105.187720690559,10.9336210043416,234.641115391703));
#2889=CARTESIAN_POINT('Ctrl Pts',(94.6051479789765,43.8789956252691,235.190134999546));
#2890=CARTESIAN_POINT('Ctrl Pts',(80.8619229912612,65.8940979593989,235.601899705428));
#2891=CARTESIAN_POINT('Ctrl Pts',(62.0746321005783,83.7988086477621,236.01366441131));
#2892=CARTESIAN_POINT('Ctrl Pts',(31.9440456736514,100.81457532689,236.562684019153));
#2893=CARTESIAN_POINT('Ctrl Pts',(-11.9080180445894,106.955315800984,237.248958528957));
#2894=CARTESIAN_POINT('Ctrl Pts',(-53.3355975206601,91.3198482776646,237.935233038761));
#2895=CARTESIAN_POINT('Ctrl Pts',(-78.9857892754745,68.0936514936361,238.484252646605));
#2896=CARTESIAN_POINT('Ctrl Pts',(-93.3749404811877,46.4951957288298,238.896017352487));
#2897=CARTESIAN_POINT('Ctrl Pts',(-101.939479359492,21.9964276445538,239.307782058369));
#2898=CARTESIAN_POINT('Ctrl Pts',(-105.016690536128,-12.4697779122436,239.856801666212));
#2899=CARTESIAN_POINT('Ctrl Pts',(-92.5283686826847,-54.9521743042038,240.543076176017));
#2900=CARTESIAN_POINT('Ctrl Pts',(-61.2011795227794,-86.2462537004482,241.22935068582));
#2901=CARTESIAN_POINT('Ctrl Pts',(-29.4645695821681,-100.036690371803,241.778370293664));
#2902=CARTESIAN_POINT('Ctrl Pts',(-3.85442978892661,-104.239273341336,242.190134999545));
#2903=CARTESIAN_POINT('Ctrl Pts',(21.9961445271955,-101.939540449941,242.601899705428));
#2904=CARTESIAN_POINT('Ctrl Pts',(54.6645458918965,-90.5305919276698,243.150919313271));
#2905=CARTESIAN_POINT('Ctrl Pts',(88.2173327883079,-61.6355633344525,243.837193823075));
#2906=CARTESIAN_POINT('Ctrl Pts',(103.808983546805,-20.1914731339915,244.523468332879));
#2907=CARTESIAN_POINT('Ctrl Pts',(103.285592093187,14.4078710143512,245.072487940722));
#2908=CARTESIAN_POINT('Ctrl Pts',(96.5537374286348,39.4722500535478,245.484252646605));
#2909=CARTESIAN_POINT('Ctrl Pts',(83.7989810477757,62.0743993652849,245.896017352487));
#2910=CARTESIAN_POINT('Ctrl Pts',(59.9341488553967,87.1315009242963,246.44503696033));
#2911=CARTESIAN_POINT('Ctrl Pts',(19.7744197107718,105.783802148252,247.131311470134));
#2912=CARTESIAN_POINT('Ctrl Pts',(-24.4114008293592,102.89841671226,247.817585979938));
#2913=CARTESIAN_POINT('Ctrl Pts',(-55.7163632251483,88.1543371035692,248.366605587781));
#2914=CARTESIAN_POINT('Ctrl Pts',(-75.7746574199009,71.6860099923562,248.778370293663));
#2915=CARTESIAN_POINT('Ctrl Pts',(-91.106222993048,50.7459989865943,249.190134999546));
#2916=CARTESIAN_POINT('Ctrl Pts',(-104.092995717784,18.6721422134363,249.739154607389));
#2917=CARTESIAN_POINT('Ctrl Pts',(-104.525546572543,-25.6056748700297,250.425429117193));
#2918=CARTESIAN_POINT('Ctrl Pts',(-83.6765928460571,-64.6701512447336,251.111703626996));
#2919=CARTESIAN_POINT('Ctrl Pts',(-57.3356033680662,-87.1098666491127,251.66072323484));
#2920=CARTESIAN_POINT('Ctrl Pts',(-34.0614200456011,-98.5926082432384,252.072487940722));
#2921=CARTESIAN_POINT('Ctrl Pts',(-8.66252782303726,-103.925265902578,252.484252646605));
#2922=CARTESIAN_POINT('Ctrl Pts',(25.9126599226287,-102.530652529259,253.033272254447));
#2923=CARTESIAN_POINT('Ctrl Pts',(66.4291192224308,-84.6664785565724,253.719546764252));
#2924=CARTESIAN_POINT('Ctrl Pts',(93.4205441988861,-49.564125876741,254.405821274056));
#2925=CARTESIAN_POINT('Ctrl Pts',(103.001759755149,-16.3137294494269,254.954840881899));
#2926=CARTESIAN_POINT('Ctrl Pts',(103.865540895771,9.62455973830152,255.366605587781));
#2927=CARTESIAN_POINT('Ctrl Pts',(98.2503191392964,34.9624808935724,255.778370293663));
#2928=CARTESIAN_POINT('Ctrl Pts',(82.7224976744793,65.8861823968899,256.327389901506));
#2929=CARTESIAN_POINT('Ctrl Pts',(49.7406126213627,95.4311894921743,257.013664411311));
#2930=CARTESIAN_POINT('Ctrl Pts',(6.63148968151059,105.546312095428,257.699938921114));
#2931=CARTESIAN_POINT('Ctrl Pts',(-27.6112493238328,100.564005449174,258.248958528957));
#2932=CARTESIAN_POINT('Ctrl Pts',(-51.5978038668968,90.6551122212541,258.66072323484));
#2933=CARTESIAN_POINT('Ctrl Pts',(-72.3657517586701,75.0912661605223,259.072487940722));
#2934=CARTESIAN_POINT('Ctrl Pts',(-94.134948949488,48.1934854380799,259.621507548565));
#2935=CARTESIAN_POINT('Ctrl Pts',(-107.450830920715,5.96317081425182,260.307782058369));
#2936=CARTESIAN_POINT('Ctrl Pts',(-98.8896175286672,-37.4812512804652,260.994056568173));
#2937=CARTESIAN_POINT('Ctrl Pts',(-80.2304135698623,-66.6226764655179,261.543076176016));
#2938=CARTESIAN_POINT('Ctrl Pts',(-61.3121801138264,-84.3889762096708,261.954840881899));
#2939=CARTESIAN_POINT('Ctrl Pts',(-38.5693693215512,-96.8911968705861,262.366605587781));
#2940=CARTESIAN_POINT('Ctrl Pts',(-5.08821589632756,-105.631958759404,262.915625195624));
#2941=CARTESIAN_POINT('Ctrl Pts',(38.8754452978953,-100.349091808009,263.601899705428));
#2942=CARTESIAN_POINT('Ctrl Pts',(74.9240273240375,-74.6350505892986,264.288174215232));
#2943=CARTESIAN_POINT('Ctrl Pts',(93.7782851497087,-45.6194423960059,264.837193823075));
#2944=CARTESIAN_POINT('Ctrl Pts',(102.162733380208,-21.0584572865572,265.248958528957));
#2945=CARTESIAN_POINT('Ctrl Pts',(104.174398149544,4.81612810599066,265.66072323484));
#2946=CARTESIAN_POINT('Ctrl Pts',(98.3312644743172,38.9225256223052,266.209742842683));
#2947=CARTESIAN_POINT('Ctrl Pts',(75.3897609000649,76.7959930676973,266.896017352487));
#2948=CARTESIAN_POINT('Ctrl Pts',(37.0988241536331,99.0337205687848,267.582291862291));
#2949=CARTESIAN_POINT('Ctrl Pts',(2.89027877795564,104.245606931672,268.131311470134));
#2950=CARTESIAN_POINT('Ctrl Pts',(-22.9427209193968,101.756152172428,268.543076176016));
#2951=CARTESIAN_POINT('Ctrl Pts',(-47.3445657083605,92.9192748639987,268.954840881898));
#2952=CARTESIAN_POINT('Ctrl Pts',(-76.0068364249217,73.5320607638557,269.503860489742));
#2953=CARTESIAN_POINT('Ctrl Pts',(-101.050298455093,37.0144645483013,270.190134999545));
#2954=CARTESIAN_POINT('Ctrl Pts',(-105.519949969742,-7.03930782044642,270.87640950935));
#2955=CARTESIAN_POINT('Ctrl Pts',(-96.1618624878169,-40.3532297751373,271.425429117193));
#2956=CARTESIAN_POINT('Ctrl Pts',(-83.2417367797545,-62.8611206410097,271.837193823075));
#2957=CARTESIAN_POINT('Ctrl Pts',(-65.1284504769635,-81.4478400113494,272.248958528957));
#2958=CARTESIAN_POINT('Ctrl Pts',(-35.6480918440951,-99.5653191982491,272.797978136801));
#2959=CARTESIAN_POINT('Ctrl Pts',(7.94906532975375,-107.322346519812,273.484252646604));
#2960=CARTESIAN_POINT('Ctrl Pts',(49.9227269542086,-93.2282278979352,274.170527156409));
#2961=CARTESIAN_POINT('Ctrl Pts',(76.4184304677788,-70.965904496317,274.719546764251));
#2962=CARTESIAN_POINT('Ctrl Pts',(91.5871439532954,-49.913546652525,275.131311470134));
#2963=CARTESIAN_POINT('Ctrl Pts',(101.068439788223,-25.7486233869588,275.543076176016));
#2964=CARTESIAN_POINT('Ctrl Pts',(103.222438333084,-8.58376527713801,275.817585979938));
#2965=CARTESIAN_POINT('Ctrl Pts',(103.222438333084,-1.41605909225608E-12,
275.954840881899));
#2966=CARTESIAN_POINT('Ctrl Pts',(101.154805009304,0.,-5.03619096493629));
#2967=CARTESIAN_POINT('Ctrl Pts',(101.154805009304,8.41210023404207,-4.89893606297551));
#2968=CARTESIAN_POINT('Ctrl Pts',(99.0439528892196,25.2326679279014,-4.62442625905394));
#2969=CARTESIAN_POINT('Ctrl Pts',(89.7525754822766,48.9138225540762,-4.21266155317159));
#2970=CARTESIAN_POINT('Ctrl Pts',(74.8877042425746,69.5443583035494,-3.80089684728924));
#2971=CARTESIAN_POINT('Ctrl Pts',(48.9227322289214,91.3608157192381,-3.2518772394461));
#2972=CARTESIAN_POINT('Ctrl Pts',(7.78983878333579,105.172569792312,-2.56560272964217));
#2973=CARTESIAN_POINT('Ctrl Pts',(-34.9340302135387,97.570949656422,-1.87932821983825));
#2974=CARTESIAN_POINT('Ctrl Pts',(-63.8238721633029,79.8163665112281,-1.33030861199512));
#2975=CARTESIAN_POINT('Ctrl Pts',(-81.5743339197296,61.6019610006901,-0.918543906112764));
#2976=CARTESIAN_POINT('Ctrl Pts',(-94.235658509617,39.5449192383488,-0.50677920023041));
#2977=CARTESIAN_POINT('Ctrl Pts',(-103.40629553177,6.8983052260853,0.0422404076127261));
#2978=CARTESIAN_POINT('Ctrl Pts',(-99.0261749424369,-36.2730337913697,0.72851491741665));
#2979=CARTESIAN_POINT('Ctrl Pts',(-74.4843547788274,-72.0591507607543,1.41478942722057));
#2980=CARTESIAN_POINT('Ctrl Pts',(-46.3962137478838,-91.0580227775049,1.96380903506371));
#2981=CARTESIAN_POINT('Ctrl Pts',(-22.4831586858655,-99.7178897541379,2.37557374094606));
#2982=CARTESIAN_POINT('Ctrl Pts',(2.83238403323696,-102.15747869514,2.78733844682841));
#2983=CARTESIAN_POINT('Ctrl Pts',(36.3557031197577,-97.049990809214,3.33635805467155));
#2984=CARTESIAN_POINT('Ctrl Pts',(73.8796398021131,-75.2577039545641,4.02263256447548));
#2985=CARTESIAN_POINT('Ctrl Pts',(96.3616055272913,-38.1428742896335,4.70890707427939));
#2986=CARTESIAN_POINT('Ctrl Pts',(102.087696260138,-4.71965696215446,5.25792668212253));
#2987=CARTESIAN_POINT('Ctrl Pts',(100.116326848871,20.636638459264,5.66969138800488));
#2988=CARTESIAN_POINT('Ctrl Pts',(91.8998262549794,44.7056461235953,6.08145609388724));
#2989=CARTESIAN_POINT('Ctrl Pts',(73.4232352661419,73.1400469819206,6.63047570173038));
#2990=CARTESIAN_POINT('Ctrl Pts',(38.0967370298796,98.3390140611844,7.31675021153428));
#2991=CARTESIAN_POINT('Ctrl Pts',(-4.98629459979781,103.516060690156,8.00302472133822));
#2992=CARTESIAN_POINT('Ctrl Pts',(-37.7967920159346,94.950383703676,8.55204432918136));
#2993=CARTESIAN_POINT('Ctrl Pts',(-60.0840449447263,82.6985931671395,8.9638090350637));
#2994=CARTESIAN_POINT('Ctrl Pts',(-78.6233300775838,65.2881675331032,9.37557374094607));
#2995=CARTESIAN_POINT('Ctrl Pts',(-96.9087742945794,36.7304699056537,9.92459334878919));
#2996=CARTESIAN_POINT('Ctrl Pts',(-105.298499293335,-5.84372342578487,10.6108678585931));
#2997=CARTESIAN_POINT('Ctrl Pts',(-92.2493457751836,-47.2281288926382,11.297142368397));
#2998=CARTESIAN_POINT('Ctrl Pts',(-70.9162041384739,-73.5871241663444,11.8461619762402));
#2999=CARTESIAN_POINT('Ctrl Pts',(-50.564255924882,-88.8392131393601,12.2579266821225));
#3000=CARTESIAN_POINT('Ctrl Pts',(-27.0581724915573,-98.5496227994585,12.6696913880049));
#3001=CARTESIAN_POINT('Ctrl Pts',(6.49865529711436,-103.432129601633,13.218710995848));
#3002=CARTESIAN_POINT('Ctrl Pts',(48.7442658012142,-93.5196215161759,13.9049855056519));
#3003=CARTESIAN_POINT('Ctrl Pts',(81.0654956158167,-64.5664260677387,14.5912600154559));
#3004=CARTESIAN_POINT('Ctrl Pts',(96.2822815962482,-34.2621526340885,15.140279623299));
#3005=CARTESIAN_POINT('Ctrl Pts',(101.78502568012,-9.4317716123589,15.5520443291813));
#3006=CARTESIAN_POINT('Ctrl Pts',(100.938546811172,15.9869515589836,15.9638090350637));
#3007=CARTESIAN_POINT('Ctrl Pts',(91.5492511599834,48.5713142363472,16.5128286429068));
#3008=CARTESIAN_POINT('Ctrl Pts',(65.0984874064072,82.9705369057281,17.1991031527108));
#3009=CARTESIAN_POINT('Ctrl Pts',(25.3936072822447,100.476876264118,17.8853776625147));
#3010=CARTESIAN_POINT('Ctrl Pts',(-8.48901001543165,101.843554344191,18.4343972703578));
#3011=CARTESIAN_POINT('Ctrl Pts',(-33.3791408020665,96.6177143580126,18.8461619762402));
#3012=CARTESIAN_POINT('Ctrl Pts',(-56.1871224168556,85.3649818544671,19.2579266821225));
#3013=CARTESIAN_POINT('Ctrl Pts',(-82.0004794487858,63.3747530548963,19.8069462899657));
#3014=CARTESIAN_POINT('Ctrl Pts',(-102.431810881254,25.0927714016194,20.4932207997696));
#3015=CARTESIAN_POINT('Ctrl Pts',(-102.007924388393,-18.2981233073673,21.1794953095735));
#3016=CARTESIAN_POINT('Ctrl Pts',(-89.28128777832,-49.7295134215591,21.7285149174166));
#3017=CARTESIAN_POINT('Ctrl Pts',(-74.2568265169554,-70.2500781784725,22.140279623299));
#3018=CARTESIAN_POINT('Ctrl Pts',(-54.6003170326308,-86.3885306764528,22.5520443291813));
#3019=CARTESIAN_POINT('Ctrl Pts',(-23.9224196867922,-100.837273817417,23.1010639370245));
#3020=CARTESIAN_POINT('Ctrl Pts',(19.3783212479474,-103.6648625265,23.7873384468284));
#3021=CARTESIAN_POINT('Ctrl Pts',(58.7336168256637,-85.3861827766995,24.4736129566323));
#3022=CARTESIAN_POINT('Ctrl Pts',(82.1204161106234,-60.8309962956245,25.0226325644755));
#3023=CARTESIAN_POINT('Ctrl Pts',(94.6196838617271,-38.6815872781553,25.4343972703578));
#3024=CARTESIAN_POINT('Ctrl Pts',(101.216693745822,-14.1192690910204,25.8461619762402));
#3025=CARTESIAN_POINT('Ctrl Pts',(101.729601223008,19.7870207360195,26.3951815840833));
#3026=CARTESIAN_POINT('Ctrl Pts',(86.450264503994,60.400950524113,27.0814560938873));
#3027=CARTESIAN_POINT('Ctrl Pts',(53.5695684960854,88.7171870932743,27.7677306036911));
#3028=CARTESIAN_POINT('Ctrl Pts',(21.5555430247174,99.8976046630238,28.3167502115343));
#3029=CARTESIAN_POINT('Ctrl Pts',(-3.77722227857794,102.151271946603,28.7285149174166));
#3030=CARTESIAN_POINT('Ctrl Pts',(-28.8743691671915,98.0328702920451,29.140279623299));
#3031=CARTESIAN_POINT('Ctrl Pts',(-59.975267790024,84.5186678084478,29.6892992311421));
#3032=CARTESIAN_POINT('Ctrl Pts',(-90.6749466789711,53.851435466407,30.3755737409461));
#3033=CARTESIAN_POINT('Ctrl Pts',(-102.913116813087,12.2199976438479,31.06184825075));
#3034=CARTESIAN_POINT('Ctrl Pts',(-99.8975447962691,-21.5558204709921,31.6108678585931));
#3035=CARTESIAN_POINT('Ctrl Pts',(-91.5045609235775,-45.5638573721979,32.0226325644755));
#3036=CARTESIAN_POINT('Ctrl Pts',(-77.4036366674923,-66.7296776790288,32.4343972703578));
#3037=CARTESIAN_POINT('Ctrl Pts',(-52.2672400921969,-89.4906339666027,32.983416878201));
#3038=CARTESIAN_POINT('Ctrl Pts',(-11.6694903046279,-104.812909763335,33.6696913880049));
#3039=CARTESIAN_POINT('Ctrl Pts',(31.3041792415271,-98.7951735491879,34.3559658978088));
#3040=CARTESIAN_POINT('Ctrl Pts',(60.8312243690302,-82.1202471639299,34.9049855056519));
#3041=CARTESIAN_POINT('Ctrl Pts',(79.2421898276036,-64.5741830747919,35.3167502115343));
#3042=CARTESIAN_POINT('Ctrl Pts',(92.7101263177815,-43.0000619841555,35.7285149174166));
#3043=CARTESIAN_POINT('Ctrl Pts',(103.080721087909,-10.714611266701,36.2775345252598));
#3044=CARTESIAN_POINT('Ctrl Pts',(100.298922776599,32.5890955210597,36.9638090350637));
#3045=CARTESIAN_POINT('Ctrl Pts',(77.096164665929,69.257630254029,37.6500835448676));
#3046=CARTESIAN_POINT('Ctrl Pts',(49.7292654597849,89.2814258921219,38.1991031527108));
#3047=CARTESIAN_POINT('Ctrl Pts',(26.1525257518201,98.8190020454118,38.6108678585931));
#3048=CARTESIAN_POINT('Ctrl Pts',(0.944424105610374,102.192372100901,39.0226325644754));
#3049=CARTESIAN_POINT('Ctrl Pts',(-32.7447330085329,98.3271092568051,39.5716521723187));
#3050=CARTESIAN_POINT('Ctrl Pts',(-71.0482985808874,77.9362709255962,40.2579266821224));
#3051=CARTESIAN_POINT('Ctrl Pts',(-94.8863603475356,41.6775308121468,40.9442011919265));
#3052=CARTESIAN_POINT('Ctrl Pts',(-101.843577920388,8.48872716454066,41.4932207997696));
#3053=CARTESIAN_POINT('Ctrl Pts',(-100.810508250928,-16.9230964849922,41.904985505652));
#3054=CARTESIAN_POINT('Ctrl Pts',(-93.4890048104278,-41.2792784827451,42.3167502115342));
#3055=CARTESIAN_POINT('Ctrl Pts',(-76.0757260477797,-70.3769980952797,42.8657698193774));
#3056=CARTESIAN_POINT('Ctrl Pts',(-41.7044932453965,-96.8641228741144,43.5520443291813));
#3057=CARTESIAN_POINT('Ctrl Pts',(1.15781559689384,-103.629616508233,44.2383188389853));
#3058=CARTESIAN_POINT('Ctrl Pts',(34.2624200394507,-96.2821864393433,44.7873384468284));
#3059=CARTESIAN_POINT('Ctrl Pts',(56.9871741382296,-84.8623105517979,45.1991031527108));
#3060=CARTESIAN_POINT('Ctrl Pts',(76.1571393902456,-68.1488295746518,45.6108678585931));
#3061=CARTESIAN_POINT('Ctrl Pts',(95.4853454929644,-40.2863097179305,46.1598874664362));
#3062=CARTESIAN_POINT('Ctrl Pts',(105.442521094461,1.94879508182296,46.8461619762402));
#3063=CARTESIAN_POINT('Ctrl Pts',(93.9314951958373,43.7871232769887,47.532436486044));
#3064=CARTESIAN_POINT('Ctrl Pts',(73.5869272099642,70.9164085123863,48.0814560938872));
#3065=CARTESIAN_POINT('Ctrl Pts',(53.8124657091584,86.9101162279246,48.4932207997696));
#3066=CARTESIAN_POINT('Ctrl Pts',(30.6812497138107,97.4824792898653,48.9049855056519));
#3067=CARTESIAN_POINT('Ctrl Pts',(-2.67224483262512,103.601626735078,49.4540051134951));
#3068=CARTESIAN_POINT('Ctrl Pts',(-45.2552861619566,95.2569269472108,50.140279623299));
#3069=CARTESIAN_POINT('Ctrl Pts',(-78.6243065044405,67.5178226936832,50.8265541331029));
#3070=CARTESIAN_POINT('Ctrl Pts',(-94.950488676493,37.7965283140581,51.375573740946));
#3071=CARTESIAN_POINT('Ctrl Pts',(-101.366994526269,13.1864395938461,51.7873384468285));
#3072=CARTESIAN_POINT('Ctrl Pts',(-101.460353685214,-12.2462027817382,52.1991031527107));
#3073=CARTESIAN_POINT('Ctrl Pts',(-93.2815114158249,-45.1552608516344,52.748122760554));
#3074=CARTESIAN_POINT('Ctrl Pts',(-68.1199147985171,-80.5083863014882,53.4343972703578));
#3075=CARTESIAN_POINT('Ctrl Pts',(-29.0890362076165,-99.4699247366346,54.1206717801617));
#3076=CARTESIAN_POINT('Ctrl Pts',(4.71994049600798,-102.087682970153,54.6696913880049));
#3077=CARTESIAN_POINT('Ctrl Pts',(29.7861754433401,-97.7851395709452,55.0814560938872));
#3078=CARTESIAN_POINT('Ctrl Pts',(52.9943859166584,-87.382881125633,55.4932207997696));
#3079=CARTESIAN_POINT('Ctrl Pts',(79.6026859042836,-66.3615125763705,56.0422404076127));
#3080=CARTESIAN_POINT('Ctrl Pts',(101.434640587862,-28.8606435451151,56.7285149174166));
#3081=CARTESIAN_POINT('Ctrl Pts',(102.614402203316,14.5162810339267,57.4147894272205));
#3082=CARTESIAN_POINT('Ctrl Pts',(91.0578941132335,46.3964737039723,57.9638090350638));
#3083=CARTESIAN_POINT('Ctrl Pts',(76.801959291374,67.4582005204471,58.375573740946));
#3084=CARTESIAN_POINT('Ctrl Pts',(57.7552140384462,84.3119689241894,58.7873384468285));
#3085=CARTESIAN_POINT('Ctrl Pts',(27.6321705747805,99.8844387476151,59.3363580546715));
#3086=CARTESIAN_POINT('Ctrl Pts',(-15.534514915682,104.310123685869,60.0226325644755));
#3087=CARTESIAN_POINT('Ctrl Pts',(-55.5383578170745,87.498164355502,60.7089070742795));
#3088=CARTESIAN_POINT('Ctrl Pts',(-79.8165362829312,63.8239248894624,61.2579266821225));
#3089=CARTESIAN_POINT('Ctrl Pts',(-93.1257216596834,42.1515092708897,61.6696913880049));
#3090=CARTESIAN_POINT('Ctrl Pts',(-100.62584066828,17.8497350765266,62.0814560938872));
#3091=CARTESIAN_POINT('Ctrl Pts',(-102.391286108338,-16.014446093458,62.6304757017304));
#3092=CARTESIAN_POINT('Ctrl Pts',(-88.6231298591135,-57.16523341159,63.3167502115342));
#3093=CARTESIAN_POINT('Ctrl Pts',(-56.8112167873224,-86.6771227126493,64.0030247213383));
#3094=CARTESIAN_POINT('Ctrl Pts',(-25.23218816293,-99.0328709722723,64.5520443291813));
#3095=CARTESIAN_POINT('Ctrl Pts',(-3.34856950978656E-13,-102.22108279827,
64.9638090350638));
#3096=CARTESIAN_POINT('Ctrl Pts',(25.2321881629293,-99.0328709722725,65.3755737409461));
#3097=CARTESIAN_POINT('Ctrl Pts',(56.8112167873218,-86.6771227126497,65.9245933487892));
#3098=CARTESIAN_POINT('Ctrl Pts',(88.6231298591132,-57.1652334115905,66.6108678585931));
#3099=CARTESIAN_POINT('Ctrl Pts',(102.391286108338,-16.0144460934588,67.297142368397));
#3100=CARTESIAN_POINT('Ctrl Pts',(100.62584066828,17.8497350765259,67.8461619762402));
#3101=CARTESIAN_POINT('Ctrl Pts',(93.1257216596836,42.151509270889,68.2579266821225));
#3102=CARTESIAN_POINT('Ctrl Pts',(79.8165362829316,63.8239248894619,68.6696913880049));
#3103=CARTESIAN_POINT('Ctrl Pts',(55.5383578170751,87.4981643555016,69.218710995848));
#3104=CARTESIAN_POINT('Ctrl Pts',(15.5345149156829,104.310123685869,69.904985505652));
#3105=CARTESIAN_POINT('Ctrl Pts',(-27.6321705747793,99.8844387476153,70.5912600154558));
#3106=CARTESIAN_POINT('Ctrl Pts',(-57.755214038445,84.3119689241903,71.1402796232989));
#3107=CARTESIAN_POINT('Ctrl Pts',(-76.8019592913733,67.458200520448,71.5520443291814));
#3108=CARTESIAN_POINT('Ctrl Pts',(-91.057894113233,46.3964737039731,71.9638090350637));
#3109=CARTESIAN_POINT('Ctrl Pts',(-102.614402203316,14.5162810339275,72.5128286429069));
#3110=CARTESIAN_POINT('Ctrl Pts',(-101.434640587862,-28.8606435451146,73.1991031527108));
#3111=CARTESIAN_POINT('Ctrl Pts',(-79.602685904284,-66.3615125763699,73.8853776625146));
#3112=CARTESIAN_POINT('Ctrl Pts',(-52.994385916659,-87.3828811256327,74.4343972703578));
#3113=CARTESIAN_POINT('Ctrl Pts',(-29.7861754433408,-97.7851395709451,74.8461619762402));
#3114=CARTESIAN_POINT('Ctrl Pts',(-4.71994049600869,-102.087682970152,75.2579266821226));
#3115=CARTESIAN_POINT('Ctrl Pts',(29.0890362076158,-99.469924736635,75.8069462899657));
#3116=CARTESIAN_POINT('Ctrl Pts',(68.1199147985166,-80.5083863014884,76.4932207997696));
#3117=CARTESIAN_POINT('Ctrl Pts',(93.2815114158245,-45.1552608516352,77.1794953095735));
#3118=CARTESIAN_POINT('Ctrl Pts',(101.460353685214,-12.2462027817388,77.7285149174167));
#3119=CARTESIAN_POINT('Ctrl Pts',(101.366994526269,13.1864395938453,78.1402796232989));
#3120=CARTESIAN_POINT('Ctrl Pts',(94.9504886764933,37.7965283140575,78.5520443291814));
#3121=CARTESIAN_POINT('Ctrl Pts',(78.6243065044408,67.5178226936824,79.1010639370244));
#3122=CARTESIAN_POINT('Ctrl Pts',(45.2552861619574,95.2569269472107,79.7873384468284));
#3123=CARTESIAN_POINT('Ctrl Pts',(2.67224483262582,103.601626735077,80.4736129566323));
#3124=CARTESIAN_POINT('Ctrl Pts',(-30.6812497138101,97.4824792898656,81.0226325644755));
#3125=CARTESIAN_POINT('Ctrl Pts',(-53.8124657091577,86.9101162279249,81.4343972703577));
#3126=CARTESIAN_POINT('Ctrl Pts',(-73.5869272099636,70.9164085123869,81.8461619762402));
#3127=CARTESIAN_POINT('Ctrl Pts',(-93.9314951958371,43.7871232769893,82.3951815840834));
#3128=CARTESIAN_POINT('Ctrl Pts',(-105.442521094461,1.94879508182366,83.0814560938871));
#3129=CARTESIAN_POINT('Ctrl Pts',(-95.4853454929647,-40.2863097179301,83.7677306036912));
#3130=CARTESIAN_POINT('Ctrl Pts',(-76.1571393902459,-68.1488295746512,84.3167502115343));
#3131=CARTESIAN_POINT('Ctrl Pts',(-56.9871741382303,-84.8623105517977,84.7285149174167));
#3132=CARTESIAN_POINT('Ctrl Pts',(-34.2624200394513,-96.282186439343,85.1402796232989));
#3133=CARTESIAN_POINT('Ctrl Pts',(-1.15781559689455,-103.629616508233,85.6892992311423));
#3134=CARTESIAN_POINT('Ctrl Pts',(41.7044932453958,-96.8641228741146,86.375573740946));
#3135=CARTESIAN_POINT('Ctrl Pts',(76.0757260477792,-70.3769980952802,87.0618482507499));
#3136=CARTESIAN_POINT('Ctrl Pts',(93.4890048104275,-41.2792784827457,87.6108678585931));
#3137=CARTESIAN_POINT('Ctrl Pts',(100.810508250928,-16.9230964849929,88.0226325644756));
#3138=CARTESIAN_POINT('Ctrl Pts',(101.843577920388,8.48872716453995,88.4343972703577));
#3139=CARTESIAN_POINT('Ctrl Pts',(94.8863603475358,41.6775308121462,88.9834168782011));
#3140=CARTESIAN_POINT('Ctrl Pts',(71.048298580888,77.9362709255957,89.6696913880048));
#3141=CARTESIAN_POINT('Ctrl Pts',(32.7447330085336,98.3271092568049,90.3559658978089));
#3142=CARTESIAN_POINT('Ctrl Pts',(-0.94442410560964,102.192372100901,90.9049855056519));
#3143=CARTESIAN_POINT('Ctrl Pts',(-26.1525257518195,98.8190020454119,91.3167502115343));
#3144=CARTESIAN_POINT('Ctrl Pts',(-49.729265459784,89.2814258921225,91.7285149174167));
#3145=CARTESIAN_POINT('Ctrl Pts',(-77.0961646659286,69.2576302540294,92.2775345252597));
#3146=CARTESIAN_POINT('Ctrl Pts',(-100.298922776598,32.589095521061,92.9638090350637));
#3147=CARTESIAN_POINT('Ctrl Pts',(-103.080721087909,-10.7146112667,93.6500835448674));
#3148=CARTESIAN_POINT('Ctrl Pts',(-92.7101263177819,-43.0000619841545,94.1991031527109));
#3149=CARTESIAN_POINT('Ctrl Pts',(-79.2421898276042,-64.5741830747914,94.6108678585931));
#3150=CARTESIAN_POINT('Ctrl Pts',(-60.8312243690306,-82.1202471639294,95.0226325644755));
#3151=CARTESIAN_POINT('Ctrl Pts',(-31.3041792415277,-98.7951735491879,95.5716521723186));
#3152=CARTESIAN_POINT('Ctrl Pts',(11.6694903046274,-104.812909763335,96.2579266821226));
#3153=CARTESIAN_POINT('Ctrl Pts',(52.2672400921962,-89.4906339666032,96.9442011919264));
#3154=CARTESIAN_POINT('Ctrl Pts',(77.4036366674918,-66.7296776790293,97.4932207997697));
#3155=CARTESIAN_POINT('Ctrl Pts',(91.5045609235772,-45.5638573721985,97.9049855056518));
#3156=CARTESIAN_POINT('Ctrl Pts',(99.897544796269,-21.5558204709928,98.3167502115344));
#3157=CARTESIAN_POINT('Ctrl Pts',(102.913116813087,12.2199976438472,98.8657698193774));
#3158=CARTESIAN_POINT('Ctrl Pts',(90.6749466789716,53.8514354664064,99.5520443291813));
#3159=CARTESIAN_POINT('Ctrl Pts',(59.9752677900245,84.5186678084474,100.238318838985));
#3160=CARTESIAN_POINT('Ctrl Pts',(28.874369167192,98.0328702920451,100.787338446828));
#3161=CARTESIAN_POINT('Ctrl Pts',(3.77722227857786,102.151271946604,101.199103152711));
#3162=CARTESIAN_POINT('Ctrl Pts',(-21.5555430247176,99.8976046630236,101.610867858593));
#3163=CARTESIAN_POINT('Ctrl Pts',(-53.5695684960857,88.7171870932742,102.159887466436));
#3164=CARTESIAN_POINT('Ctrl Pts',(-86.4502645039939,60.4009505241131,102.84616197624));
#3165=CARTESIAN_POINT('Ctrl Pts',(-101.729601223008,19.7870207360199,103.532436486044));
#3166=CARTESIAN_POINT('Ctrl Pts',(-101.216693745822,-14.1192690910198,104.081456093887));
#3167=CARTESIAN_POINT('Ctrl Pts',(-94.6196838617273,-38.6815872781551,104.49322079977));
#3168=CARTESIAN_POINT('Ctrl Pts',(-82.1204161106235,-60.8309962956244,104.904985505652));
#3169=CARTESIAN_POINT('Ctrl Pts',(-58.7336168256637,-85.3861827766993,105.454005113495));
#3170=CARTESIAN_POINT('Ctrl Pts',(-19.3783212479478,-103.6648625265,106.140279623299));
#3171=CARTESIAN_POINT('Ctrl Pts',(23.9224196867917,-100.837273817417,106.826554133103));
#3172=CARTESIAN_POINT('Ctrl Pts',(54.6003170326302,-86.3885306764532,107.375573740946));
#3173=CARTESIAN_POINT('Ctrl Pts',(74.2568265169553,-70.2500781784727,107.787338446828));
#3174=CARTESIAN_POINT('Ctrl Pts',(89.2812877783199,-49.7295134215593,108.199103152711));
#3175=CARTESIAN_POINT('Ctrl Pts',(102.007924388393,-18.2981233073676,108.748122760554));
#3176=CARTESIAN_POINT('Ctrl Pts',(102.431810881254,25.0927714016187,109.434397270358));
#3177=CARTESIAN_POINT('Ctrl Pts',(82.0004794487863,63.3747530548955,110.120671780162));
#3178=CARTESIAN_POINT('Ctrl Pts',(56.1871224168565,85.3649818544665,110.669691388005));
#3179=CARTESIAN_POINT('Ctrl Pts',(33.3791408020671,96.6177143580126,111.081456093887));
#3180=CARTESIAN_POINT('Ctrl Pts',(8.4890100154322,101.843554344191,111.49322079977));
#3181=CARTESIAN_POINT('Ctrl Pts',(-25.3936072822444,100.476876264118,112.042240407613));
#3182=CARTESIAN_POINT('Ctrl Pts',(-65.0984874064065,82.9705369057284,112.728514917417));
#3183=CARTESIAN_POINT('Ctrl Pts',(-91.549251159983,48.5713142363482,113.414789427221));
#3184=CARTESIAN_POINT('Ctrl Pts',(-100.938546811171,15.9869515589847,113.963809035064));
#3185=CARTESIAN_POINT('Ctrl Pts',(-101.78502568012,-9.43177161235818,114.375573740946));
#3186=CARTESIAN_POINT('Ctrl Pts',(-96.2822815962481,-34.2621526340875,114.787338446828));
#3187=CARTESIAN_POINT('Ctrl Pts',(-81.0654956158176,-64.5664260677388,115.336358054672));
#3188=CARTESIAN_POINT('Ctrl Pts',(-48.7442658012141,-93.519621516174,116.022632564475));
#3189=CARTESIAN_POINT('Ctrl Pts',(-6.49865529711715,-103.432129601635,116.708907074279));
#3190=CARTESIAN_POINT('Ctrl Pts',(27.058172491558,-98.5496227994559,117.257926682123));
#3191=CARTESIAN_POINT('Ctrl Pts',(50.5642559248768,-88.8392131393669,117.669691388005));
#3192=CARTESIAN_POINT('Ctrl Pts',(70.9162041384813,-73.5871241663335,118.081456093887));
#3193=CARTESIAN_POINT('Ctrl Pts',(92.2493457751658,-47.2281288926638,118.63047570173));
#3194=CARTESIAN_POINT('Ctrl Pts',(105.298499293373,-5.84372342573146,119.316750211534));
#3195=CARTESIAN_POINT('Ctrl Pts',(96.9087742945222,36.7304699055693,120.003024721338));
#3196=CARTESIAN_POINT('Ctrl Pts',(78.6233300776621,65.2881675332139,120.552044329181));
#3197=CARTESIAN_POINT('Ctrl Pts',(60.084044944561,82.6985931668981,120.963809035064));
#3198=CARTESIAN_POINT('Ctrl Pts',(37.796792016242,94.9503837041196,121.375573740946));
#3199=CARTESIAN_POINT('Ctrl Pts',(4.98629459912893,103.516060689185,121.924593348789));
#3200=CARTESIAN_POINT('Ctrl Pts',(-38.0967370284134,98.3390140633078,122.610867858593));
#3201=CARTESIAN_POINT('Ctrl Pts',(-73.423235268372,73.1400469786879,123.297142368397));
#3202=CARTESIAN_POINT('Ctrl Pts',(-91.8998262519791,44.7056461279442,123.84616197624));
#3203=CARTESIAN_POINT('Ctrl Pts',(-100.116326855329,20.6366384499046,124.257926682123));
#3204=CARTESIAN_POINT('Ctrl Pts',(-102.087696248232,-4.71965694489806,124.669691388005));
#3205=CARTESIAN_POINT('Ctrl Pts',(-96.3616055533257,-38.1428743273666,125.218710995848));
#3206=CARTESIAN_POINT('Ctrl Pts',(-73.8796397451851,-75.2577038720541,125.904985505652));
#3207=CARTESIAN_POINT('Ctrl Pts',(-36.3557032064764,-97.0499909349015,126.591260015456));
#3208=CARTESIAN_POINT('Ctrl Pts',(-2.83238391665894,-102.157478526176,127.140279623299));
#3209=CARTESIAN_POINT('Ctrl Pts',(22.4831584348486,-99.7178901179532,127.552044329182));
#3210=CARTESIAN_POINT('Ctrl Pts',(46.3962142106074,-91.0580221068483,127.963809035064));
#3211=CARTESIAN_POINT('Ctrl Pts',(74.4843537669768,-72.0591522272962,128.512828642907));
#3212=CARTESIAN_POINT('Ctrl Pts',(99.0261771550085,-36.2730305845435,129.199103152711));
#3213=CARTESIAN_POINT('Ctrl Pts',(103.406292161353,6.89830034111695,129.885377662515));
#3214=CARTESIAN_POINT('Ctrl Pts',(94.2356630405445,39.5449258053192,130.434397270358));
#3215=CARTESIAN_POINT('Ctrl Pts',(81.5743241636711,61.6019468606251,130.84616197624));
#3216=CARTESIAN_POINT('Ctrl Pts',(63.8238901478626,79.8163925770979,131.257926682123));
#3217=CARTESIAN_POINT('Ctrl Pts',(34.9339908835224,97.5708926566652,131.806946289966));
#3218=CARTESIAN_POINT('Ctrl Pts',(-7.78975275018868,105.172694441532,132.49322079977));
#3219=CARTESIAN_POINT('Ctrl Pts',(-48.9228634256894,91.3606257952363,133.179495309574));
#3220=CARTESIAN_POINT('Ctrl Pts',(-74.8875268567182,69.5446139472393,133.728514917416));
#3221=CARTESIAN_POINT('Ctrl Pts',(-89.7529708887742,48.9132677906283,134.140279623299));
#3222=CARTESIAN_POINT('Ctrl Pts',(-99.0431108348981,25.2337273125384,134.552044329181));
#3223=CARTESIAN_POINT('Ctrl Pts',(-102.21230692777,7.39124750749403E-13,
134.963809035064));
#3224=CARTESIAN_POINT('Ctrl Pts',(-99.0431108348985,-25.2337273125371,135.375573740946));
#3225=CARTESIAN_POINT('Ctrl Pts',(-89.7529708887747,-48.9132677906269,135.787338446829));
#3226=CARTESIAN_POINT('Ctrl Pts',(-74.8875268567194,-69.5446139472384,136.199103152711));
#3227=CARTESIAN_POINT('Ctrl Pts',(-48.9228634256905,-91.3606257952356,136.748122760554));
#3228=CARTESIAN_POINT('Ctrl Pts',(-7.78975275019025,-105.172694441531,137.434397270358));
#3229=CARTESIAN_POINT('Ctrl Pts',(34.9339908835211,-97.5708926566658,138.120671780162));
#3230=CARTESIAN_POINT('Ctrl Pts',(63.8238901478615,-79.8163925770987,138.669691388005));
#3231=CARTESIAN_POINT('Ctrl Pts',(81.5743241636702,-61.6019468606262,139.081456093887));
#3232=CARTESIAN_POINT('Ctrl Pts',(94.235663040544,-39.5449258053206,139.49322079977));
#3233=CARTESIAN_POINT('Ctrl Pts',(103.406292161353,-6.89830034111833,140.042240407613));
#3234=CARTESIAN_POINT('Ctrl Pts',(99.026177155009,36.2730305845421,140.728514917417));
#3235=CARTESIAN_POINT('Ctrl Pts',(74.4843537669778,72.0591522272951,141.41478942722));
#3236=CARTESIAN_POINT('Ctrl Pts',(46.3962142106087,91.0580221068478,141.963809035064));
#3237=CARTESIAN_POINT('Ctrl Pts',(22.48315843485,99.7178901179526,142.375573740946));
#3238=CARTESIAN_POINT('Ctrl Pts',(-2.83238391665758,102.157478526176,142.787338446828));
#3239=CARTESIAN_POINT('Ctrl Pts',(-36.355703206475,97.0499909349016,143.336358054671));
#3240=CARTESIAN_POINT('Ctrl Pts',(-73.8796397451841,75.2577038720556,144.022632564475));
#3241=CARTESIAN_POINT('Ctrl Pts',(-96.361605553325,38.1428743273677,144.708907074279));
#3242=CARTESIAN_POINT('Ctrl Pts',(-102.087696248232,4.71965694490009,145.257926682122));
#3243=CARTESIAN_POINT('Ctrl Pts',(-100.116326855329,-20.636638449902,145.669691388005));
#3244=CARTESIAN_POINT('Ctrl Pts',(-91.8998262519809,-44.7056461279411,146.081456093887));
#3245=CARTESIAN_POINT('Ctrl Pts',(-73.423235268374,-73.1400469786861,146.630475701731));
#3246=CARTESIAN_POINT('Ctrl Pts',(-38.0967370284153,-98.339014063307,147.316750211534));
#3247=CARTESIAN_POINT('Ctrl Pts',(4.98629459912764,-103.516060689185,148.003024721338));
#3248=CARTESIAN_POINT('Ctrl Pts',(37.7967920162406,-94.9503837041201,148.552044329181));
#3249=CARTESIAN_POINT('Ctrl Pts',(60.0840449445599,-82.698593166899,148.963809035064));
#3250=CARTESIAN_POINT('Ctrl Pts',(78.6233300776612,-65.2881675332149,149.375573740946));
#3251=CARTESIAN_POINT('Ctrl Pts',(96.9087742945217,-36.7304699055706,149.924593348789));
#3252=CARTESIAN_POINT('Ctrl Pts',(105.298499293373,5.84372342573,150.610867858593));
#3253=CARTESIAN_POINT('Ctrl Pts',(92.2493457751664,47.2281288926626,151.297142368397));
#3254=CARTESIAN_POINT('Ctrl Pts',(70.9162041384823,73.5871241663325,151.84616197624));
#3255=CARTESIAN_POINT('Ctrl Pts',(50.564255924878,88.8392131393661,152.257926682123));
#3256=CARTESIAN_POINT('Ctrl Pts',(27.0581724915594,98.5496227994557,152.669691388005));
#3257=CARTESIAN_POINT('Ctrl Pts',(-6.49865529711569,103.432129601635,153.218710995848));
#3258=CARTESIAN_POINT('Ctrl Pts',(-48.7442658012129,93.5196215161749,153.904985505652));
#3259=CARTESIAN_POINT('Ctrl Pts',(-81.0654956158166,64.5664260677398,154.591260015456));
#3260=CARTESIAN_POINT('Ctrl Pts',(-96.2822815962478,34.2621526340889,155.140279623299));
#3261=CARTESIAN_POINT('Ctrl Pts',(-101.78502568012,9.43177161235952,155.552044329181));
#3262=CARTESIAN_POINT('Ctrl Pts',(-100.938546811172,-15.9869515589833,155.963809035064));
#3263=CARTESIAN_POINT('Ctrl Pts',(-91.5492511599835,-48.571314236347,156.512828642907));
#3264=CARTESIAN_POINT('Ctrl Pts',(-65.0984874064077,-82.9705369057274,157.199103152711));
#3265=CARTESIAN_POINT('Ctrl Pts',(-25.3936072822457,-100.476876264118,157.885377662515));
#3266=CARTESIAN_POINT('Ctrl Pts',(8.48901001543073,-101.843554344191,158.434397270358));
#3267=CARTESIAN_POINT('Ctrl Pts',(33.3791408020658,-96.617714358013,158.84616197624));
#3268=CARTESIAN_POINT('Ctrl Pts',(56.1871224168553,-85.3649818544673,159.257926682122));
#3269=CARTESIAN_POINT('Ctrl Pts',(82.0004794487854,-63.3747530548966,159.806946289966));
#3270=CARTESIAN_POINT('Ctrl Pts',(102.431810881254,-25.0927714016201,160.49322079977));
#3271=CARTESIAN_POINT('Ctrl Pts',(102.007924388394,18.2981233073662,161.179495309574));
#3272=CARTESIAN_POINT('Ctrl Pts',(89.2812877783205,49.729513421558,161.728514917417));
#3273=CARTESIAN_POINT('Ctrl Pts',(74.2568265169563,70.2500781784719,162.140279623299));
#3274=CARTESIAN_POINT('Ctrl Pts',(54.6003170326314,86.3885306764522,162.552044329182));
#3275=CARTESIAN_POINT('Ctrl Pts',(23.9224196867931,100.837273817417,163.101063937024));
#3276=CARTESIAN_POINT('Ctrl Pts',(-19.3783212479464,103.6648625265,163.787338446828));
#3277=CARTESIAN_POINT('Ctrl Pts',(-58.7336168256626,85.3861827767004,164.473612956633));
#3278=CARTESIAN_POINT('Ctrl Pts',(-82.1204161106226,60.8309962956254,165.022632564475));
#3279=CARTESIAN_POINT('Ctrl Pts',(-94.6196838617267,38.6815872781564,165.434397270358));
#3280=CARTESIAN_POINT('Ctrl Pts',(-101.216693745822,14.1192690910212,165.84616197624));
#3281=CARTESIAN_POINT('Ctrl Pts',(-101.729601223008,-19.7870207360186,166.395181584083));
#3282=CARTESIAN_POINT('Ctrl Pts',(-86.4502645039948,-60.4009505241119,167.081456093887));
#3283=CARTESIAN_POINT('Ctrl Pts',(-53.5695684960868,-88.7171870932734,167.767730603691));
#3284=CARTESIAN_POINT('Ctrl Pts',(-21.555543024719,-99.8976046630233,168.316750211534));
#3285=CARTESIAN_POINT('Ctrl Pts',(3.77722227857648,-102.151271946604,168.728514917417));
#3286=CARTESIAN_POINT('Ctrl Pts',(28.8743691671904,-98.0328702920454,169.140279623299));
#3287=CARTESIAN_POINT('Ctrl Pts',(59.9752677900228,-84.5186678084485,169.689299231142));
#3288=CARTESIAN_POINT('Ctrl Pts',(90.6749466789708,-53.8514354664078,170.375573740946));
#3289=CARTESIAN_POINT('Ctrl Pts',(102.913116813087,-12.2199976438482,171.06184825075));
#3290=CARTESIAN_POINT('Ctrl Pts',(99.897544796269,21.5558204709924,171.610867858593));
#3291=CARTESIAN_POINT('Ctrl Pts',(91.5045609235775,45.5638573721979,172.022632564475));
#3292=CARTESIAN_POINT('Ctrl Pts',(77.4036366674924,66.7296776790286,172.434397270358));
#3293=CARTESIAN_POINT('Ctrl Pts',(52.267240092197,89.4906339666028,172.983416878201));
#3294=CARTESIAN_POINT('Ctrl Pts',(11.669490304628,104.812909763335,173.669691388005));
#3295=CARTESIAN_POINT('Ctrl Pts',(-31.3041792415273,98.7951735491881,174.355965897809));
#3296=CARTESIAN_POINT('Ctrl Pts',(-60.83122436903,82.1202471639298,174.904985505652));
#3297=CARTESIAN_POINT('Ctrl Pts',(-79.2421898276034,64.5741830747922,175.316750211534));
#3298=CARTESIAN_POINT('Ctrl Pts',(-92.7101263177812,43.000061984156,175.728514917417));
#3299=CARTESIAN_POINT('Ctrl Pts',(-103.080721087909,10.7146112667016,176.27753452526));
#3300=CARTESIAN_POINT('Ctrl Pts',(-100.298922776599,-32.5890955210594,176.963809035064));
#3301=CARTESIAN_POINT('Ctrl Pts',(-77.0961646659292,-69.2576302540288,177.650083544868));
#3302=CARTESIAN_POINT('Ctrl Pts',(-49.7292654597852,-89.2814258921217,178.199103152711));
#3303=CARTESIAN_POINT('Ctrl Pts',(-26.1525257518208,-98.8190020454116,178.610867858593));
#3304=CARTESIAN_POINT('Ctrl Pts',(-0.944424105611311,-102.192372100901,
179.022632564475));
#3305=CARTESIAN_POINT('Ctrl Pts',(32.744733008532,-98.3271092568055,179.571652172319));
#3306=CARTESIAN_POINT('Ctrl Pts',(71.048298580887,-77.9362709255967,180.257926682123));
#3307=CARTESIAN_POINT('Ctrl Pts',(94.8863603475354,-41.6775308121472,180.944201191926));
#3308=CARTESIAN_POINT('Ctrl Pts',(101.843577920388,-8.48872716454111,181.49322079977));
#3309=CARTESIAN_POINT('Ctrl Pts',(100.810508250928,16.9230964849915,181.904985505652));
#3310=CARTESIAN_POINT('Ctrl Pts',(93.4890048104281,41.2792784827443,182.316750211534));
#3311=CARTESIAN_POINT('Ctrl Pts',(76.0757260477804,70.3769980952789,182.865769819378));
#3312=CARTESIAN_POINT('Ctrl Pts',(41.7044932453973,96.8641228741142,183.552044329181));
#3313=CARTESIAN_POINT('Ctrl Pts',(-1.15781559689347,103.629616508233,184.238318838985));
#3314=CARTESIAN_POINT('Ctrl Pts',(-34.2624200394501,96.2821864393434,184.787338446828));
#3315=CARTESIAN_POINT('Ctrl Pts',(-56.9871741382292,84.8623105517984,185.199103152711));
#3316=CARTESIAN_POINT('Ctrl Pts',(-76.1571393902447,68.1488295746526,185.610867858593));
#3317=CARTESIAN_POINT('Ctrl Pts',(-95.4853454929641,40.2863097179315,186.159887466436));
#3318=CARTESIAN_POINT('Ctrl Pts',(-105.442521094461,-1.94879508182181,186.84616197624));
#3319=CARTESIAN_POINT('Ctrl Pts',(-93.9314951958378,-43.7871232769879,187.532436486044));
#3320=CARTESIAN_POINT('Ctrl Pts',(-73.5869272099649,-70.9164085123855,188.081456093887));
#3321=CARTESIAN_POINT('Ctrl Pts',(-53.8124657091596,-86.9101162279239,188.49322079977));
#3322=CARTESIAN_POINT('Ctrl Pts',(-30.6812497138123,-97.4824792898648,188.904985505652));
#3323=CARTESIAN_POINT('Ctrl Pts',(2.67224483262339,-103.601626735078,189.454005113495));
#3324=CARTESIAN_POINT('Ctrl Pts',(45.2552861619554,-95.2569269472116,190.140279623299));
#3325=CARTESIAN_POINT('Ctrl Pts',(78.6243065044396,-67.5178226936838,190.826554133103));
#3326=CARTESIAN_POINT('Ctrl Pts',(94.9504886764926,-37.7965283140593,191.375573740946));
#3327=CARTESIAN_POINT('Ctrl Pts',(101.366994526268,-13.1864395938474,191.787338446828));
#3328=CARTESIAN_POINT('Ctrl Pts',(101.460353685215,12.2462027817364,192.199103152711));
#3329=CARTESIAN_POINT('Ctrl Pts',(93.2815114158254,45.1552608516336,192.748122760554));
#3330=CARTESIAN_POINT('Ctrl Pts',(68.1199147985176,80.5083863014877,193.434397270358));
#3331=CARTESIAN_POINT('Ctrl Pts',(29.0890362076167,99.4699247366348,194.120671780162));
#3332=CARTESIAN_POINT('Ctrl Pts',(-4.71994049600774,102.087682970152,194.669691388005));
#3333=CARTESIAN_POINT('Ctrl Pts',(-29.7861754433402,97.7851395709455,195.081456093887));
#3334=CARTESIAN_POINT('Ctrl Pts',(-52.9943859166586,87.3828811256327,195.49322079977));
#3335=CARTESIAN_POINT('Ctrl Pts',(-79.6026859042838,66.3615125763704,196.042240407613));
#3336=CARTESIAN_POINT('Ctrl Pts',(-101.434640587862,28.8606435451151,196.728514917417));
#3337=CARTESIAN_POINT('Ctrl Pts',(-102.614402203316,-14.5162810339265,197.41478942722));
#3338=CARTESIAN_POINT('Ctrl Pts',(-91.0578941132335,-46.3964737039721,197.963809035064));
#3339=CARTESIAN_POINT('Ctrl Pts',(-76.8019592913741,-67.4582005204471,198.375573740946));
#3340=CARTESIAN_POINT('Ctrl Pts',(-57.7552140384459,-84.3119689241896,198.787338446828));
#3341=CARTESIAN_POINT('Ctrl Pts',(-27.6321705747805,-99.8844387476151,199.336358054672));
#3342=CARTESIAN_POINT('Ctrl Pts',(15.5345149156816,-104.310123685869,200.022632564475));
#3343=CARTESIAN_POINT('Ctrl Pts',(55.5383578170736,-87.4981643555026,200.70890707428));
#3344=CARTESIAN_POINT('Ctrl Pts',(79.8165362829306,-63.8239248894631,201.257926682122));
#3345=CARTESIAN_POINT('Ctrl Pts',(93.1257216596832,-42.1515092708903,201.669691388005));
#3346=CARTESIAN_POINT('Ctrl Pts',(100.62584066828,-17.8497350765271,202.081456093887));
#3347=CARTESIAN_POINT('Ctrl Pts',(102.391286108338,16.0144460934576,202.63047570173));
#3348=CARTESIAN_POINT('Ctrl Pts',(88.623129859114,57.1652334115894,203.316750211534));
#3349=CARTESIAN_POINT('Ctrl Pts',(56.8112167873231,86.6771227126488,204.003024721338));
#3350=CARTESIAN_POINT('Ctrl Pts',(25.2321881629309,99.0328709722719,204.552044329181));
#3351=CARTESIAN_POINT('Ctrl Pts',(1.02583161172828E-12,102.22108279827,
204.963809035064));
#3352=CARTESIAN_POINT('Ctrl Pts',(-25.2321881629288,99.0328709722725,205.375573740946));
#3353=CARTESIAN_POINT('Ctrl Pts',(-56.8112167873214,86.67712271265,205.92459334879));
#3354=CARTESIAN_POINT('Ctrl Pts',(-88.6231298591131,57.1652334115908,206.610867858593));
#3355=CARTESIAN_POINT('Ctrl Pts',(-102.391286108338,16.0144460934583,207.297142368397));
#3356=CARTESIAN_POINT('Ctrl Pts',(-100.62584066828,-17.8497350765274,207.84616197624));
#3357=CARTESIAN_POINT('Ctrl Pts',(-93.1257216596828,-42.151509270891,208.257926682123));
#3358=CARTESIAN_POINT('Ctrl Pts',(-79.8165362829304,-63.8239248894633,208.669691388005));
#3359=CARTESIAN_POINT('Ctrl Pts',(-55.538357817074,-87.498164355502,209.218710995848));
#3360=CARTESIAN_POINT('Ctrl Pts',(-15.5345149156828,-104.310123685869,209.904985505652));
#3361=CARTESIAN_POINT('Ctrl Pts',(27.6321705747799,-99.8844387476154,210.591260015456));
#3362=CARTESIAN_POINT('Ctrl Pts',(57.7552140384462,-84.3119689241894,211.140279623299));
#3363=CARTESIAN_POINT('Ctrl Pts',(76.8019592913745,-67.4582005204465,211.552044329181));
#3364=CARTESIAN_POINT('Ctrl Pts',(91.0578941132337,-46.3964737039718,211.963809035064));
#3365=CARTESIAN_POINT('Ctrl Pts',(102.614402203316,-14.5162810339271,212.512828642907));
#3366=CARTESIAN_POINT('Ctrl Pts',(101.434640587862,28.860643545114,213.199103152711));
#3367=CARTESIAN_POINT('Ctrl Pts',(79.6026859042842,66.3615125763699,213.885377662515));
#3368=CARTESIAN_POINT('Ctrl Pts',(52.9943859166584,87.3828811256332,214.434397270358));
#3369=CARTESIAN_POINT('Ctrl Pts',(29.7861754433394,97.7851395709455,214.84616197624));
#3370=CARTESIAN_POINT('Ctrl Pts',(4.71994049600741,102.087682970153,215.257926682123));
#3371=CARTESIAN_POINT('Ctrl Pts',(-29.0890362076159,99.4699247366345,215.806946289965));
#3372=CARTESIAN_POINT('Ctrl Pts',(-68.1199147985164,80.508386301489,216.49322079977));
#3373=CARTESIAN_POINT('Ctrl Pts',(-93.2815114158245,45.1552608516354,217.179495309574));
#3374=CARTESIAN_POINT('Ctrl Pts',(-101.460353685214,12.2462027817381,217.728514917417));
#3375=CARTESIAN_POINT('Ctrl Pts',(-101.366994526268,-13.1864395938468,218.140279623299));
#3376=CARTESIAN_POINT('Ctrl Pts',(-94.9504886764928,-37.7965283140586,218.552044329181));
#3377=CARTESIAN_POINT('Ctrl Pts',(-78.6243065044405,-67.5178226936826,219.101063937024));
#3378=CARTESIAN_POINT('Ctrl Pts',(-45.2552861619579,-95.2569269472104,219.787338446829));
#3379=CARTESIAN_POINT('Ctrl Pts',(-2.67224483262601,-103.601626735078,220.473612956632));
#3380=CARTESIAN_POINT('Ctrl Pts',(30.6812497138108,-97.4824792898654,221.022632564476));
#3381=CARTESIAN_POINT('Ctrl Pts',(53.812465709159,-86.9101162279242,221.434397270358));
#3382=CARTESIAN_POINT('Ctrl Pts',(73.5869272099645,-70.916408512386,221.84616197624));
#3383=CARTESIAN_POINT('Ctrl Pts',(93.9314951958367,-43.7871232769892,222.395181584083));
#3384=CARTESIAN_POINT('Ctrl Pts',(105.442521094461,-1.94879508182459,223.081456093888));
#3385=CARTESIAN_POINT('Ctrl Pts',(95.4853454929651,40.2863097179292,223.767730603691));
#3386=CARTESIAN_POINT('Ctrl Pts',(76.157139390246,68.1488295746514,224.316750211535));
#3387=CARTESIAN_POINT('Ctrl Pts',(56.9871741382296,84.8623105517981,224.728514917416));
#3388=CARTESIAN_POINT('Ctrl Pts',(34.2624200394508,96.2821864393431,225.140279623299));
#3389=CARTESIAN_POINT('Ctrl Pts',(1.157815596895,103.629616508233,225.689299231142));
#3390=CARTESIAN_POINT('Ctrl Pts',(-41.7044932453947,96.8641228741152,226.375573740946));
#3391=CARTESIAN_POINT('Ctrl Pts',(-76.0757260477786,70.376998095281,227.06184825075));
#3392=CARTESIAN_POINT('Ctrl Pts',(-93.4890048104277,41.2792784827458,227.610867858593));
#3393=CARTESIAN_POINT('Ctrl Pts',(-100.810508250928,16.9230964849921,228.022632564476));
#3394=CARTESIAN_POINT('Ctrl Pts',(-101.843577920388,-8.48872716454046,228.434397270358));
#3395=CARTESIAN_POINT('Ctrl Pts',(-94.8863603475359,-41.6775308121456,228.983416878201));
#3396=CARTESIAN_POINT('Ctrl Pts',(-71.0482985808889,-77.936270925595,229.669691388005));
#3397=CARTESIAN_POINT('Ctrl Pts',(-32.7447330085345,-98.3271092568047,230.355965897809));
#3398=CARTESIAN_POINT('Ctrl Pts',(0.944424105609677,-102.192372100901,230.904985505652));
#3399=CARTESIAN_POINT('Ctrl Pts',(26.1525257518202,-98.8190020454117,231.316750211534));
#3400=CARTESIAN_POINT('Ctrl Pts',(49.7292654597845,-89.2814258921222,231.728514917417));
#3401=CARTESIAN_POINT('Ctrl Pts',(77.096164665928,-69.2576302540297,232.27753452526));
#3402=CARTESIAN_POINT('Ctrl Pts',(100.298922776598,-32.5890955210621,232.963809035064));
#3403=CARTESIAN_POINT('Ctrl Pts',(103.080721087909,10.7146112666991,233.650083544867));
#3404=CARTESIAN_POINT('Ctrl Pts',(92.710126317782,43.0000619841545,234.199103152711));
#3405=CARTESIAN_POINT('Ctrl Pts',(79.2421898276039,64.5741830747917,234.610867858593));
#3406=CARTESIAN_POINT('Ctrl Pts',(60.8312243690305,82.1202471639294,235.022632564475));
#3407=CARTESIAN_POINT('Ctrl Pts',(31.3041792415287,98.7951735491873,235.571652172319));
#3408=CARTESIAN_POINT('Ctrl Pts',(-11.6694903046254,104.812909763336,236.257926682123));
#3409=CARTESIAN_POINT('Ctrl Pts',(-52.2672400921948,89.4906339666041,236.944201191926));
#3410=CARTESIAN_POINT('Ctrl Pts',(-77.4036366674914,66.7296776790299,237.49322079977));
#3411=CARTESIAN_POINT('Ctrl Pts',(-91.5045609235774,45.5638573721985,237.904985505652));
#3412=CARTESIAN_POINT('Ctrl Pts',(-99.8975447962687,21.555820470993,238.316750211534));
#3413=CARTESIAN_POINT('Ctrl Pts',(-102.913116813088,-12.219997643846,238.865769819377));
#3414=CARTESIAN_POINT('Ctrl Pts',(-90.6749466789725,-53.8514354664047,239.552044329182));
#3415=CARTESIAN_POINT('Ctrl Pts',(-59.975267790026,-84.5186678084465,240.238318838985));
#3416=CARTESIAN_POINT('Ctrl Pts',(-28.8743691671929,-98.0328702920449,240.787338446828));
#3417=CARTESIAN_POINT('Ctrl Pts',(-3.77722227857855,-102.151271946603,241.199103152711));
#3418=CARTESIAN_POINT('Ctrl Pts',(21.5555430247163,-99.8976046630239,241.610867858593));
#3419=CARTESIAN_POINT('Ctrl Pts',(53.5695684960838,-88.717187093275,242.159887466436));
#3420=CARTESIAN_POINT('Ctrl Pts',(86.4502645039922,-60.4009505241154,242.84616197624));
#3421=CARTESIAN_POINT('Ctrl Pts',(101.729601223007,-19.7870207360221,243.532436486044));
#3422=CARTESIAN_POINT('Ctrl Pts',(101.216693745822,14.1192690910187,244.081456093887));
#3423=CARTESIAN_POINT('Ctrl Pts',(94.6196838617276,38.6815872781544,244.49322079977));
#3424=CARTESIAN_POINT('Ctrl Pts',(82.1204161106241,60.8309962956234,244.904985505652));
#3425=CARTESIAN_POINT('Ctrl Pts',(58.7336168256655,85.386182776698,245.454005113495));
#3426=CARTESIAN_POINT('Ctrl Pts',(19.3783212479504,103.6648625265,246.140279623299));
#3427=CARTESIAN_POINT('Ctrl Pts',(-23.9224196867895,100.837273817418,246.826554133103));
#3428=CARTESIAN_POINT('Ctrl Pts',(-54.6003170326294,86.3885306764539,247.375573740946));
#3429=CARTESIAN_POINT('Ctrl Pts',(-74.2568265169546,70.2500781784733,247.787338446828));
#3430=CARTESIAN_POINT('Ctrl Pts',(-89.2812877783195,49.7295134215603,248.199103152711));
#3431=CARTESIAN_POINT('Ctrl Pts',(-102.007924388393,18.2981233073697,248.748122760554));
#3432=CARTESIAN_POINT('Ctrl Pts',(-102.431810881255,-25.092771401616,249.434397270359));
#3433=CARTESIAN_POINT('Ctrl Pts',(-82.0004794487877,-63.3747530548939,250.120671780161));
#3434=CARTESIAN_POINT('Ctrl Pts',(-56.1871224168575,-85.3649818544659,250.669691388006));
#3435=CARTESIAN_POINT('Ctrl Pts',(-33.3791408020678,-96.6177143580124,251.081456093886));
#3436=CARTESIAN_POINT('Ctrl Pts',(-8.48901001543336,-101.84355434419,251.49322079977));
#3437=CARTESIAN_POINT('Ctrl Pts',(25.3936072822432,-100.476876264119,252.042240407612));
#3438=CARTESIAN_POINT('Ctrl Pts',(65.098487406406,-82.970536905729,252.728514917417));
#3439=CARTESIAN_POINT('Ctrl Pts',(91.549251159983,-48.5713142363484,253.414789427221));
#3440=CARTESIAN_POINT('Ctrl Pts',(100.938546811171,-15.9869515589848,253.963809035063));
#3441=CARTESIAN_POINT('Ctrl Pts',(101.78502568012,9.4317716123573,254.375573740946));
#3442=CARTESIAN_POINT('Ctrl Pts',(96.2822815962485,34.2621526340877,254.787338446828));
#3443=CARTESIAN_POINT('Ctrl Pts',(81.0654956158168,64.5664260677388,255.336358054672));
#3444=CARTESIAN_POINT('Ctrl Pts',(48.7442658012139,93.519621516176,256.022632564476));
#3445=CARTESIAN_POINT('Ctrl Pts',(6.49865529711485,103.432129601632,256.708907074279));
#3446=CARTESIAN_POINT('Ctrl Pts',(-27.0581724915558,98.5496227994588,257.257926682123));
#3447=CARTESIAN_POINT('Ctrl Pts',(-50.5642559248806,88.839213139361,257.669691388005));
#3448=CARTESIAN_POINT('Ctrl Pts',(-70.9162041384731,73.587124166345,258.081456093887));
#3449=CARTESIAN_POINT('Ctrl Pts',(-92.2493457751838,47.2281288926384,258.63047570173));
#3450=CARTESIAN_POINT('Ctrl Pts',(-105.298499293335,5.84372342578472,259.316750211534));
#3451=CARTESIAN_POINT('Ctrl Pts',(-96.9087742945793,-36.7304699056531,260.003024721338));
#3452=CARTESIAN_POINT('Ctrl Pts',(-78.623330077585,-65.2881675331018,260.552044329181));
#3453=CARTESIAN_POINT('Ctrl Pts',(-60.0840449447278,-82.6985931671386,260.963809035064));
#3454=CARTESIAN_POINT('Ctrl Pts',(-37.7967920159359,-94.9503837036755,261.375573740946));
#3455=CARTESIAN_POINT('Ctrl Pts',(-4.9862945997981,-103.516060690156,261.924593348789));
#3456=CARTESIAN_POINT('Ctrl Pts',(38.0967370298794,-98.3390140611844,262.610867858594));
#3457=CARTESIAN_POINT('Ctrl Pts',(73.4232352661411,-73.1400469819211,263.297142368396));
#3458=CARTESIAN_POINT('Ctrl Pts',(91.8998262549785,-44.705646123597,263.846161976241));
#3459=CARTESIAN_POINT('Ctrl Pts',(100.116326848871,-20.6366384592661,264.257926682122));
#3460=CARTESIAN_POINT('Ctrl Pts',(102.087696260138,4.71965696215304,264.669691388005));
#3461=CARTESIAN_POINT('Ctrl Pts',(96.3616055272914,38.142874289633,265.218710995848));
#3462=CARTESIAN_POINT('Ctrl Pts',(73.8796398021135,75.2577039545639,265.904985505652));
#3463=CARTESIAN_POINT('Ctrl Pts',(36.3557031197585,97.0499908092133,266.591260015456));
#3464=CARTESIAN_POINT('Ctrl Pts',(2.83238403323915,102.15747869514,267.140279623299));
#3465=CARTESIAN_POINT('Ctrl Pts',(-22.4831586858633,99.7178897541384,267.552044329181));
#3466=CARTESIAN_POINT('Ctrl Pts',(-46.3962137478822,91.0580227775058,267.963809035064));
#3467=CARTESIAN_POINT('Ctrl Pts',(-74.4843547788269,72.0591507607548,268.512828642907));
#3468=CARTESIAN_POINT('Ctrl Pts',(-99.0261749424369,36.2730337913704,269.199103152711));
#3469=CARTESIAN_POINT('Ctrl Pts',(-103.406295531769,-6.89830522608405,269.885377662515));
#3470=CARTESIAN_POINT('Ctrl Pts',(-94.235658509618,-39.5449192383466,270.434397270358));
#3471=CARTESIAN_POINT('Ctrl Pts',(-81.5743339197311,-61.6019610006881,270.84616197624));
#3472=CARTESIAN_POINT('Ctrl Pts',(-63.8238721633045,-79.8163665112269,271.257926682122));
#3473=CARTESIAN_POINT('Ctrl Pts',(-34.9340302135396,-97.5709496564218,271.806946289966));
#3474=CARTESIAN_POINT('Ctrl Pts',(7.78983878333503,-105.172569792312,272.493220799769));
#3475=CARTESIAN_POINT('Ctrl Pts',(48.9227322289199,-91.3608157192385,273.179495309574));
#3476=CARTESIAN_POINT('Ctrl Pts',(74.8877042425729,-69.5443583035513,273.728514917416));
#3477=CARTESIAN_POINT('Ctrl Pts',(89.7525754822752,-48.9138225540787,274.140279623299));
#3478=CARTESIAN_POINT('Ctrl Pts',(99.0439528892192,-25.2326679279034,274.552044329182));
#3479=CARTESIAN_POINT('Ctrl Pts',(101.154805009304,-8.41210023404369,274.826554133103));
#3480=CARTESIAN_POINT('Ctrl Pts',(101.154805009304,-1.38769422300021E-12,
274.963809035064));
#3481=CARTESIAN_POINT('Ctrl Pts',(98.0732548444074,0.,-5.05174152517062));
#3482=CARTESIAN_POINT('Ctrl Pts',(98.0732548444074,8.1554360903399,-4.91448662320984));
#3483=CARTESIAN_POINT('Ctrl Pts',(96.0267071011452,24.4642619033041,-4.63997681928827));
#3484=CARTESIAN_POINT('Ctrl Pts',(87.0183794769373,47.4236000288905,-4.22821211340591));
#3485=CARTESIAN_POINT('Ctrl Pts',(72.6063472933302,67.4258358077325,-3.81644740752356));
#3486=CARTESIAN_POINT('Ctrl Pts',(47.4323645340467,88.5775851268421,-3.26742779968042));
#3487=CARTESIAN_POINT('Ctrl Pts',(7.5525314306588,101.968650920091,-2.5811532898765));
#3488=CARTESIAN_POINT('Ctrl Pts',(-33.8698102137558,94.5985645275885,-1.89487878007258));
#3489=CARTESIAN_POINT('Ctrl Pts',(-61.8795605335087,77.3848699527031,-1.34585917222944));
#3490=CARTESIAN_POINT('Ctrl Pts',(-79.0892774548532,59.7253339226773,-0.934094466347087));
#3491=CARTESIAN_POINT('Ctrl Pts',(-91.3648911843007,38.3402359117271,-0.522329760464736));
#3492=CARTESIAN_POINT('Ctrl Pts',(-100.256156623213,6.68815621970245,0.0266898473784022));
#3493=CARTESIAN_POINT('Ctrl Pts',(-96.0094707364936,-35.1680220793489,0.712964357182324));
#3494=CARTESIAN_POINT('Ctrl Pts',(-72.2152853487612,-69.8639623520725,1.39923886698625));
#3495=CARTESIAN_POINT('Ctrl Pts',(-44.9828131673357,-88.2840578637456,1.94825847482938));
#3496=CARTESIAN_POINT('Ctrl Pts',(-21.7982383664654,-96.6801134316819,2.36002318071174));
#3497=CARTESIAN_POINT('Ctrl Pts',(2.74609912088044,-99.045383337629,2.77178788659409));
#3498=CARTESIAN_POINT('Ctrl Pts',(35.2481736955912,-94.0934885217441,3.32080749443723));
#3499=CARTESIAN_POINT('Ctrl Pts',(71.6289922308606,-72.9650754250899,4.00708200424115));
#3500=CARTESIAN_POINT('Ctrl Pts',(93.4260739786413,-36.9809010179673,4.69335651404507));
#3501=CARTESIAN_POINT('Ctrl Pts',(98.9777267711412,-4.57587871977939,5.24237612188821));
#3502=CARTESIAN_POINT('Ctrl Pts',(97.0664125765668,20.007969985745,5.65414082777056));
#3503=CARTESIAN_POINT('Ctrl Pts',(89.1002170349927,43.3437464978182,6.06590553365292));
#3504=CARTESIAN_POINT('Ctrl Pts',(71.1864914681503,70.9119301476432,6.61492514149605));
#3505=CARTESIAN_POINT('Ctrl Pts',(36.9361692618366,95.3432433222545,7.30119965129997));
#3506=CARTESIAN_POINT('Ctrl Pts',(-4.83439359079654,100.362577927955,7.9874741611039));
#3507=CARTESIAN_POINT('Ctrl Pts',(-36.6453616843893,92.0578432008068,8.53649376894703));
#3508=CARTESIAN_POINT('Ctrl Pts',(-58.2536623090219,80.1792875998677,8.94825847482939));
#3509=CARTESIAN_POINT('Ctrl Pts',(-76.22817212396,63.2992480407819,9.36002318071173));
#3510=CARTESIAN_POINT('Ctrl Pts',(-93.9565739578783,35.6115236965644,9.90904278855489));
#3511=CARTESIAN_POINT('Ctrl Pts',(-102.090716847104,-5.66570195774007,10.5953172983588));
#3512=CARTESIAN_POINT('Ctrl Pts',(-89.4390888955526,-45.7893850943289,11.2815918081627));
#3513=CARTESIAN_POINT('Ctrl Pts',(-68.7558337978197,-71.3453877051997,11.8306114160059));
#3514=CARTESIAN_POINT('Ctrl Pts',(-49.023881335965,-86.1328415352275,12.2423761218882));
#3515=CARTESIAN_POINT('Ctrl Pts',(-26.2338803000445,-95.5474361375366,12.6541408277706));
#3516=CARTESIAN_POINT('Ctrl Pts',(6.30068217759133,-100.281203691587,13.2031604356137));
#3517=CARTESIAN_POINT('Ctrl Pts',(47.2593348549909,-90.6706673307791,13.8894349454176));
#3518=CARTESIAN_POINT('Ctrl Pts',(78.595940251053,-62.5994934946639,14.5757094552215));
#3519=CARTESIAN_POINT('Ctrl Pts',(93.3491665484533,-33.2184005148532,15.1247290630647));
#3520=CARTESIAN_POINT('Ctrl Pts',(98.6842766584621,-9.14444490193059,15.536493768947));
#3521=CARTESIAN_POINT('Ctrl Pts',(97.8635846722818,15.4999297787699,15.9482584748294));
#3522=CARTESIAN_POINT('Ctrl Pts',(88.7603217563602,47.0916520356196,16.4972780826725));
#3523=CARTESIAN_POINT('Ctrl Pts',(63.1153462735337,80.4429469246102,17.1835525924764));
#3524=CARTESIAN_POINT('Ctrl Pts',(24.6200239146457,97.4159783206989,17.8698271022804));
#3525=CARTESIAN_POINT('Ctrl Pts',(-8.23040331641766,98.7410223225615,18.4188467101235));
#3526=CARTESIAN_POINT('Ctrl Pts',(-32.3622884950183,93.6743807854308,18.8306114160059));
#3527=CARTESIAN_POINT('Ctrl Pts',(-54.4754544804407,82.7644482081826,19.2423761218882));
#3528=CARTESIAN_POINT('Ctrl Pts',(-79.5024410121167,61.4441232572448,19.7913957297314));
#3529=CARTESIAN_POINT('Ctrl Pts',(-99.3113583858656,24.3283526096176,20.4776702395352));
#3530=CARTESIAN_POINT('Ctrl Pts',(-98.900385046185,-17.7406946722181,21.1639447493392));
#3531=CARTESIAN_POINT('Ctrl Pts',(-86.5614489426844,-48.2145681822268,21.7129643571823));
#3532=CARTESIAN_POINT('Ctrl Pts',(-71.9946884407959,-68.1100005027262,22.1247290630647));
#3533=CARTESIAN_POINT('Ctrl Pts',(-52.9369890677374,-83.7568159405417,22.536493768947));
#3534=CARTESIAN_POINT('Ctrl Pts',(-23.1936541444753,-97.7653968291594,23.0855133767902));
#3535=CARTESIAN_POINT('Ctrl Pts',(18.7879857811197,-100.506846709228,23.7717878865941));
#3536=CARTESIAN_POINT('Ctrl Pts',(56.9443732341462,-82.7850032717691,24.458062396398));
#3537=CARTESIAN_POINT('Ctrl Pts',(79.6187239588389,-58.9778587541269,25.0070820042412));
#3538=CARTESIAN_POINT('Ctrl Pts',(91.7372177012737,-37.503202804531,25.4188467101235));
#3539=CARTESIAN_POINT('Ctrl Pts',(98.1332582206976,-13.6891438390202,25.8306114160059));
#3540=CARTESIAN_POINT('Ctrl Pts',(98.6305406356753,19.1842347684495,26.379631023849));
#3541=CARTESIAN_POINT('Ctrl Pts',(83.8166691269563,58.5609137702448,27.065905533653));
#3542=CARTESIAN_POINT('Ctrl Pts',(51.9376409508011,86.0145328546416,27.7521800434568));
#3543=CARTESIAN_POINT('Ctrl Pts',(20.8988813154081,96.8543534789223,28.3011996513));
#3544=CARTESIAN_POINT('Ctrl Pts',(-3.66215409240199,99.0393657066328,28.7129643571823));
#3545=CARTESIAN_POINT('Ctrl Pts',(-27.9947488954677,95.0464258261995,29.1247290630647));
#3546=CARTESIAN_POINT('Ctrl Pts',(-58.1481989094991,81.9439160238142,29.6737486709079));
#3547=CARTESIAN_POINT('Ctrl Pts',(-87.9126518293601,52.2109212088177,30.3600231807117));
#3548=CARTESIAN_POINT('Ctrl Pts',(-99.7780019556546,11.847731237413,31.0462976905157));
#3549=CARTESIAN_POINT('Ctrl Pts',(-96.8542954359306,-20.8991503096413,31.5953172983588));
#3550=CARTESIAN_POINT('Ctrl Pts',(-88.7169929501442,-44.1758134509455,32.0070820042412));
#3551=CARTESIAN_POINT('Ctrl Pts',(-75.0456350944145,-64.696844446476,32.4188467101235));
#3552=CARTESIAN_POINT('Ctrl Pts',(-50.6749862955533,-86.764417670391,32.9678663179667));
#3553=CARTESIAN_POINT('Ctrl Pts',(-11.3139943915156,-101.619920173421,33.6541408277706));
#3554=CARTESIAN_POINT('Ctrl Pts',(30.3505379518741,-95.7855065016019,34.3404153375745));
#3555=CARTESIAN_POINT('Ctrl Pts',(58.9780798795716,-79.6185601588875,34.8894349454177));
#3556=CARTESIAN_POINT('Ctrl Pts',(76.8281791129612,-62.6070141945406,35.3011996512999));
#3557=CARTESIAN_POINT('Ctrl Pts',(89.8858323555138,-41.6901207699378,35.7129643571824));
#3558=CARTESIAN_POINT('Ctrl Pts',(99.9405003832485,-10.388204507154,36.2619839650255));
#3559=CARTESIAN_POINT('Ctrl Pts',(97.2434459557718,31.5963109205901,36.9482584748294));
#3560=CARTESIAN_POINT('Ctrl Pts',(74.747529829281,67.1477862193334,37.6345329846333));
#3561=CARTESIAN_POINT('Ctrl Pts',(48.2143277742869,86.5615828490281,38.1835525924765));
#3562=CARTESIAN_POINT('Ctrl Pts',(25.3558229156516,95.80860909354,38.5953172983588));
#3563=CARTESIAN_POINT('Ctrl Pts',(0.915653448021611,99.0792137979438,39.0070820042412));
#3564=CARTESIAN_POINT('Ctrl Pts',(-31.7472071135181,95.3317011818624,39.5561016120843));
#3565=CARTESIAN_POINT('Ctrl Pts',(-68.883904154074,75.5620433394711,40.2423761218883));
#3566=CARTESIAN_POINT('Ctrl Pts',(-91.9957702332201,40.4078787977432,40.9286506316921));
#3567=CARTESIAN_POINT('Ctrl Pts',(-98.741045180541,8.23012908221284,41.4776702395353));
#3568=CARTESIAN_POINT('Ctrl Pts',(-97.7394466409983,-16.4075562616772,41.8894349454176));
#3569=CARTESIAN_POINT('Ctrl Pts',(-90.6409833233308,-40.0217587099214,42.3011996513));
#3570=CARTESIAN_POINT('Ctrl Pts',(-73.7581775524255,-68.2330539685969,42.8502192591432));
#3571=CARTESIAN_POINT('Ctrl Pts',(-40.4340198553734,-93.9132827851255,43.5364937689469));
#3572=CARTESIAN_POINT('Ctrl Pts',(1.12254424381076,-100.472674415272,44.222768278751));
#3573=CARTESIAN_POINT('Ctrl Pts',(33.2186597740573,-93.3490742903804,44.7717878865941));
#3574=CARTESIAN_POINT('Ctrl Pts',(55.2511336619863,-82.2770901359179,45.1835525924764));
#3575=CARTESIAN_POINT('Ctrl Pts',(73.8371107428225,-66.0727637170392,45.5953172983588));
#3576=CARTESIAN_POINT('Ctrl Pts',(92.5765080717269,-39.0590394528851,46.1443369062019));
#3577=CARTESIAN_POINT('Ctrl Pts',(102.230351210531,1.8894275628485,46.8306114160059));
#3578=CARTESIAN_POINT('Ctrl Pts',(91.0699938120613,42.4532052595288,47.5168859258097));
#3579=CARTESIAN_POINT('Ctrl Pts',(71.3451967488432,68.7560319457454,48.0659055336529));
#3580=CARTESIAN_POINT('Ctrl Pts',(52.1731386147678,84.2625120635084,48.4776702395353));
#3581=CARTESIAN_POINT('Ctrl Pts',(29.7465851656844,94.5128017732846,48.8894349454176));
#3582=CARTESIAN_POINT('Ctrl Pts',(-2.59083835367575,100.445537314316,49.4384545532608));
#3583=CARTESIAN_POINT('Ctrl Pts',(-43.8766424631032,92.3550480012257,50.1247290630646));
#3584=CARTESIAN_POINT('Ctrl Pts',(-76.2291188052367,65.460979643706,50.8110035728686));
#3585=CARTESIAN_POINT('Ctrl Pts',(-92.0579449756658,36.645106015849,51.3600231807117));
#3586=CARTESIAN_POINT('Ctrl Pts',(-98.278980282469,12.7847317847007,51.7717878865941));
#3587=CARTESIAN_POINT('Ctrl Pts',(-98.3694953755136,-11.8731380697064,52.1835525924765));
#3588=CARTESIAN_POINT('Ctrl Pts',(-90.4398109463435,-43.7796642943528,52.7325722003196));
#3589=CARTESIAN_POINT('Ctrl Pts',(-66.0447297921221,-78.0558025506707,53.4188467101235));
#3590=CARTESIAN_POINT('Ctrl Pts',(-28.2028763824454,-96.4397022677541,54.1051212199274));
#3591=CARTESIAN_POINT('Ctrl Pts',(4.57615361991807,-98.977713886018,54.6541408277706));
#3592=CARTESIAN_POINT('Ctrl Pts',(28.8787781739704,-94.8062419007697,55.0659055336529));
#3593=CARTESIAN_POINT('Ctrl Pts',(51.3799805639414,-84.7208747907181,55.4776702395354));
#3594=CARTESIAN_POINT('Ctrl Pts',(77.1776931434156,-64.3398950169903,56.0266898473783));
#3595=CARTESIAN_POINT('Ctrl Pts',(98.3445655943801,-27.9814414066966,56.7129643571825));
#3596=CARTESIAN_POINT('Ctrl Pts',(99.4883872997101,14.0740613271152,57.3992388669861));
#3597=CARTESIAN_POINT('Ctrl Pts',(88.2839332658574,44.9830652041987,57.9482584748295));
#3598=CARTESIAN_POINT('Ctrl Pts',(74.4622870405406,65.4031737827819,58.3600231807117));
#3599=CARTESIAN_POINT('Ctrl Pts',(55.9957762210589,81.7435139534425,58.7717878865941));
#3600=CARTESIAN_POINT('Ctrl Pts',(26.7903922748437,96.8415886460799,59.3208074944372));
#3601=CARTESIAN_POINT('Ctrl Pts',(-15.0612760320164,101.132450822825,60.0070820042412));
#3602=CARTESIAN_POINT('Ctrl Pts',(-53.846453654207,84.8326460662516,60.6933565140451));
#3603=CARTESIAN_POINT('Ctrl Pts',(-77.3850288471596,61.8796116534339,61.2423761218882));
#3604=CARTESIAN_POINT('Ctrl Pts',(-90.2887671234147,40.8674181164219,61.6541408277706));
#3605=CARTESIAN_POINT('Ctrl Pts',(-97.5604047171583,17.3059660082814,62.0659055336529));
#3606=CARTESIAN_POINT('Ctrl Pts',(-99.2720681476875,-15.5265867278503,62.6149251414961));
#3607=CARTESIAN_POINT('Ctrl Pts',(-85.9233409523394,-55.4237685901249,63.3011996512999));
#3608=CARTESIAN_POINT('Ctrl Pts',(-55.0805366239545,-84.0366163940088,63.987474161104));
#3609=CARTESIAN_POINT('Ctrl Pts',(-24.4635222198042,-96.0159627804494,64.536493768947));
#3610=CARTESIAN_POINT('Ctrl Pts',(-3.24226571582509E-13,-99.1070498610905,
64.9482584748295));
#3611=CARTESIAN_POINT('Ctrl Pts',(24.4635222198035,-96.0159627804497,65.3600231807117));
#3612=CARTESIAN_POINT('Ctrl Pts',(55.080536623954,-84.0366163940091,65.909042788555));
#3613=CARTESIAN_POINT('Ctrl Pts',(85.923340952339,-55.4237685901256,66.5953172983587));
#3614=CARTESIAN_POINT('Ctrl Pts',(99.2720681476875,-15.5265867278509,67.2815918081627));
#3615=CARTESIAN_POINT('Ctrl Pts',(97.5604047171583,17.3059660082808,67.8306114160059));
#3616=CARTESIAN_POINT('Ctrl Pts',(90.288767123415,40.8674181164213,68.2423761218883));
#3617=CARTESIAN_POINT('Ctrl Pts',(77.38502884716,61.8796116534334,68.6541408277705));
#3618=CARTESIAN_POINT('Ctrl Pts',(53.8464536542075,84.8326460662512,69.2031604356137));
#3619=CARTESIAN_POINT('Ctrl Pts',(15.0612760320174,101.132450822825,69.8894349454176));
#3620=CARTESIAN_POINT('Ctrl Pts',(-26.7903922748426,96.8415886460801,70.5757094552215));
#3621=CARTESIAN_POINT('Ctrl Pts',(-55.9957762210577,81.7435139534432,71.1247290630647));
#3622=CARTESIAN_POINT('Ctrl Pts',(-74.4622870405399,65.4031737827829,71.536493768947));
#3623=CARTESIAN_POINT('Ctrl Pts',(-88.2839332658568,44.9830652041995,71.9482584748295));
#3624=CARTESIAN_POINT('Ctrl Pts',(-99.4883872997103,14.0740613271159,72.4972780826725));
#3625=CARTESIAN_POINT('Ctrl Pts',(-98.3445655943802,-27.981441406696,73.1835525924766));
#3626=CARTESIAN_POINT('Ctrl Pts',(-77.1776931434162,-64.3398950169897,73.8698271022803));
#3627=CARTESIAN_POINT('Ctrl Pts',(-51.3799805639419,-84.7208747907178,74.4188467101236));
#3628=CARTESIAN_POINT('Ctrl Pts',(-28.8787781739711,-94.8062419007696,74.8306114160058));
#3629=CARTESIAN_POINT('Ctrl Pts',(-4.57615361991873,-98.9777138860178,75.2423761218884));
#3630=CARTESIAN_POINT('Ctrl Pts',(28.2028763824447,-96.4397022677545,75.7913957297312));
#3631=CARTESIAN_POINT('Ctrl Pts',(66.0447297921216,-78.055802550671,76.4776702395354));
#3632=CARTESIAN_POINT('Ctrl Pts',(90.439810946343,-43.7796642943535,77.1639447493391));
#3633=CARTESIAN_POINT('Ctrl Pts',(98.3694953755137,-11.873138069707,77.7129643571824));
#3634=CARTESIAN_POINT('Ctrl Pts',(98.2789802824689,12.7847317847,78.1247290630647));
#3635=CARTESIAN_POINT('Ctrl Pts',(92.0579449756661,36.6451060158483,78.5364937689471));
#3636=CARTESIAN_POINT('Ctrl Pts',(76.2291188052371,65.4609796437055,79.0855133767902));
#3637=CARTESIAN_POINT('Ctrl Pts',(43.8766424631039,92.3550480012252,79.771787886594));
#3638=CARTESIAN_POINT('Ctrl Pts',(2.5908383536764,100.445537314316,80.458062396398));
#3639=CARTESIAN_POINT('Ctrl Pts',(-29.7465851656837,94.5128017732848,81.0070820042412));
#3640=CARTESIAN_POINT('Ctrl Pts',(-52.1731386147672,84.2625120635088,81.4188467101236));
#3641=CARTESIAN_POINT('Ctrl Pts',(-71.3451967488427,68.756031945746,81.8306114160058));
#3642=CARTESIAN_POINT('Ctrl Pts',(-91.069993812061,42.4532052595294,82.3796310238491));
#3643=CARTESIAN_POINT('Ctrl Pts',(-102.230351210531,1.88942756284917,83.0659055336529));
#3644=CARTESIAN_POINT('Ctrl Pts',(-92.5765080717271,-39.0590394528848,83.752180043457));
#3645=CARTESIAN_POINT('Ctrl Pts',(-73.8371107428228,-66.0727637170386,84.3011996513));
#3646=CARTESIAN_POINT('Ctrl Pts',(-55.2511336619869,-82.2770901359178,84.7129643571824));
#3647=CARTESIAN_POINT('Ctrl Pts',(-33.2186597740578,-93.34907429038,85.1247290630648));
#3648=CARTESIAN_POINT('Ctrl Pts',(-1.12254424381154,-100.472674415272,85.6737486709076));
#3649=CARTESIAN_POINT('Ctrl Pts',(40.4340198553729,-93.9132827851258,86.3600231807119));
#3650=CARTESIAN_POINT('Ctrl Pts',(73.7581775524249,-68.2330539685974,87.0462976905155));
#3651=CARTESIAN_POINT('Ctrl Pts',(90.6409833233306,-40.0217587099221,87.5953172983589));
#3652=CARTESIAN_POINT('Ctrl Pts',(97.7394466409983,-16.4075562616778,88.0070820042412));
#3653=CARTESIAN_POINT('Ctrl Pts',(98.7410451805409,8.23012908221209,88.4188467101235));
#3654=CARTESIAN_POINT('Ctrl Pts',(91.9957702332206,40.4078787977427,88.9678663179667));
#3655=CARTESIAN_POINT('Ctrl Pts',(68.8839041540742,75.5620433394704,89.6541408277707));
#3656=CARTESIAN_POINT('Ctrl Pts',(31.7472071135189,95.3317011818625,90.3404153375744));
#3657=CARTESIAN_POINT('Ctrl Pts',(-0.915653448020985,99.0792137979437,90.8894349454176));
#3658=CARTESIAN_POINT('Ctrl Pts',(-25.3558229156509,95.8086090935404,91.3011996513001));
#3659=CARTESIAN_POINT('Ctrl Pts',(-48.2143277742862,86.5615828490284,91.7129643571823));
#3660=CARTESIAN_POINT('Ctrl Pts',(-74.7475298292804,67.1477862193342,92.2619839650256));
#3661=CARTESIAN_POINT('Ctrl Pts',(-97.2434459557714,31.596310920591,92.9482584748292));
#3662=CARTESIAN_POINT('Ctrl Pts',(-99.9405003832486,-10.3882045071529,93.6345329846335));
#3663=CARTESIAN_POINT('Ctrl Pts',(-89.8858323555142,-41.6901207699368,94.1835525924763));
#3664=CARTESIAN_POINT('Ctrl Pts',(-76.8281791129617,-62.6070141945401,94.5953172983589));
#3665=CARTESIAN_POINT('Ctrl Pts',(-58.978079879572,-79.6185601588871,95.0070820042411));
#3666=CARTESIAN_POINT('Ctrl Pts',(-30.3505379518745,-95.7855065016019,95.5561016120844));
#3667=CARTESIAN_POINT('Ctrl Pts',(11.313994391515,-101.619920173421,96.2423761218881));
#3668=CARTESIAN_POINT('Ctrl Pts',(50.6749862955527,-86.7644176703913,96.9286506316922));
#3669=CARTESIAN_POINT('Ctrl Pts',(75.045635094414,-64.6968444464765,97.4776702395353));
#3670=CARTESIAN_POINT('Ctrl Pts',(88.7169929501437,-44.1758134509462,97.8894349454176));
#3671=CARTESIAN_POINT('Ctrl Pts',(96.8542954359307,-20.899150309642,98.3011996513001));
#3672=CARTESIAN_POINT('Ctrl Pts',(99.7780019556545,11.8477312374123,98.8502192591429));
#3673=CARTESIAN_POINT('Ctrl Pts',(87.9126518293608,52.2109212088171,99.5364937689473));
#3674=CARTESIAN_POINT('Ctrl Pts',(58.1481989094995,81.9439160238138,100.222768278751));
#3675=CARTESIAN_POINT('Ctrl Pts',(27.9947488954682,95.0464258261993,100.771787886594));
#3676=CARTESIAN_POINT('Ctrl Pts',(3.66215409240193,99.039365706633,101.183552592476));
#3677=CARTESIAN_POINT('Ctrl Pts',(-20.8988813154083,96.854353478922,101.595317298359));
#3678=CARTESIAN_POINT('Ctrl Pts',(-51.9376409508013,86.0145328546416,102.144336906202));
#3679=CARTESIAN_POINT('Ctrl Pts',(-83.8166691269562,58.5609137702448,102.830611416006));
#3680=CARTESIAN_POINT('Ctrl Pts',(-98.6305406356752,19.1842347684499,103.51688592581));
#3681=CARTESIAN_POINT('Ctrl Pts',(-98.1332582206977,-13.6891438390196,104.065905533653));
#3682=CARTESIAN_POINT('Ctrl Pts',(-91.7372177012739,-37.5032028045307,104.477670239535));
#3683=CARTESIAN_POINT('Ctrl Pts',(-79.6187239588389,-58.9778587541268,104.889434945418));
#3684=CARTESIAN_POINT('Ctrl Pts',(-56.9443732341462,-82.785003271769,105.438454553261));
#3685=CARTESIAN_POINT('Ctrl Pts',(-18.7879857811201,-100.506846709227,106.124729063065));
#3686=CARTESIAN_POINT('Ctrl Pts',(23.1936541444749,-97.7653968291596,106.811003572869));
#3687=CARTESIAN_POINT('Ctrl Pts',(52.9369890677368,-83.756815940542,107.360023180712));
#3688=CARTESIAN_POINT('Ctrl Pts',(71.9946884407959,-68.1100005027265,107.771787886594));
#3689=CARTESIAN_POINT('Ctrl Pts',(86.5614489426841,-48.2145681822269,108.183552592477));
#3690=CARTESIAN_POINT('Ctrl Pts',(98.9003850461852,-17.7406946722184,108.73257220032));
#3691=CARTESIAN_POINT('Ctrl Pts',(99.3113583858655,24.328352609617,109.418846710123));
#3692=CARTESIAN_POINT('Ctrl Pts',(79.5024410121173,61.4441232572439,110.105121219928));
#3693=CARTESIAN_POINT('Ctrl Pts',(54.4754544804414,82.7644482081821,110.654140827771));
#3694=CARTESIAN_POINT('Ctrl Pts',(32.362288495019,93.6743807854307,111.065905533653));
#3695=CARTESIAN_POINT('Ctrl Pts',(8.23040331641809,98.7410223225615,111.477670239535));
#3696=CARTESIAN_POINT('Ctrl Pts',(-24.6200239146453,97.4159783206989,112.026689847378));
#3697=CARTESIAN_POINT('Ctrl Pts',(-63.1153462735331,80.4429469246108,112.712964357182));
#3698=CARTESIAN_POINT('Ctrl Pts',(-88.7603217563598,47.0916520356204,113.399238866986));
#3699=CARTESIAN_POINT('Ctrl Pts',(-97.8635846722815,15.4999297787711,113.948258474829));
#3700=CARTESIAN_POINT('Ctrl Pts',(-98.6842766584623,-9.14444490192992,114.360023180712));
#3701=CARTESIAN_POINT('Ctrl Pts',(-93.3491665484535,-33.2184005148524,114.771787886594));
#3702=CARTESIAN_POINT('Ctrl Pts',(-78.5959402510537,-62.5994934946639,115.320807494437));
#3703=CARTESIAN_POINT('Ctrl Pts',(-47.2593348549909,-90.6706673307774,116.007082004241));
#3704=CARTESIAN_POINT('Ctrl Pts',(-6.30068217759402,-100.281203691588,116.693356514045));
#3705=CARTESIAN_POINT('Ctrl Pts',(26.2338803000452,-95.5474361375347,117.242376121888));
#3706=CARTESIAN_POINT('Ctrl Pts',(49.0238813359599,-86.1328415352328,117.654140827771));
#3707=CARTESIAN_POINT('Ctrl Pts',(68.7558337978268,-71.3453877051917,118.065905533653));
#3708=CARTESIAN_POINT('Ctrl Pts',(89.4390888955355,-45.7893850943484,118.614925141496));
#3709=CARTESIAN_POINT('Ctrl Pts',(102.090716847141,-5.66570195770017,119.3011996513));
#3710=CARTESIAN_POINT('Ctrl Pts',(93.9565739578231,35.6115236965006,119.987474161104));
#3711=CARTESIAN_POINT('Ctrl Pts',(76.2281721240357,63.2992480408648,120.536493768947));
#3712=CARTESIAN_POINT('Ctrl Pts',(58.2536623088618,80.1792875996861,120.948258474829));
#3713=CARTESIAN_POINT('Ctrl Pts',(36.6453616846873,92.0578432011399,121.360023180712));
#3714=CARTESIAN_POINT('Ctrl Pts',(4.83439359014816,100.362577927225,121.909042788555));
#3715=CARTESIAN_POINT('Ctrl Pts',(-36.9361692604153,95.3432433238489,122.595317298359));
#3716=CARTESIAN_POINT('Ctrl Pts',(-71.1864914703123,70.9119301452166,123.281591808163));
#3717=CARTESIAN_POINT('Ctrl Pts',(-89.1002170320839,43.3437465010831,123.830611416006));
#3718=CARTESIAN_POINT('Ctrl Pts',(-97.0664125828286,20.0079699787197,124.242376121888));
#3719=CARTESIAN_POINT('Ctrl Pts',(-98.9777267595982,-4.57587870682562,124.65414082777));
#3720=CARTESIAN_POINT('Ctrl Pts',(-93.4260740038828,-36.9809010462918,125.203160435614));
#3721=CARTESIAN_POINT('Ctrl Pts',(-71.6289921756668,-72.9650753631532,125.889434945417));
#3722=CARTESIAN_POINT('Ctrl Pts',(-35.2481737796682,-94.0934886160922,126.575709455222));
#3723=CARTESIAN_POINT('Ctrl Pts',(-2.74609900785377,-99.0453832107949,127.124729063065));
#3724=CARTESIAN_POINT('Ctrl Pts',(21.7982381230954,-96.6801137047824,127.536493768947));
#3725=CARTESIAN_POINT('Ctrl Pts',(44.9828136159632,-88.2840573603126,127.948258474829));
#3726=CARTESIAN_POINT('Ctrl Pts',(72.2152843677353,-69.8639634529426,128.497278082673));
#3727=CARTESIAN_POINT('Ctrl Pts',(96.009472881662,-35.1680196721226,129.183552592476));
#3728=CARTESIAN_POINT('Ctrl Pts',(100.256153355471,6.68815255276707,129.869827102281));
#3729=CARTESIAN_POINT('Ctrl Pts',(91.3648955771993,38.3402408412683,130.418846710123));
#3730=CARTESIAN_POINT('Ctrl Pts',(79.0892679960004,59.7253233083495,130.830611416006));
#3731=CARTESIAN_POINT('Ctrl Pts',(61.8795779701919,77.3848895191384,131.242376121888));
#3732=CARTESIAN_POINT('Ctrl Pts',(33.8697720818776,94.5985217413379,131.791395729732));
#3733=CARTESIAN_POINT('Ctrl Pts',(-7.55244801840026,101.968744477226,132.477670239535));
#3734=CARTESIAN_POINT('Ctrl Pts',(-47.4324917340748,88.5774426191283,133.163944749339));
#3735=CARTESIAN_POINT('Ctrl Pts',(-72.6061753113043,67.4260273259012,133.712964357182));
#3736=CARTESIAN_POINT('Ctrl Pts',(-87.0187628378879,47.4231884176119,134.124729063065));
#3737=CARTESIAN_POINT('Ctrl Pts',(-96.0258906989184,24.4650144812126,134.536493768947));
#3738=CARTESIAN_POINT('Ctrl Pts',(-99.0985413361228,6.87494713013231E-13,
134.94825847483));
#3739=CARTESIAN_POINT('Ctrl Pts',(-96.0258906989187,-24.4650144812113,135.360023180712));
#3740=CARTESIAN_POINT('Ctrl Pts',(-87.0187628378886,-47.4231884176107,135.771787886594));
#3741=CARTESIAN_POINT('Ctrl Pts',(-72.6061753113052,-67.4260273259001,136.183552592476));
#3742=CARTESIAN_POINT('Ctrl Pts',(-47.4324917340761,-88.5774426191278,136.73257220032));
#3743=CARTESIAN_POINT('Ctrl Pts',(-7.5524480184016,-101.968744477225,137.418846710124));
#3744=CARTESIAN_POINT('Ctrl Pts',(33.8697720818763,-94.5985217413384,138.105121219927));
#3745=CARTESIAN_POINT('Ctrl Pts',(61.8795779701909,-77.3848895191392,138.654140827771));
#3746=CARTESIAN_POINT('Ctrl Pts',(79.0892679959994,-59.7253233083505,139.065905533653));
#3747=CARTESIAN_POINT('Ctrl Pts',(91.3648955771989,-38.3402408412696,139.477670239535));
#3748=CARTESIAN_POINT('Ctrl Pts',(100.256153355471,-6.6881525527684,140.026689847378));
#3749=CARTESIAN_POINT('Ctrl Pts',(96.0094728816624,35.1680196721212,140.712964357182));
#3750=CARTESIAN_POINT('Ctrl Pts',(72.2152843677363,69.8639634529416,141.399238866986));
#3751=CARTESIAN_POINT('Ctrl Pts',(44.9828136159644,88.284057360312,141.94825847483));
#3752=CARTESIAN_POINT('Ctrl Pts',(21.7982381230967,96.6801137047821,142.360023180712));
#3753=CARTESIAN_POINT('Ctrl Pts',(-2.74609900785243,99.0453832107949,142.771787886594));
#3754=CARTESIAN_POINT('Ctrl Pts',(-35.2481737796669,94.0934886160926,143.320807494437));
#3755=CARTESIAN_POINT('Ctrl Pts',(-71.6289921756659,72.9650753631544,144.007082004241));
#3756=CARTESIAN_POINT('Ctrl Pts',(-93.4260740038821,36.9809010462929,144.693356514045));
#3757=CARTESIAN_POINT('Ctrl Pts',(-98.9777267595981,4.57587870682752,145.242376121888));
#3758=CARTESIAN_POINT('Ctrl Pts',(-97.0664125828289,-20.007969978717,145.654140827771));
#3759=CARTESIAN_POINT('Ctrl Pts',(-89.1002170320854,-43.3437465010801,146.065905533653));
#3760=CARTESIAN_POINT('Ctrl Pts',(-71.1864914703143,-70.9119301452149,146.614925141496));
#3761=CARTESIAN_POINT('Ctrl Pts',(-36.9361692604171,-95.343243323848,147.3011996513));
#3762=CARTESIAN_POINT('Ctrl Pts',(4.83439359014688,-100.362577927226,147.987474161104));
#3763=CARTESIAN_POINT('Ctrl Pts',(36.6453616846859,-92.0578432011403,148.536493768947));
#3764=CARTESIAN_POINT('Ctrl Pts',(58.2536623088607,-80.179287599687,148.94825847483));
#3765=CARTESIAN_POINT('Ctrl Pts',(76.2281721240349,-63.2992480408658,149.360023180712));
#3766=CARTESIAN_POINT('Ctrl Pts',(93.9565739578226,-35.6115236965019,149.909042788555));
#3767=CARTESIAN_POINT('Ctrl Pts',(102.090716847141,5.66570195769878,150.595317298359));
#3768=CARTESIAN_POINT('Ctrl Pts',(89.4390888955362,45.7893850943472,151.281591808163));
#3769=CARTESIAN_POINT('Ctrl Pts',(68.7558337978277,71.3453877051908,151.830611416006));
#3770=CARTESIAN_POINT('Ctrl Pts',(49.0238813359611,86.132841535232,152.242376121888));
#3771=CARTESIAN_POINT('Ctrl Pts',(26.2338803000465,95.5474361375345,152.654140827771));
#3772=CARTESIAN_POINT('Ctrl Pts',(-6.30068217759265,100.281203691588,153.203160435614));
#3773=CARTESIAN_POINT('Ctrl Pts',(-47.2593348549896,90.6706673307781,153.889434945418));
#3774=CARTESIAN_POINT('Ctrl Pts',(-78.595940251053,62.5994934946649,154.575709455222));
#3775=CARTESIAN_POINT('Ctrl Pts',(-93.3491665484529,33.2184005148537,155.124729063065));
#3776=CARTESIAN_POINT('Ctrl Pts',(-98.6842766584622,9.14444490193127,155.536493768947));
#3777=CARTESIAN_POINT('Ctrl Pts',(-97.8635846722818,-15.4999297787698,155.948258474829));
#3778=CARTESIAN_POINT('Ctrl Pts',(-88.7603217563603,-47.091652035619,156.497278082673));
#3779=CARTESIAN_POINT('Ctrl Pts',(-63.1153462735343,-80.4429469246101,157.183552592476));
#3780=CARTESIAN_POINT('Ctrl Pts',(-24.6200239146466,-97.4159783206984,157.869827102281));
#3781=CARTESIAN_POINT('Ctrl Pts',(8.23040331641673,-98.7410223225617,158.418846710123));
#3782=CARTESIAN_POINT('Ctrl Pts',(32.3622884950177,-93.674380785431,158.830611416006));
#3783=CARTESIAN_POINT('Ctrl Pts',(54.4754544804403,-82.7644482081829,159.242376121888));
#3784=CARTESIAN_POINT('Ctrl Pts',(79.5024410121164,-61.4441232572451,159.791395729731));
#3785=CARTESIAN_POINT('Ctrl Pts',(99.3113583858654,-24.3283526096184,160.477670239536));
#3786=CARTESIAN_POINT('Ctrl Pts',(98.9003850461853,17.740694672217,161.163944749339));
#3787=CARTESIAN_POINT('Ctrl Pts',(86.5614489426848,48.2145681822257,161.712964357182));
#3788=CARTESIAN_POINT('Ctrl Pts',(71.9946884407968,68.1100005027255,162.124729063065));
#3789=CARTESIAN_POINT('Ctrl Pts',(52.936989067738,83.7568159405413,162.536493768947));
#3790=CARTESIAN_POINT('Ctrl Pts',(23.1936541444762,97.7653968291592,163.08551337679));
#3791=CARTESIAN_POINT('Ctrl Pts',(-18.7879857811187,100.506846709228,163.771787886594));
#3792=CARTESIAN_POINT('Ctrl Pts',(-56.9443732341452,82.7850032717699,164.458062396398));
#3793=CARTESIAN_POINT('Ctrl Pts',(-79.618723958838,58.9778587541278,165.007082004241));
#3794=CARTESIAN_POINT('Ctrl Pts',(-91.7372177012734,37.503202804532,165.418846710124));
#3795=CARTESIAN_POINT('Ctrl Pts',(-98.1332582206976,13.689143839021,165.830611416006));
#3796=CARTESIAN_POINT('Ctrl Pts',(-98.6305406356753,-19.1842347684485,166.379631023849));
#3797=CARTESIAN_POINT('Ctrl Pts',(-83.816669126957,-58.5609137702436,167.065905533653));
#3798=CARTESIAN_POINT('Ctrl Pts',(-51.9376409508025,-86.0145328546409,167.752180043457));
#3799=CARTESIAN_POINT('Ctrl Pts',(-20.8988813154096,-96.8543534789218,168.3011996513));
#3800=CARTESIAN_POINT('Ctrl Pts',(3.66215409240056,-99.039365706633,168.712964357183));
#3801=CARTESIAN_POINT('Ctrl Pts',(27.9947488954667,-95.0464258261997,169.124729063064));
#3802=CARTESIAN_POINT('Ctrl Pts',(58.148198909498,-81.9439160238148,169.673748670908));
#3803=CARTESIAN_POINT('Ctrl Pts',(87.91265182936,-52.2109212088186,170.360023180712));
#3804=CARTESIAN_POINT('Ctrl Pts',(99.7780019556546,-11.8477312374132,171.046297690516));
#3805=CARTESIAN_POINT('Ctrl Pts',(96.8542954359305,20.8991503096415,171.595317298359));
#3806=CARTESIAN_POINT('Ctrl Pts',(88.7169929501441,44.1758134509455,172.007082004241));
#3807=CARTESIAN_POINT('Ctrl Pts',(75.0456350944146,64.6968444464759,172.418846710124));
#3808=CARTESIAN_POINT('Ctrl Pts',(50.6749862955536,86.7644176703908,172.967866317967));
#3809=CARTESIAN_POINT('Ctrl Pts',(11.3139943915156,101.619920173421,173.654140827771));
#3810=CARTESIAN_POINT('Ctrl Pts',(-30.350537951874,95.7855065016018,174.340415337574));
#3811=CARTESIAN_POINT('Ctrl Pts',(-58.9780798795715,79.6185601588875,174.889434945418));
#3812=CARTESIAN_POINT('Ctrl Pts',(-76.8281791129609,62.6070141945409,175.3011996513));
#3813=CARTESIAN_POINT('Ctrl Pts',(-89.8858323555135,41.6901207699383,175.712964357182));
#3814=CARTESIAN_POINT('Ctrl Pts',(-99.9405003832485,10.3882045071546,176.261983965025));
#3815=CARTESIAN_POINT('Ctrl Pts',(-97.243445955772,-31.5963109205898,176.94825847483));
#3816=CARTESIAN_POINT('Ctrl Pts',(-74.7475298292811,-67.1477862193333,177.634532984633));
#3817=CARTESIAN_POINT('Ctrl Pts',(-48.2143277742871,-86.5615828490279,178.183552592477));
#3818=CARTESIAN_POINT('Ctrl Pts',(-25.3558229156523,-95.8086090935399,178.595317298359));
#3819=CARTESIAN_POINT('Ctrl Pts',(-0.915653448022581,-99.0792137979437,
179.007082004241));
#3820=CARTESIAN_POINT('Ctrl Pts',(31.7472071135174,-95.3317011818629,179.556101612085));
#3821=CARTESIAN_POINT('Ctrl Pts',(68.8839041540732,-75.5620433394714,180.242376121888));
#3822=CARTESIAN_POINT('Ctrl Pts',(91.9957702332202,-40.4078787977438,180.928650631692));
#3823=CARTESIAN_POINT('Ctrl Pts',(98.7410451805408,-8.23012908221321,181.477670239535));
#3824=CARTESIAN_POINT('Ctrl Pts',(97.7394466409985,16.4075562616764,181.889434945418));
#3825=CARTESIAN_POINT('Ctrl Pts',(90.6409833233312,40.0217587099207,182.3011996513));
#3826=CARTESIAN_POINT('Ctrl Pts',(73.758177552426,68.2330539685962,182.850219259143));
#3827=CARTESIAN_POINT('Ctrl Pts',(40.4340198553743,93.9132827851255,183.536493768948));
#3828=CARTESIAN_POINT('Ctrl Pts',(-1.12254424381045,100.472674415272,184.22276827875));
#3829=CARTESIAN_POINT('Ctrl Pts',(-33.2186597740568,93.3490742903806,184.771787886594));
#3830=CARTESIAN_POINT('Ctrl Pts',(-55.2511336619858,82.2770901359184,185.183552592476));
#3831=CARTESIAN_POINT('Ctrl Pts',(-73.8371107428218,66.0727637170399,185.595317298359));
#3832=CARTESIAN_POINT('Ctrl Pts',(-92.5765080717264,39.0590394528863,186.144336906202));
#3833=CARTESIAN_POINT('Ctrl Pts',(-102.230351210531,-1.88942756284749,186.830611416006));
#3834=CARTESIAN_POINT('Ctrl Pts',(-91.0699938120614,-42.4532052595279,187.51688592581));
#3835=CARTESIAN_POINT('Ctrl Pts',(-71.3451967488441,-68.7560319457447,188.065905533653));
#3836=CARTESIAN_POINT('Ctrl Pts',(-52.1731386147687,-84.2625120635077,188.477670239535));
#3837=CARTESIAN_POINT('Ctrl Pts',(-29.746585165686,-94.5128017732841,188.889434945418));
#3838=CARTESIAN_POINT('Ctrl Pts',(2.59083835367415,-100.445537314316,189.438454553261));
#3839=CARTESIAN_POINT('Ctrl Pts',(43.8766424631019,-92.3550480012265,190.124729063065));
#3840=CARTESIAN_POINT('Ctrl Pts',(76.2291188052359,-65.4609796437067,190.811003572869));
#3841=CARTESIAN_POINT('Ctrl Pts',(92.0579449756654,-36.6451060158501,191.360023180711));
#3842=CARTESIAN_POINT('Ctrl Pts',(98.2789802824688,-12.784731784702,191.771787886595));
#3843=CARTESIAN_POINT('Ctrl Pts',(98.3694953755138,11.8731380697047,192.183552592476));
#3844=CARTESIAN_POINT('Ctrl Pts',(90.4398109463442,43.7796642943518,192.73257220032));
#3845=CARTESIAN_POINT('Ctrl Pts',(66.0447297921224,78.0558025506706,193.418846710123));
#3846=CARTESIAN_POINT('Ctrl Pts',(28.2028763824456,96.4397022677539,194.105121219927));
#3847=CARTESIAN_POINT('Ctrl Pts',(-4.57615361991788,98.9777138860181,194.654140827771));
#3848=CARTESIAN_POINT('Ctrl Pts',(-28.8787781739704,94.8062419007698,195.065905533653));
#3849=CARTESIAN_POINT('Ctrl Pts',(-51.3799805639416,84.720874790718,195.477670239535));
#3850=CARTESIAN_POINT('Ctrl Pts',(-77.1776931434158,64.33989501699,196.026689847378));
#3851=CARTESIAN_POINT('Ctrl Pts',(-98.34456559438,27.9814414066968,196.712964357182));
#3852=CARTESIAN_POINT('Ctrl Pts',(-99.4883872997103,-14.0740613271151,197.399238866986));
#3853=CARTESIAN_POINT('Ctrl Pts',(-88.2839332658573,-44.9830652041984,197.948258474829));
#3854=CARTESIAN_POINT('Ctrl Pts',(-74.4622870405408,-65.4031737827821,198.360023180712));
#3855=CARTESIAN_POINT('Ctrl Pts',(-55.9957762210586,-81.7435139534425,198.771787886594));
#3856=CARTESIAN_POINT('Ctrl Pts',(-26.7903922748437,-96.8415886460799,199.320807494438));
#3857=CARTESIAN_POINT('Ctrl Pts',(15.061276032016,-101.132450822825,200.007082004241));
#3858=CARTESIAN_POINT('Ctrl Pts',(53.8464536542062,-84.8326460662521,200.693356514046));
#3859=CARTESIAN_POINT('Ctrl Pts',(77.3850288471589,-61.8796116534347,201.242376121888));
#3860=CARTESIAN_POINT('Ctrl Pts',(90.2887671234146,-40.8674181164225,201.654140827771));
#3861=CARTESIAN_POINT('Ctrl Pts',(97.5604047171582,-17.3059660082819,202.065905533653));
#3862=CARTESIAN_POINT('Ctrl Pts',(99.2720681476876,15.5265867278499,202.614925141496));
#3863=CARTESIAN_POINT('Ctrl Pts',(85.9233409523398,55.4237685901243,203.3011996513));
#3864=CARTESIAN_POINT('Ctrl Pts',(55.0805366239553,84.0366163940084,203.987474161104));
#3865=CARTESIAN_POINT('Ctrl Pts',(24.463522219805,96.0159627804491,204.536493768947));
#3866=CARTESIAN_POINT('Ctrl Pts',(1.04443477567154E-12,99.1070498610906,
204.948258474829));
#3867=CARTESIAN_POINT('Ctrl Pts',(-24.4635222198031,96.0159627804498,205.360023180712));
#3868=CARTESIAN_POINT('Ctrl Pts',(-55.0805366239535,84.0366163940093,205.909042788554));
#3869=CARTESIAN_POINT('Ctrl Pts',(-85.9233409523391,55.4237685901259,206.595317298359));
#3870=CARTESIAN_POINT('Ctrl Pts',(-99.2720681476875,15.5265867278505,207.281591808162));
#3871=CARTESIAN_POINT('Ctrl Pts',(-97.5604047171583,-17.3059660082822,207.830611416006));
#3872=CARTESIAN_POINT('Ctrl Pts',(-90.2887671234141,-40.8674181164233,208.242376121888));
#3873=CARTESIAN_POINT('Ctrl Pts',(-77.3850288471589,-61.8796116534348,208.654140827771));
#3874=CARTESIAN_POINT('Ctrl Pts',(-53.8464536542064,-84.8326460662515,209.203160435613));
#3875=CARTESIAN_POINT('Ctrl Pts',(-15.0612760320173,-101.132450822825,209.889434945418));
#3876=CARTESIAN_POINT('Ctrl Pts',(26.7903922748433,-96.8415886460803,210.575709455221));
#3877=CARTESIAN_POINT('Ctrl Pts',(55.9957762210588,-81.7435139534424,211.124729063065));
#3878=CARTESIAN_POINT('Ctrl Pts',(74.4622870405413,-65.4031737827815,211.536493768947));
#3879=CARTESIAN_POINT('Ctrl Pts',(88.2839332658574,-44.9830652041981,211.948258474829));
#3880=CARTESIAN_POINT('Ctrl Pts',(99.48838729971,-14.0740613271157,212.497278082672));
#3881=CARTESIAN_POINT('Ctrl Pts',(98.3445655943805,27.9814414066957,213.183552592477));
#3882=CARTESIAN_POINT('Ctrl Pts',(77.1776931434163,64.3398950169895,213.86982710228));
#3883=CARTESIAN_POINT('Ctrl Pts',(51.3799805639414,84.7208747907183,214.418846710124));
#3884=CARTESIAN_POINT('Ctrl Pts',(28.8787781739697,94.8062419007699,214.830611416006));
#3885=CARTESIAN_POINT('Ctrl Pts',(4.57615361991753,98.977713886018,215.242376121888));
#3886=CARTESIAN_POINT('Ctrl Pts',(-28.2028763824449,96.439702267754,215.791395729732));
#3887=CARTESIAN_POINT('Ctrl Pts',(-66.0447297921212,78.0558025506715,216.477670239535));
#3888=CARTESIAN_POINT('Ctrl Pts',(-90.4398109463431,43.7796642943537,217.16394474934));
#3889=CARTESIAN_POINT('Ctrl Pts',(-98.3694953755138,11.8731380697063,217.712964357182));
#3890=CARTESIAN_POINT('Ctrl Pts',(-98.2789802824689,-12.7847317847014,218.124729063065));
#3891=CARTESIAN_POINT('Ctrl Pts',(-92.0579449756655,-36.6451060158494,218.536493768947));
#3892=CARTESIAN_POINT('Ctrl Pts',(-76.2291188052368,-65.4609796437056,219.085513376791));
#3893=CARTESIAN_POINT('Ctrl Pts',(-43.8766424631044,-92.3550480012252,219.771787886594));
#3894=CARTESIAN_POINT('Ctrl Pts',(-2.59083835367661,-100.445537314316,220.458062396399));
#3895=CARTESIAN_POINT('Ctrl Pts',(29.7465851656844,-94.5128017732848,221.007082004241));
#3896=CARTESIAN_POINT('Ctrl Pts',(52.1731386147684,-84.2625120635079,221.418846710124));
#3897=CARTESIAN_POINT('Ctrl Pts',(71.3451967488435,-68.7560319457451,221.830611416006));
#3898=CARTESIAN_POINT('Ctrl Pts',(91.0699938120607,-42.4532052595293,222.379631023849));
#3899=CARTESIAN_POINT('Ctrl Pts',(102.230351210531,-1.88942756285007,223.065905533653));
#3900=CARTESIAN_POINT('Ctrl Pts',(92.5765080717275,39.0590394528839,223.752180043457));
#3901=CARTESIAN_POINT('Ctrl Pts',(73.837110742823,66.0727637170388,224.3011996513));
#3902=CARTESIAN_POINT('Ctrl Pts',(55.2511336619862,82.277090135918,224.712964357182));
#3903=CARTESIAN_POINT('Ctrl Pts',(33.2186597740574,93.3490742903803,225.124729063065));
#3904=CARTESIAN_POINT('Ctrl Pts',(1.12254424381195,100.472674415272,225.673748670907));
#3905=CARTESIAN_POINT('Ctrl Pts',(-40.4340198553718,93.9132827851264,226.360023180712));
#3906=CARTESIAN_POINT('Ctrl Pts',(-73.7581775524244,68.2330539685982,227.046297690515));
#3907=CARTESIAN_POINT('Ctrl Pts',(-90.6409833233307,40.0217587099221,227.595317298359));
#3908=CARTESIAN_POINT('Ctrl Pts',(-97.7394466409983,16.4075562616771,228.007082004241));
#3909=CARTESIAN_POINT('Ctrl Pts',(-98.741045180541,-8.23012908221259,228.418846710124));
#3910=CARTESIAN_POINT('Ctrl Pts',(-91.9957702332205,-40.4078787977423,228.967866317966));
#3911=CARTESIAN_POINT('Ctrl Pts',(-68.8839041540753,-75.5620433394695,229.654140827771));
#3912=CARTESIAN_POINT('Ctrl Pts',(-31.7472071135198,-95.3317011818623,230.340415337574));
#3913=CARTESIAN_POINT('Ctrl Pts',(0.915653448020992,-99.0792137979438,230.889434945418));
#3914=CARTESIAN_POINT('Ctrl Pts',(25.3558229156516,-95.8086090935403,231.3011996513));
#3915=CARTESIAN_POINT('Ctrl Pts',(48.2143277742867,-86.561582849028,231.712964357183));
#3916=CARTESIAN_POINT('Ctrl Pts',(74.7475298292799,-67.1477862193345,232.261983965025));
#3917=CARTESIAN_POINT('Ctrl Pts',(97.2434459557712,-31.5963109205921,232.94825847483));
#3918=CARTESIAN_POINT('Ctrl Pts',(99.9405003832488,10.3882045071519,233.634532984633));
#3919=CARTESIAN_POINT('Ctrl Pts',(89.8858323555143,41.690120769937,234.183552592477));
#3920=CARTESIAN_POINT('Ctrl Pts',(76.8281791129614,62.6070141945403,234.595317298359));
#3921=CARTESIAN_POINT('Ctrl Pts',(58.978079879572,79.6185601588872,235.007082004242));
#3922=CARTESIAN_POINT('Ctrl Pts',(30.3505379518756,95.7855065016012,235.556101612084));
#3923=CARTESIAN_POINT('Ctrl Pts',(-11.3139943915131,101.619920173421,236.242376121889));
#3924=CARTESIAN_POINT('Ctrl Pts',(-50.6749862955513,86.7644176703922,236.928650631692));
#3925=CARTESIAN_POINT('Ctrl Pts',(-75.0456350944137,64.6968444464771,237.477670239536));
#3926=CARTESIAN_POINT('Ctrl Pts',(-88.7169929501438,44.1758134509461,237.889434945417));
#3927=CARTESIAN_POINT('Ctrl Pts',(-96.8542954359304,20.8991503096421,238.3011996513));
#3928=CARTESIAN_POINT('Ctrl Pts',(-99.7780019556544,-11.8477312374111,238.850219259143));
#3929=CARTESIAN_POINT('Ctrl Pts',(-87.9126518293619,-52.2109212088155,239.536493768948));
#3930=CARTESIAN_POINT('Ctrl Pts',(-58.1481989095008,-81.9439160238129,240.222768278751));
#3931=CARTESIAN_POINT('Ctrl Pts',(-27.9947488954691,-95.0464258261991,240.771787886594));
#3932=CARTESIAN_POINT('Ctrl Pts',(-3.66215409240258,-99.0393657066328,241.183552592476));
#3933=CARTESIAN_POINT('Ctrl Pts',(20.8988813154072,-96.8543534789224,241.595317298359));
#3934=CARTESIAN_POINT('Ctrl Pts',(51.9376409507994,-86.0145328546425,242.144336906202));
#3935=CARTESIAN_POINT('Ctrl Pts',(83.8166691269548,-58.5609137702469,242.830611416006));
#3936=CARTESIAN_POINT('Ctrl Pts',(98.6305406356748,-19.184234768452,243.516885925809));
#3937=CARTESIAN_POINT('Ctrl Pts',(98.1332582206981,13.6891438390186,244.065905533653));
#3938=CARTESIAN_POINT('Ctrl Pts',(91.737217701274,37.50320280453,244.477670239535));
#3939=CARTESIAN_POINT('Ctrl Pts',(79.6187239588396,58.9778587541259,244.889434945418));
#3940=CARTESIAN_POINT('Ctrl Pts',(56.9443732341479,82.7850032717676,245.43845455326));
#3941=CARTESIAN_POINT('Ctrl Pts',(18.7879857811227,100.506846709227,246.124729063065));
#3942=CARTESIAN_POINT('Ctrl Pts',(-23.1936541444728,97.76539682916,246.811003572868));
#3943=CARTESIAN_POINT('Ctrl Pts',(-52.936989067736,83.7568159405428,247.360023180712));
#3944=CARTESIAN_POINT('Ctrl Pts',(-71.9946884407954,68.1100005027269,247.771787886594));
#3945=CARTESIAN_POINT('Ctrl Pts',(-86.5614489426834,48.2145681822279,248.183552592477));
#3946=CARTESIAN_POINT('Ctrl Pts',(-98.9003850461847,17.7406946722204,248.732572200319));
#3947=CARTESIAN_POINT('Ctrl Pts',(-99.3113583858662,-24.3283526096144,249.418846710124));
#3948=CARTESIAN_POINT('Ctrl Pts',(-79.5024410121187,-61.4441232572424,250.105121219927));
#3949=CARTESIAN_POINT('Ctrl Pts',(-54.4754544804425,-82.7644482081816,250.654140827771));
#3950=CARTESIAN_POINT('Ctrl Pts',(-32.3622884950196,-93.6743807854303,251.065905533653));
#3951=CARTESIAN_POINT('Ctrl Pts',(-8.23040331641928,-98.7410223225614,251.477670239535));
#3952=CARTESIAN_POINT('Ctrl Pts',(24.6200239146442,-97.4159783206991,252.026689847379));
#3953=CARTESIAN_POINT('Ctrl Pts',(63.1153462735326,-80.4429469246114,252.712964357182));
#3954=CARTESIAN_POINT('Ctrl Pts',(88.7603217563598,-47.0916520356206,253.399238866987));
#3955=CARTESIAN_POINT('Ctrl Pts',(97.8635846722814,-15.4999297787713,253.948258474829));
#3956=CARTESIAN_POINT('Ctrl Pts',(98.6842766584625,9.1444449019291,254.360023180712));
#3957=CARTESIAN_POINT('Ctrl Pts',(93.3491665484535,33.2184005148525,254.771787886594));
#3958=CARTESIAN_POINT('Ctrl Pts',(78.5959402510532,62.599493494664,255.320807494437));
#3959=CARTESIAN_POINT('Ctrl Pts',(47.2593348549906,90.6706673307792,256.007082004241));
#3960=CARTESIAN_POINT('Ctrl Pts',(6.30068217759192,100.281203691586,256.693356514045));
#3961=CARTESIAN_POINT('Ctrl Pts',(-26.2338803000431,95.547436137537,257.242376121888));
#3962=CARTESIAN_POINT('Ctrl Pts',(-49.0238813359634,86.1328415352284,257.654140827771));
#3963=CARTESIAN_POINT('Ctrl Pts',(-68.755833797819,71.3453877052005,258.065905533653));
#3964=CARTESIAN_POINT('Ctrl Pts',(-89.4390888955526,45.7893850943291,258.614925141496));
#3965=CARTESIAN_POINT('Ctrl Pts',(-102.090716847104,5.66570195773988,259.301199651301));
#3966=CARTESIAN_POINT('Ctrl Pts',(-93.9565739578782,-35.6115236965637,259.987474161104));
#3967=CARTESIAN_POINT('Ctrl Pts',(-76.228172123961,-63.2992480407805,260.536493768947));
#3968=CARTESIAN_POINT('Ctrl Pts',(-58.2536623090235,-80.1792875998665,260.94825847483));
#3969=CARTESIAN_POINT('Ctrl Pts',(-36.6453616843904,-92.0578432008065,261.360023180712));
#3970=CARTESIAN_POINT('Ctrl Pts',(-4.83439359079699,-100.362577927954,261.909042788555));
#3971=CARTESIAN_POINT('Ctrl Pts',(36.9361692618367,-95.3432433222547,262.595317298358));
#3972=CARTESIAN_POINT('Ctrl Pts',(71.1864914681493,-70.9119301476435,263.281591808163));
#3973=CARTESIAN_POINT('Ctrl Pts',(89.1002170349919,-43.3437464978199,263.830611416005));
#3974=CARTESIAN_POINT('Ctrl Pts',(97.0664125765665,-20.007969985747,264.242376121888));
#3975=CARTESIAN_POINT('Ctrl Pts',(98.9777267711412,4.57587871977793,264.654140827771));
#3976=CARTESIAN_POINT('Ctrl Pts',(93.4260739786417,36.980901017967,265.203160435614));
#3977=CARTESIAN_POINT('Ctrl Pts',(71.6289922308608,72.9650754250895,265.889434945418));
#3978=CARTESIAN_POINT('Ctrl Pts',(35.2481736955921,94.0934885217437,266.575709455221));
#3979=CARTESIAN_POINT('Ctrl Pts',(2.74609912088247,99.0453833376287,267.124729063065));
#3980=CARTESIAN_POINT('Ctrl Pts',(-21.7982383664632,96.6801134316827,267.536493768947));
#3981=CARTESIAN_POINT('Ctrl Pts',(-44.9828131673344,88.2840578637461,267.94825847483));
#3982=CARTESIAN_POINT('Ctrl Pts',(-72.2152853487606,69.8639623520734,268.497278082672));
#3983=CARTESIAN_POINT('Ctrl Pts',(-96.0094707364936,35.1680220793493,269.183552592477));
#3984=CARTESIAN_POINT('Ctrl Pts',(-100.256156623213,-6.68815621970104,269.86982710228));
#3985=CARTESIAN_POINT('Ctrl Pts',(-91.3648911843016,-38.3402359117251,270.418846710123));
#3986=CARTESIAN_POINT('Ctrl Pts',(-79.0892774548547,-59.7253339226754,270.830611416006));
#3987=CARTESIAN_POINT('Ctrl Pts',(-61.8795605335101,-77.3848699527019,271.242376121888));
#3988=CARTESIAN_POINT('Ctrl Pts',(-33.8698102137568,-94.5985645275884,271.791395729731));
#3989=CARTESIAN_POINT('Ctrl Pts',(7.55253143065816,-101.968650920091,272.477670239536));
#3990=CARTESIAN_POINT('Ctrl Pts',(47.4323645340451,-88.5775851268426,273.163944749339));
#3991=CARTESIAN_POINT('Ctrl Pts',(72.6063472933286,-67.4258358077342,273.712964357183));
#3992=CARTESIAN_POINT('Ctrl Pts',(87.018379476936,-47.4236000288929,274.124729063064));
#3993=CARTESIAN_POINT('Ctrl Pts',(96.0267071011449,-24.4642619033061,274.536493768947));
#3994=CARTESIAN_POINT('Ctrl Pts',(98.0732548444073,-8.15543609034147,274.811003572869));
#3995=CARTESIAN_POINT('Ctrl Pts',(98.0732548444074,-1.34541991520712E-12,
274.948258474829));
#3996=CARTESIAN_POINT('Ctrl Pts',(95.7166087336288,0.,-3.17732162625744));
#3997=CARTESIAN_POINT('Ctrl Pts',(95.7166087336288,7.9596992537286,-3.04006672429666));
#3998=CARTESIAN_POINT('Ctrl Pts',(93.7192384015512,23.8762389166146,-2.76555692037509));
#3999=CARTESIAN_POINT('Ctrl Pts',(84.9273759114296,46.2841108459272,-2.35379221449273));
#4000=CARTESIAN_POINT('Ctrl Pts',(70.861656895952,65.8055973439184,-1.94202750861038));
#4001=CARTESIAN_POINT('Ctrl Pts',(46.2925910292155,86.449139018401,-1.39300790076724));
#4002=CARTESIAN_POINT('Ctrl Pts',(7.37104827451374,99.5183846577105,-0.706733390963325));
#4003=CARTESIAN_POINT('Ctrl Pts',(-33.0559373934881,92.3254205898127,-0.0204588811594002));
#4004=CARTESIAN_POINT('Ctrl Pts',(-60.3926288934877,75.5253509655789,0.528560726683736));
#4005=CARTESIAN_POINT('Ctrl Pts',(-77.1888058286797,58.2901689646034,0.940325432566087));
#4006=CARTESIAN_POINT('Ctrl Pts',(-89.1694433446956,37.418940393402,1.35209013844844));
#4007=CARTESIAN_POINT('Ctrl Pts',(-97.8470565891359,6.52744414644588,1.90110974629158));
#4008=CARTESIAN_POINT('Ctrl Pts',(-93.7024162172158,-34.3229543552748,2.5873842560955));
#4009=CARTESIAN_POINT('Ctrl Pts',(-70.4799919537787,-68.1851697617492,3.27365876589942));
#4010=CARTESIAN_POINT('Ctrl Pts',(-43.9019010280286,-86.1626408318272,3.82267837374256));
#4011=CARTESIAN_POINT('Ctrl Pts',(-21.2744387459709,-94.3569436925947,4.23444307962491));
#4012=CARTESIAN_POINT('Ctrl Pts',(2.68011187671988,-96.6653775380276,4.64620778550727));
#4013=CARTESIAN_POINT('Ctrl Pts',(34.401179562649,-91.8324739800991,5.1952273933504));
#4014=CARTESIAN_POINT('Ctrl Pts',(69.9077871354687,-71.2117649995118,5.88150190315434));
#4015=CARTESIAN_POINT('Ctrl Pts',(91.181097055663,-36.0922704002899,6.56777641295823));
#4016=CARTESIAN_POINT('Ctrl Pts',(96.5993466998465,-4.46592288534524,7.1167960208014));
#4017=CARTESIAN_POINT('Ctrl Pts',(94.7339603290229,19.5271895261899,7.52856072668373));
#4018=CARTESIAN_POINT('Ctrl Pts',(86.9591880635552,42.3022202241445,7.94032543256609));
#4019=CARTESIAN_POINT('Ctrl Pts',(69.475919421525,69.2079556582183,8.48934504040923));
#4020=CARTESIAN_POINT('Ctrl Pts',(36.0486135283591,93.052197879259,9.17561955021313));
#4021=CARTESIAN_POINT('Ctrl Pts',(-4.71822578468267,97.9509206488654,9.86189406001709));
#4022=CARTESIAN_POINT('Ctrl Pts',(-35.7647938962742,89.8457441071692,10.4109136678602));
#4023=CARTESIAN_POINT('Ctrl Pts',(-56.8538589993737,78.2526236323672,10.8226783737426));
#4024=CARTESIAN_POINT('Ctrl Pts',(-74.3964512776121,61.7782020945798,11.2344430796249));
#4025=CARTESIAN_POINT('Ctrl Pts',(-91.6988494135954,34.7557984639257,11.7834626874681));
#4026=CARTESIAN_POINT('Ctrl Pts',(-99.637533344772,-5.52955827102306,12.469737197272));
#4027=CARTESIAN_POINT('Ctrl Pts',(-87.2899170205935,-44.6890914773891,13.1560117070759));
#4028=CARTESIAN_POINT('Ctrl Pts',(-67.1036691116366,-69.6309974698186,13.705031314919));
#4029=CARTESIAN_POINT('Ctrl Pts',(-47.8458645619833,-84.0631169570392,14.1167960208014));
#4030=CARTESIAN_POINT('Ctrl Pts',(-25.6034946553771,-93.2514840543149,14.5285607266837));
#4031=CARTESIAN_POINT('Ctrl Pts',(6.14928026712525,-97.8715017902992,15.0775803345269));
#4032=CARTESIAN_POINT('Ctrl Pts',(46.1237191577175,-88.4919013066905,15.7638548443308));
#4033=CARTESIAN_POINT('Ctrl Pts',(76.7073232452293,-61.0952622634791,16.4501293541347));
#4034=CARTESIAN_POINT('Ctrl Pts',(91.106037668517,-32.4201807096289,16.9991489619778));
#4035=CARTESIAN_POINT('Ctrl Pts',(96.3129480311913,-8.92470894488961,17.4109136678602));
#4036=CARTESIAN_POINT('Ctrl Pts',(95.5119768198588,15.1274750326883,17.8226783737426));
#4037=CARTESIAN_POINT('Ctrl Pts',(86.627460280615,45.9600656638207,18.3716979815857));
#4038=CARTESIAN_POINT('Ctrl Pts',(61.5987193851741,78.5099473692247,19.0579724913896));
#4039=CARTESIAN_POINT('Ctrl Pts',(24.0284183469731,95.0751262015212,19.7442470011936));
#4040=CARTESIAN_POINT('Ctrl Pts',(-8.03263127350395,96.3683301283447,20.2932666090367));
#4041=CARTESIAN_POINT('Ctrl Pts',(-31.5846405884746,91.4234371871192,20.705031314919));
#4042=CARTESIAN_POINT('Ctrl Pts',(-53.1664394167731,80.7756642600003,21.1167960208014));
#4043=CARTESIAN_POINT('Ctrl Pts',(-77.5920412940095,59.9676549343148,21.6658156286445));
#4044=CARTESIAN_POINT('Ctrl Pts',(-96.9249613312607,23.743755742204,22.3520901384485));
#4045=CARTESIAN_POINT('Ctrl Pts',(-96.5238634537963,-17.3143955841729,23.0383646482523));
#4046=CARTESIAN_POINT('Ctrl Pts',(-84.4814251653783,-47.0559987560384,23.5873842560955));
#4047=CARTESIAN_POINT('Ctrl Pts',(-70.2646958675926,-66.473354833685,23.9991489619779));
#4048=CARTESIAN_POINT('Ctrl Pts',(-51.6649424776579,-81.7441859442125,24.4109136678602));
#4049=CARTESIAN_POINT('Ctrl Pts',(-22.6363234540539,-95.4161483763403,24.9599332757033));
#4050=CARTESIAN_POINT('Ctrl Pts',(18.3365208665446,-98.0917227309348,25.6462077855073));
#4051=CARTESIAN_POINT('Ctrl Pts',(55.5760314173492,-80.7957253967692,26.3324822953112));
#4052=CARTESIAN_POINT('Ctrl Pts',(77.7055300257892,-57.5606534041517,26.8815019031543));
#4053=CARTESIAN_POINT('Ctrl Pts',(89.5328230612431,-36.6020215684105,27.2932666090367));
#4054=CARTESIAN_POINT('Ctrl Pts',(95.7751702619494,-13.3602012782854,27.705031314919));
#4055=CARTESIAN_POINT('Ctrl Pts',(96.2605032553333,18.7232482097077,28.2540509227622));
#4056=CARTESIAN_POINT('Ctrl Pts',(81.8026008916372,57.1537273777951,28.9403254325661));
#4057=CARTESIAN_POINT('Ctrl Pts',(50.6896081436519,83.947651168662,29.62659994237));
#4058=CARTESIAN_POINT('Ctrl Pts',(20.3966927477938,94.5269968942937,30.1756195502132));
#4059=CARTESIAN_POINT('Ctrl Pts',(-3.57415455356111,96.6595044857852,30.5873842560955));
#4060=CARTESIAN_POINT('Ctrl Pts',(-27.3220505516491,92.7625127438602,30.9991489619779));
#4061=CARTESIAN_POINT('Ctrl Pts',(-56.750929827054,79.9748490105304,31.548168569821));
#4062=CARTESIAN_POINT('Ctrl Pts',(-85.8001593934705,50.9563216281049,32.2344430796249));
#4063=CARTESIAN_POINT('Ctrl Pts',(-97.3803917139724,11.5630368037827,32.9207175894288));
#4064=CARTESIAN_POINT('Ctrl Pts',(-94.5269402460431,-20.3969552782442,33.469737197272));
#4065=CARTESIAN_POINT('Ctrl Pts',(-86.5851726416652,-43.1142930688107,33.8815019031543));
#4066=CARTESIAN_POINT('Ctrl Pts',(-73.2423299593218,-63.142215031083,34.2932666090367));
#4067=CARTESIAN_POINT('Ctrl Pts',(-49.4572943819257,-84.6795166667352,34.8422862168798));
#4068=CARTESIAN_POINT('Ctrl Pts',(-11.0421253593064,-99.1780496549573,35.5285607266837));
#4069=CARTESIAN_POINT('Ctrl Pts',(29.6212312990276,-93.4838337191081,36.2148352364877));
#4070=CARTESIAN_POINT('Ctrl Pts',(57.5608692160743,-77.7053701618601,36.7638548443308));
#4071=CARTESIAN_POINT('Ctrl Pts',(74.9820404302794,-61.1026022450943,37.1756195502132));
#4072=CARTESIAN_POINT('Ctrl Pts',(87.7259254821181,-40.6883302091346,37.5873842560955));
#4073=CARTESIAN_POINT('Ctrl Pts',(97.5389853941608,-10.1385816942006,38.1364038639387));
#4074=CARTESIAN_POINT('Ctrl Pts',(94.9067396939683,30.8370690318194,38.8226783737425));
#4075=CARTESIAN_POINT('Ctrl Pts',(72.9513879989527,65.5342620277254,39.5089528835465));
#4076=CARTESIAN_POINT('Ctrl Pts',(47.0557641249684,84.4815558540268,40.0579724913896));
#4077=CARTESIAN_POINT('Ctrl Pts',(24.7465365046462,93.5063811685301,40.469737197272));
#4078=CARTESIAN_POINT('Ctrl Pts',(0.893650801729111,96.6983950494852,40.8815019031543));
#4079=CARTESIAN_POINT('Ctrl Pts',(-30.9843392726288,93.0409330903926,41.4305215109974));
#4080=CARTESIAN_POINT('Ctrl Pts',(-67.2286620080117,73.7463291996583,42.1167960208014));
#4081=CARTESIAN_POINT('Ctrl Pts',(-89.7851627187438,39.4368998028624,42.8030705306052));
#4082=CARTESIAN_POINT('Ctrl Pts',(-96.3683524370595,8.03236362899552,43.3520901384485));
#4083=CARTESIAN_POINT('Ctrl Pts',(-95.3908217568585,-16.0132917528382,43.7638548443308));
#4084=CARTESIAN_POINT('Ctrl Pts',(-88.4629305895354,-39.0600579673501,44.1756195502131));
#4085=CARTESIAN_POINT('Ctrl Pts',(-71.9858093105147,-66.59345139278,44.7246391580563));
#4086=CARTESIAN_POINT('Ctrl Pts',(-39.4624127053254,-91.6565985037978,45.4109136678602));
#4087=CARTESIAN_POINT('Ctrl Pts',(1.09557012603988,-98.0583715783169,46.0971881776641));
#4088=CARTESIAN_POINT('Ctrl Pts',(32.4204337389776,-91.1059476273545,46.6462077855073));
#4089=CARTESIAN_POINT('Ctrl Pts',(53.9234794562887,-80.3000171328592,47.0579724913896));
#4090=CARTESIAN_POINT('Ctrl Pts',(72.0628457799713,-64.4850717220177,47.469737197272));
#4091=CARTESIAN_POINT('Ctrl Pts',(90.3519457479535,-38.1204723219847,48.018756805115));
#4092=CARTESIAN_POINT('Ctrl Pts',(99.7738123716184,1.84402566276229,48.7050313149191));
#4093=CARTESIAN_POINT('Ctrl Pts',(88.8816321933272,41.4330782001823,49.3913058247228));
#4094=CARTESIAN_POINT('Ctrl Pts',(69.6308111020362,67.1038624981771,49.9403254325661));
#4095=CARTESIAN_POINT('Ctrl Pts',(50.9194469289083,82.2377304688326,50.3520901384485));
#4096=CARTESIAN_POINT('Ctrl Pts',(29.0317911644974,92.2417113820137,50.7638548443307));
#4097=CARTESIAN_POINT('Ctrl Pts',(-2.52858193994155,98.0318865668988,51.312874452174));
#4098=CARTESIAN_POINT('Ctrl Pts',(-42.8223109944604,90.1358072405498,51.9991489619778));
#4099=CARTESIAN_POINT('Ctrl Pts',(-74.3973752106608,63.8879884818459,52.6854234717818));
#4100=CARTESIAN_POINT('Ctrl Pts',(-89.8458434364913,35.7645443713076,53.2344430796249));
#4101=CARTESIAN_POINT('Ctrl Pts',(-95.9173907031139,12.4775217457806,53.6462077855073));
#4102=CARTESIAN_POINT('Ctrl Pts',(-96.0057307684989,-11.5878331239379,54.0579724913896));
#4103=CARTESIAN_POINT('Ctrl Pts',(-88.2665922735829,-42.7276631575071,54.6069920992328));
#4104=CARTESIAN_POINT('Ctrl Pts',(-64.4577114368228,-76.1801647552637,55.2932666090367));
#4105=CARTESIAN_POINT('Ctrl Pts',(-27.5251768501426,-94.1223095225606,55.9795411188405));
#4106=CARTESIAN_POINT('Ctrl Pts',(4.46619117758027,-96.5993341243459,56.5285607266839));
#4107=CARTESIAN_POINT('Ctrl Pts',(28.1848370951748,-92.5281003054138,56.940325432566));
#4108=CARTESIAN_POINT('Ctrl Pts',(50.1453480276806,-82.6850789930354,57.3520901384486));
#4109=CARTESIAN_POINT('Ctrl Pts',(75.3231558317516,-62.793842899109,57.9011097462914));
#4110=CARTESIAN_POINT('Ctrl Pts',(95.9814000362275,-27.3090628344786,58.5873842560957));
#4111=CARTESIAN_POINT('Ctrl Pts',(97.0977363381461,13.7358694118777,59.2736587658992));
#4112=CARTESIAN_POINT('Ctrl Pts',(86.1625191422484,43.902147008585,59.8226783737427));
#4113=CARTESIAN_POINT('Ctrl Pts',(72.6729994367778,63.8315716638118,60.2344430796248));
#4114=CARTESIAN_POINT('Ctrl Pts',(54.6502286662158,79.7792624911514,60.6462077855073));
#4115=CARTESIAN_POINT('Ctrl Pts',(26.1466339549949,94.5145387933298,61.1952273933503));
#4116=CARTESIAN_POINT('Ctrl Pts',(-14.699361893034,98.7022939234415,61.8815019031543));
#4117=CARTESIAN_POINT('Ctrl Pts',(-52.5525531327576,82.7941644665917,62.5677764129583));
#4118=CARTESIAN_POINT('Ctrl Pts',(-75.5255093731248,60.3926787850293,63.1167960208013));
#4119=CARTESIAN_POINT('Ctrl Pts',(-88.1191779502403,39.8853966456915,63.5285607266838));
#4120=CARTESIAN_POINT('Ctrl Pts',(-95.2160821114955,16.8901132097647,63.9403254325661));
#4121=CARTESIAN_POINT('Ctrl Pts',(-96.8866152157912,-15.1534914300149,64.4893450404092));
#4122=CARTESIAN_POINT('Ctrl Pts',(-83.858650557372,-54.0919660625161,65.1756195502131));
#4123=CARTESIAN_POINT('Ctrl Pts',(-53.7569817707952,-82.0172629474229,65.8618940600171));
#4124=CARTESIAN_POINT('Ctrl Pts',(-23.8756773013632,-93.7087522609435,66.4109136678602));
#4125=CARTESIAN_POINT('Ctrl Pts',(-3.16253787035398E-13,-96.7255622274187,
66.8226783737425));
#4126=CARTESIAN_POINT('Ctrl Pts',(23.8756773013626,-93.7087522609437,67.234443079625));
#4127=CARTESIAN_POINT('Ctrl Pts',(53.7569817707946,-82.0172629474233,67.7834626874679));
#4128=CARTESIAN_POINT('Ctrl Pts',(83.8586505573716,-54.0919660625167,68.469737197272));
#4129=CARTESIAN_POINT('Ctrl Pts',(96.8866152157911,-15.1534914300156,69.1560117070759));
#4130=CARTESIAN_POINT('Ctrl Pts',(95.2160821114956,16.8901132097642,69.7050313149189));
#4131=CARTESIAN_POINT('Ctrl Pts',(88.1191779502406,39.8853966456908,70.1167960208016));
#4132=CARTESIAN_POINT('Ctrl Pts',(75.5255093731252,60.392678785029,70.5285607266835));
#4133=CARTESIAN_POINT('Ctrl Pts',(52.5525531327582,82.7941644665911,71.077580334527));
#4134=CARTESIAN_POINT('Ctrl Pts',(14.699361893035,98.7022939234416,71.7638548443307));
#4135=CARTESIAN_POINT('Ctrl Pts',(-26.1466339549938,94.5145387933299,72.4501293541347));
#4136=CARTESIAN_POINT('Ctrl Pts',(-54.6502286662146,79.7792624911523,72.9991489619778));
#4137=CARTESIAN_POINT('Ctrl Pts',(-72.6729994367772,63.8315716638127,73.4109136678603));
#4138=CARTESIAN_POINT('Ctrl Pts',(-86.1625191422478,43.9021470085857,73.8226783737425));
#4139=CARTESIAN_POINT('Ctrl Pts',(-97.0977363381463,13.7358694118785,74.3716979815858));
#4140=CARTESIAN_POINT('Ctrl Pts',(-95.9814000362276,-27.309062834478,75.0579724913894));
#4141=CARTESIAN_POINT('Ctrl Pts',(-75.3231558317521,-62.7938428991084,75.7442470011937));
#4142=CARTESIAN_POINT('Ctrl Pts',(-50.1453480276811,-82.6850789930351,76.2932666090366));
#4143=CARTESIAN_POINT('Ctrl Pts',(-28.1848370951754,-92.5281003054135,76.7050313149191));
#4144=CARTESIAN_POINT('Ctrl Pts',(-4.4661911775809,-96.599334124346,77.1167960208014));
#4145=CARTESIAN_POINT('Ctrl Pts',(27.5251768501419,-94.1223095225607,77.6658156286445));
#4146=CARTESIAN_POINT('Ctrl Pts',(64.4577114368223,-76.1801647552642,78.3520901384485));
#4147=CARTESIAN_POINT('Ctrl Pts',(88.2665922735826,-42.7276631575076,79.0383646482523));
#4148=CARTESIAN_POINT('Ctrl Pts',(96.0057307684988,-11.5878331239386,79.5873842560956));
#4149=CARTESIAN_POINT('Ctrl Pts',(95.9173907031141,12.47752174578,79.9991489619777));
#4150=CARTESIAN_POINT('Ctrl Pts',(89.8458434364915,35.764544371307,80.4109136678604));
#4151=CARTESIAN_POINT('Ctrl Pts',(74.3973752106612,63.8879884818453,80.9599332757032));
#4152=CARTESIAN_POINT('Ctrl Pts',(42.822310994461,90.1358072405496,81.6462077855074));
#4153=CARTESIAN_POINT('Ctrl Pts',(2.52858193994226,98.0318865668988,82.332482295311));
#4154=CARTESIAN_POINT('Ctrl Pts',(-29.0317911644968,92.2417113820139,82.8815019031544));
#4155=CARTESIAN_POINT('Ctrl Pts',(-50.9194469289078,82.2377304688329,83.2932666090367));
#4156=CARTESIAN_POINT('Ctrl Pts',(-69.6308111020356,67.1038624981776,83.705031314919));
#4157=CARTESIAN_POINT('Ctrl Pts',(-88.8816321933271,41.433078200183,84.2540509227622));
#4158=CARTESIAN_POINT('Ctrl Pts',(-99.7738123716183,1.84402566276281,84.9403254325659));
#4159=CARTESIAN_POINT('Ctrl Pts',(-90.3519457479537,-38.1204723219843,85.6265999423702));
#4160=CARTESIAN_POINT('Ctrl Pts',(-72.0628457799717,-64.4850717220173,86.175619550213));
#4161=CARTESIAN_POINT('Ctrl Pts',(-53.9234794562893,-80.3000171328587,86.5873842560956));
#4162=CARTESIAN_POINT('Ctrl Pts',(-32.4204337389782,-91.1059476273545,86.9991489619778));
#4163=CARTESIAN_POINT('Ctrl Pts',(-1.09557012604052,-98.0583715783166,87.548168569821));
#4164=CARTESIAN_POINT('Ctrl Pts',(39.4624127053247,-91.6565985037984,88.2344430796249));
#4165=CARTESIAN_POINT('Ctrl Pts',(71.9858093105142,-66.5934513927802,88.9207175894288));
#4166=CARTESIAN_POINT('Ctrl Pts',(88.4629305895351,-39.0600579673508,89.469737197272));
#4167=CARTESIAN_POINT('Ctrl Pts',(95.3908217568583,-16.0132917528388,89.8815019031543));
#4168=CARTESIAN_POINT('Ctrl Pts',(96.3683524370595,8.03236362899478,90.2932666090366));
#4169=CARTESIAN_POINT('Ctrl Pts',(89.7851627187442,39.4368998028618,90.8422862168799));
#4170=CARTESIAN_POINT('Ctrl Pts',(67.2286620080122,73.7463291996577,91.5285607266836));
#4171=CARTESIAN_POINT('Ctrl Pts',(30.9843392726294,93.0409330903926,92.2148352364877));
#4172=CARTESIAN_POINT('Ctrl Pts',(-0.893650801728408,96.6983950494851,92.7638548443307));
#4173=CARTESIAN_POINT('Ctrl Pts',(-24.7465365046456,93.5063811685304,93.1756195502132));
#4174=CARTESIAN_POINT('Ctrl Pts',(-47.0557641249676,84.4815558540272,93.5873842560955));
#4175=CARTESIAN_POINT('Ctrl Pts',(-72.9513879989522,65.5342620277261,94.1364038639386));
#4176=CARTESIAN_POINT('Ctrl Pts',(-94.9067396939678,30.8370690318203,94.8226783737426));
#4177=CARTESIAN_POINT('Ctrl Pts',(-97.5389853941611,-10.1385816941995,95.5089528835464));
#4178=CARTESIAN_POINT('Ctrl Pts',(-87.7259254821184,-40.6883302091338,96.0579724913897));
#4179=CARTESIAN_POINT('Ctrl Pts',(-74.9820404302801,-61.1026022450936,96.469737197272));
#4180=CARTESIAN_POINT('Ctrl Pts',(-57.5608692160746,-77.7053701618598,96.8815019031543));
#4181=CARTESIAN_POINT('Ctrl Pts',(-29.6212312990282,-93.4838337191077,97.4305215109975));
#4182=CARTESIAN_POINT('Ctrl Pts',(11.0421253593061,-99.1780496549575,98.1167960208013));
#4183=CARTESIAN_POINT('Ctrl Pts',(49.457294381925,-84.6795166667353,98.8030705306052));
#4184=CARTESIAN_POINT('Ctrl Pts',(73.2423299593215,-63.1422150310836,99.3520901384485));
#4185=CARTESIAN_POINT('Ctrl Pts',(86.5851726416648,-43.1142930688112,99.7638548443308));
#4186=CARTESIAN_POINT('Ctrl Pts',(94.5269402460431,-20.396955278245,100.175619550213));
#4187=CARTESIAN_POINT('Ctrl Pts',(97.3803917139723,11.5630368037821,100.724639158056));
#4188=CARTESIAN_POINT('Ctrl Pts',(85.8001593934711,50.9563216281043,101.41091366786));
#4189=CARTESIAN_POINT('Ctrl Pts',(56.7509298270543,79.9748490105301,102.097188177664));
#4190=CARTESIAN_POINT('Ctrl Pts',(27.3220505516496,92.7625127438601,102.646207785507));
#4191=CARTESIAN_POINT('Ctrl Pts',(3.574154553561,96.6595044857853,103.05797249139));
#4192=CARTESIAN_POINT('Ctrl Pts',(-20.396692747794,94.5269968942935,103.469737197272));
#4193=CARTESIAN_POINT('Ctrl Pts',(-50.6896081436521,83.9476511686618,104.018756805115));
#4194=CARTESIAN_POINT('Ctrl Pts',(-81.8026008916372,57.1537273777951,104.705031314919));
#4195=CARTESIAN_POINT('Ctrl Pts',(-96.2605032553331,18.7232482097081,105.391305824723));
#4196=CARTESIAN_POINT('Ctrl Pts',(-95.7751702619494,-13.3602012782849,105.940325432566));
#4197=CARTESIAN_POINT('Ctrl Pts',(-89.5328230612434,-36.6020215684102,106.352090138448));
#4198=CARTESIAN_POINT('Ctrl Pts',(-77.7055300257893,-57.5606534041517,106.763854844331));
#4199=CARTESIAN_POINT('Ctrl Pts',(-55.5760314173493,-80.795725396769,107.312874452174));
#4200=CARTESIAN_POINT('Ctrl Pts',(-18.3365208665449,-98.0917227309349,107.999148961978));
#4201=CARTESIAN_POINT('Ctrl Pts',(22.6363234540533,-95.4161483763403,108.685423471782));
#4202=CARTESIAN_POINT('Ctrl Pts',(51.6649424776575,-81.7441859442129,109.234443079625));
#4203=CARTESIAN_POINT('Ctrl Pts',(70.2646958675923,-66.4733548336852,109.646207785507));
#4204=CARTESIAN_POINT('Ctrl Pts',(84.4814251653784,-47.0559987560385,110.05797249139));
#4205=CARTESIAN_POINT('Ctrl Pts',(96.523863453796,-17.3143955841732,110.606992099233));
#4206=CARTESIAN_POINT('Ctrl Pts',(96.924961331261,23.7437557422033,111.293266609037));
#4207=CARTESIAN_POINT('Ctrl Pts',(77.5920412940099,59.9676549343142,111.979541118841));
#4208=CARTESIAN_POINT('Ctrl Pts',(53.166439416774,80.7756642599998,112.528560726684));
#4209=CARTESIAN_POINT('Ctrl Pts',(31.5846405884752,91.4234371871191,112.940325432566));
#4210=CARTESIAN_POINT('Ctrl Pts',(8.03263127350438,96.3683301283447,113.352090138448));
#4211=CARTESIAN_POINT('Ctrl Pts',(-24.0284183469726,95.0751262015211,113.901109746292));
#4212=CARTESIAN_POINT('Ctrl Pts',(-61.5987193851736,78.5099473692254,114.587384256095));
#4213=CARTESIAN_POINT('Ctrl Pts',(-86.6274602806145,45.9600656638214,115.2736587659));
#4214=CARTESIAN_POINT('Ctrl Pts',(-95.5119768198586,15.1274750326894,115.822678373743));
#4215=CARTESIAN_POINT('Ctrl Pts',(-96.3129480311914,-8.92470894488893,116.234443079625));
#4216=CARTESIAN_POINT('Ctrl Pts',(-91.1060376685172,-32.4201807096281,116.646207785507));
#4217=CARTESIAN_POINT('Ctrl Pts',(-76.7073232452299,-61.095262263479,117.19522739335));
#4218=CARTESIAN_POINT('Ctrl Pts',(-46.1237191577176,-88.4919013066887,117.881501903155));
#4219=CARTESIAN_POINT('Ctrl Pts',(-6.14928026712785,-97.8715017903012,118.567776412958));
#4220=CARTESIAN_POINT('Ctrl Pts',(25.6034946553777,-93.2514840543125,119.116796020801));
#4221=CARTESIAN_POINT('Ctrl Pts',(47.8458645619785,-84.0631169570453,119.528560726684));
#4222=CARTESIAN_POINT('Ctrl Pts',(67.1036691116434,-69.6309974698091,119.940325432566));
#4223=CARTESIAN_POINT('Ctrl Pts',(87.2899170205768,-44.6890914774113,120.489345040409));
#4224=CARTESIAN_POINT('Ctrl Pts',(99.6375333448076,-5.52955827097716,121.175619550213));
#4225=CARTESIAN_POINT('Ctrl Pts',(91.6988494135415,34.7557984638528,121.861894060017));
#4226=CARTESIAN_POINT('Ctrl Pts',(74.3964512776861,61.778202094675,122.41091366786));
#4227=CARTESIAN_POINT('Ctrl Pts',(56.8538589992174,78.2526236321593,122.822678373743));
#4228=CARTESIAN_POINT('Ctrl Pts',(35.764793896565,89.8457441075507,123.234443079625));
#4229=CARTESIAN_POINT('Ctrl Pts',(4.71822578404979,97.95092064803,123.783462687468));
#4230=CARTESIAN_POINT('Ctrl Pts',(-36.0486135269717,93.052197881086,124.469737197272));
#4231=CARTESIAN_POINT('Ctrl Pts',(-69.4759194236351,69.2079556554371,125.156011707076));
#4232=CARTESIAN_POINT('Ctrl Pts',(-86.9591880607163,42.3022202278864,125.705031314919));
#4233=CARTESIAN_POINT('Ctrl Pts',(-94.733960335134,19.5271895181371,126.116796020801));
#4234=CARTESIAN_POINT('Ctrl Pts',(-96.5993466885811,-4.46592287049752,126.528560726684));
#4235=CARTESIAN_POINT('Ctrl Pts',(-91.1810970802977,-36.0922704327561,127.077580334527));
#4236=CARTESIAN_POINT('Ctrl Pts',(-69.9077870816012,-71.2117649285188,127.763854844331));
#4237=CARTESIAN_POINT('Ctrl Pts',(-34.4011796447056,-91.8324740882427,128.450129354135));
#4238=CARTESIAN_POINT('Ctrl Pts',(-2.68011176640923,-96.6653773926477,128.999148961978));
#4239=CARTESIAN_POINT('Ctrl Pts',(21.274438508449,-94.3569440056277,129.41091366786));
#4240=CARTESIAN_POINT('Ctrl Pts',(43.9019014658757,-86.1626402547824,129.822678373743));
#4241=CARTESIAN_POINT('Ctrl Pts',(70.4799909963265,-68.185171023588,130.371697981586));
#4242=CARTESIAN_POINT('Ctrl Pts',(93.7024183108369,-34.3229515960646,131.05797249139));
#4243=CARTESIAN_POINT('Ctrl Pts',(97.8470533999164,6.52743994333257,131.744247001193));
#4244=CARTESIAN_POINT('Ctrl Pts',(89.1694476320352,37.4189460437393,132.293266609037));
#4245=CARTESIAN_POINT('Ctrl Pts',(77.188796597118,58.2901567982451,132.705031314919));
#4246=CARTESIAN_POINT('Ctrl Pts',(60.3926459111772,75.5253733930789,133.116796020801));
#4247=CARTESIAN_POINT('Ctrl Pts',(33.0559001778978,92.3253715466104,133.665815628644));
#4248=CARTESIAN_POINT('Ctrl Pts',(-7.37096686660555,99.5184919035297,134.352090138449));
#4249=CARTESIAN_POINT('Ctrl Pts',(-46.2927151726974,86.4489756279771,135.038364648252));
#4250=CARTESIAN_POINT('Ctrl Pts',(-70.8614890465591,65.8058171542806,135.587384256096));
#4251=CARTESIAN_POINT('Ctrl Pts',(-84.9277500604285,46.2836354097874,135.999148961978));
#4252=CARTESIAN_POINT('Ctrl Pts',(-93.7184416170187,23.8771337045548,136.41091366786));
#4253=CARTESIAN_POINT('Ctrl Pts',(-96.7172581576034,6.7119049057023E-13,
136.822678373743));
#4254=CARTESIAN_POINT('Ctrl Pts',(-93.718441617019,-23.8771337045535,137.234443079625));
#4255=CARTESIAN_POINT('Ctrl Pts',(-84.9277500604292,-46.2836354097862,137.646207785507));
#4256=CARTESIAN_POINT('Ctrl Pts',(-70.86148904656,-65.8058171542796,138.05797249139));
#4257=CARTESIAN_POINT('Ctrl Pts',(-46.2927151726986,-86.4489756279766,138.606992099233));
#4258=CARTESIAN_POINT('Ctrl Pts',(-7.37096686660685,-99.5184919035296,139.293266609037));
#4259=CARTESIAN_POINT('Ctrl Pts',(33.0559001778965,-92.3253715466109,139.979541118841));
#4260=CARTESIAN_POINT('Ctrl Pts',(60.3926459111762,-75.5253733930797,140.528560726684));
#4261=CARTESIAN_POINT('Ctrl Pts',(77.1887965971172,-58.2901567982463,140.940325432566));
#4262=CARTESIAN_POINT('Ctrl Pts',(89.1694476320346,-37.4189460437405,141.352090138449));
#4263=CARTESIAN_POINT('Ctrl Pts',(97.8470533999166,-6.52743994333387,141.901109746291));
#4264=CARTESIAN_POINT('Ctrl Pts',(93.7024183108371,34.3229515960633,142.587384256096));
#4265=CARTESIAN_POINT('Ctrl Pts',(70.4799909963275,68.1851710235871,143.273658765899));
#4266=CARTESIAN_POINT('Ctrl Pts',(43.9019014658768,86.1626402547817,143.822678373743));
#4267=CARTESIAN_POINT('Ctrl Pts',(21.2744385084503,94.3569440056274,144.234443079625));
#4268=CARTESIAN_POINT('Ctrl Pts',(-2.68011176640793,96.6653773926478,144.646207785507));
#4269=CARTESIAN_POINT('Ctrl Pts',(-34.4011796447043,91.832474088243,145.19522739335));
#4270=CARTESIAN_POINT('Ctrl Pts',(-69.9077870816002,71.21176492852,145.881501903154));
#4271=CARTESIAN_POINT('Ctrl Pts',(-91.1810970802972,36.0922704327572,146.567776412958));
#4272=CARTESIAN_POINT('Ctrl Pts',(-96.599346688581,4.46592287049933,147.116796020801));
#4273=CARTESIAN_POINT('Ctrl Pts',(-94.7339603351345,-19.5271895181345,147.528560726684));
#4274=CARTESIAN_POINT('Ctrl Pts',(-86.9591880607176,-42.3022202278836,147.940325432566));
#4275=CARTESIAN_POINT('Ctrl Pts',(-69.4759194236372,-69.2079556554352,148.489345040409));
#4276=CARTESIAN_POINT('Ctrl Pts',(-36.0486135269735,-93.0521978810855,149.175619550213));
#4277=CARTESIAN_POINT('Ctrl Pts',(4.71822578404852,-97.9509206480301,149.861894060017));
#4278=CARTESIAN_POINT('Ctrl Pts',(35.7647938965637,-89.8457441075512,150.41091366786));
#4279=CARTESIAN_POINT('Ctrl Pts',(56.8538589992165,-78.2526236321601,150.822678373743));
#4280=CARTESIAN_POINT('Ctrl Pts',(74.3964512776851,-61.778202094676,151.234443079625));
#4281=CARTESIAN_POINT('Ctrl Pts',(91.6988494135411,-34.755798463854,151.783462687468));
#4282=CARTESIAN_POINT('Ctrl Pts',(99.6375333448076,5.52955827097577,152.469737197272));
#4283=CARTESIAN_POINT('Ctrl Pts',(87.2899170205775,44.6890914774102,153.156011707076));
#4284=CARTESIAN_POINT('Ctrl Pts',(67.1036691116443,69.6309974698082,153.705031314919));
#4285=CARTESIAN_POINT('Ctrl Pts',(47.8458645619797,84.0631169570445,154.116796020801));
#4286=CARTESIAN_POINT('Ctrl Pts',(25.603494655379,93.2514840543124,154.528560726684));
#4287=CARTESIAN_POINT('Ctrl Pts',(-6.14928026712653,97.871501790301,155.077580334527));
#4288=CARTESIAN_POINT('Ctrl Pts',(-46.1237191577163,88.4919013066894,155.763854844331));
#4289=CARTESIAN_POINT('Ctrl Pts',(-76.7073232452293,61.0952622634801,156.450129354135));
#4290=CARTESIAN_POINT('Ctrl Pts',(-91.1060376685165,32.4201807096293,156.999148961978));
#4291=CARTESIAN_POINT('Ctrl Pts',(-96.3129480311915,8.92470894489025,157.41091366786));
#4292=CARTESIAN_POINT('Ctrl Pts',(-95.5119768198587,-15.1274750326881,157.822678373743));
#4293=CARTESIAN_POINT('Ctrl Pts',(-86.6274602806152,-45.9600656638203,158.371697981586));
#4294=CARTESIAN_POINT('Ctrl Pts',(-61.5987193851745,-78.5099473692245,159.05797249139));
#4295=CARTESIAN_POINT('Ctrl Pts',(-24.028418346974,-95.0751262015209,159.744247001194));
#4296=CARTESIAN_POINT('Ctrl Pts',(8.03263127350306,-96.3683301283447,160.293266609037));
#4297=CARTESIAN_POINT('Ctrl Pts',(31.584640588474,-91.4234371871195,160.705031314919));
#4298=CARTESIAN_POINT('Ctrl Pts',(53.1664394167728,-80.7756642600006,161.116796020802));
#4299=CARTESIAN_POINT('Ctrl Pts',(77.5920412940092,-59.9676549343152,161.665815628644));
#4300=CARTESIAN_POINT('Ctrl Pts',(96.9249613312606,-23.7437557422047,162.352090138448));
#4301=CARTESIAN_POINT('Ctrl Pts',(96.5238634537963,17.3143955841719,163.038364648252));
#4302=CARTESIAN_POINT('Ctrl Pts',(84.481425165379,47.0559987560372,163.587384256095));
#4303=CARTESIAN_POINT('Ctrl Pts',(70.2646958675931,66.4733548336843,163.999148961978));
#4304=CARTESIAN_POINT('Ctrl Pts',(51.6649424776586,81.7441859442121,164.41091366786));
#4305=CARTESIAN_POINT('Ctrl Pts',(22.6363234540546,95.4161483763401,164.959933275703));
#4306=CARTESIAN_POINT('Ctrl Pts',(-18.3365208665436,98.0917227309349,165.646207785507));
#4307=CARTESIAN_POINT('Ctrl Pts',(-55.5760314173481,80.79572539677,166.332482295311));
#4308=CARTESIAN_POINT('Ctrl Pts',(-77.7055300257885,57.5606534041526,166.881501903154));
#4309=CARTESIAN_POINT('Ctrl Pts',(-89.5328230612427,36.6020215684115,167.293266609037));
#4310=CARTESIAN_POINT('Ctrl Pts',(-95.7751702619494,13.3602012782862,167.705031314919));
#4311=CARTESIAN_POINT('Ctrl Pts',(-96.2605032553333,-18.7232482097067,168.254050922762));
#4312=CARTESIAN_POINT('Ctrl Pts',(-81.8026008916381,-57.153727377794,168.940325432566));
#4313=CARTESIAN_POINT('Ctrl Pts',(-50.6896081436532,-83.9476511686612,169.62659994237));
#4314=CARTESIAN_POINT('Ctrl Pts',(-20.3966927477953,-94.5269968942932,170.175619550213));
#4315=CARTESIAN_POINT('Ctrl Pts',(3.57415455355972,-96.6595044857853,170.587384256096));
#4316=CARTESIAN_POINT('Ctrl Pts',(27.3220505516481,-92.7625127438605,170.999148961978));
#4317=CARTESIAN_POINT('Ctrl Pts',(56.7509298270528,-79.9748490105311,171.548168569821));
#4318=CARTESIAN_POINT('Ctrl Pts',(85.8001593934703,-50.9563216281058,172.234443079625));
#4319=CARTESIAN_POINT('Ctrl Pts',(97.3803917139723,-11.563036803783,172.920717589429));
#4320=CARTESIAN_POINT('Ctrl Pts',(94.5269402460433,20.3969552782445,173.469737197272));
#4321=CARTESIAN_POINT('Ctrl Pts',(86.5851726416649,43.1142930688107,173.881501903154));
#4322=CARTESIAN_POINT('Ctrl Pts',(73.2423299593221,63.1422150310829,174.293266609037));
#4323=CARTESIAN_POINT('Ctrl Pts',(49.4572943819257,84.679516666735,174.84228621688));
#4324=CARTESIAN_POINT('Ctrl Pts',(11.0421253593068,99.1780496549575,175.528560726684));
#4325=CARTESIAN_POINT('Ctrl Pts',(-29.6212312990278,93.4838337191078,176.214835236487));
#4326=CARTESIAN_POINT('Ctrl Pts',(-57.5608692160741,77.7053701618603,176.763854844331));
#4327=CARTESIAN_POINT('Ctrl Pts',(-74.9820404302792,61.1026022450944,177.175619550213));
#4328=CARTESIAN_POINT('Ctrl Pts',(-87.7259254821178,40.6883302091352,177.587384256096));
#4329=CARTESIAN_POINT('Ctrl Pts',(-97.538985394161,10.138581694201,178.136403863938));
#4330=CARTESIAN_POINT('Ctrl Pts',(-94.9067396939683,-30.837069031819,178.822678373743));
#4331=CARTESIAN_POINT('Ctrl Pts',(-72.9513879989529,-65.5342620277254,179.508952883547));
#4332=CARTESIAN_POINT('Ctrl Pts',(-47.0557641249687,-84.4815558540265,180.057972491389));
#4333=CARTESIAN_POINT('Ctrl Pts',(-24.7465365046469,-93.5063811685301,180.469737197272));
#4334=CARTESIAN_POINT('Ctrl Pts',(-0.893650801729962,-96.6983950494849,
180.881501903154));
#4335=CARTESIAN_POINT('Ctrl Pts',(30.9843392726278,-93.0409330903933,181.430521510997));
#4336=CARTESIAN_POINT('Ctrl Pts',(67.2286620080113,-73.7463291996585,182.116796020802));
#4337=CARTESIAN_POINT('Ctrl Pts',(89.7851627187436,-39.436899802863,182.803070530605));
#4338=CARTESIAN_POINT('Ctrl Pts',(96.3683524370594,-8.03236362899586,183.352090138448));
#4339=CARTESIAN_POINT('Ctrl Pts',(95.3908217568585,16.0132917528375,183.763854844331));
#4340=CARTESIAN_POINT('Ctrl Pts',(88.4629305895358,39.0600579673493,184.175619550213));
#4341=CARTESIAN_POINT('Ctrl Pts',(71.9858093105153,66.5934513927792,184.724639158056));
#4342=CARTESIAN_POINT('Ctrl Pts',(39.4624127053261,91.6565985037977,185.410913667861));
#4343=CARTESIAN_POINT('Ctrl Pts',(-1.09557012603947,98.0583715783168,186.097188177664));
#4344=CARTESIAN_POINT('Ctrl Pts',(-32.4204337389771,91.1059476273547,186.646207785507));
#4345=CARTESIAN_POINT('Ctrl Pts',(-53.9234794562882,80.3000171328595,187.05797249139));
#4346=CARTESIAN_POINT('Ctrl Pts',(-72.0628457799706,64.4850717220185,187.469737197272));
#4347=CARTESIAN_POINT('Ctrl Pts',(-90.3519457479531,38.1204723219857,188.018756805115));
#4348=CARTESIAN_POINT('Ctrl Pts',(-99.7738123716185,-1.84402566276117,188.705031314919));
#4349=CARTESIAN_POINT('Ctrl Pts',(-88.8816321933275,-41.4330782001816,189.391305824723));
#4350=CARTESIAN_POINT('Ctrl Pts',(-69.6308111020369,-67.1038624981763,189.940325432566));
#4351=CARTESIAN_POINT('Ctrl Pts',(-50.9194469289094,-82.2377304688318,190.352090138449));
#4352=CARTESIAN_POINT('Ctrl Pts',(-29.031791164499,-92.2417113820133,190.763854844331));
#4353=CARTESIAN_POINT('Ctrl Pts',(2.52858193994002,-98.0318865668988,191.312874452174));
#4354=CARTESIAN_POINT('Ctrl Pts',(42.822310994459,-90.1358072405506,191.999148961978));
#4355=CARTESIAN_POINT('Ctrl Pts',(74.3973752106602,-63.8879884818466,192.685423471782));
#4356=CARTESIAN_POINT('Ctrl Pts',(89.8458434364907,-35.7645443713086,193.234443079625));
#4357=CARTESIAN_POINT('Ctrl Pts',(95.9173907031139,-12.4775217457819,193.646207785508));
#4358=CARTESIAN_POINT('Ctrl Pts',(96.0057307684989,11.5878331239363,194.057972491389));
#4359=CARTESIAN_POINT('Ctrl Pts',(88.2665922735836,42.7276631575061,194.606992099233));
#4360=CARTESIAN_POINT('Ctrl Pts',(64.4577114368232,76.1801647552634,195.293266609036));
#4361=CARTESIAN_POINT('Ctrl Pts',(27.5251768501428,94.1223095225605,195.979541118841));
#4362=CARTESIAN_POINT('Ctrl Pts',(-4.46619117758003,96.599334124346,196.528560726684));
#4363=CARTESIAN_POINT('Ctrl Pts',(-28.1848370951749,92.5281003054138,196.940325432566));
#4364=CARTESIAN_POINT('Ctrl Pts',(-50.1453480276807,82.6850789930353,197.352090138449));
#4365=CARTESIAN_POINT('Ctrl Pts',(-75.3231558317518,62.7938428991088,197.901109746292));
#4366=CARTESIAN_POINT('Ctrl Pts',(-95.9814000362274,27.3090628344786,198.587384256096));
#4367=CARTESIAN_POINT('Ctrl Pts',(-97.0977363381464,-13.7358694118776,199.2736587659));
#4368=CARTESIAN_POINT('Ctrl Pts',(-86.1625191422483,-43.9021470085847,199.822678373742));
#4369=CARTESIAN_POINT('Ctrl Pts',(-72.6729994367779,-63.8315716638119,200.234443079625));
#4370=CARTESIAN_POINT('Ctrl Pts',(-54.6502286662155,-79.7792624911516,200.646207785507));
#4371=CARTESIAN_POINT('Ctrl Pts',(-26.1466339549949,-94.5145387933297,201.19522739335));
#4372=CARTESIAN_POINT('Ctrl Pts',(14.6993618930336,-98.7022939234416,201.881501903155));
#4373=CARTESIAN_POINT('Ctrl Pts',(52.5525531327569,-82.7941644665921,202.567776412958));
#4374=CARTESIAN_POINT('Ctrl Pts',(75.5255093731242,-60.3926787850301,203.116796020801));
#4375=CARTESIAN_POINT('Ctrl Pts',(88.1191779502402,-39.8853966456921,203.528560726684));
#4376=CARTESIAN_POINT('Ctrl Pts',(95.2160821114953,-16.8901132097652,203.940325432566));
#4377=CARTESIAN_POINT('Ctrl Pts',(96.8866152157912,15.1534914300144,204.489345040409));
#4378=CARTESIAN_POINT('Ctrl Pts',(83.8586505573724,54.0919660625156,205.175619550213));
#4379=CARTESIAN_POINT('Ctrl Pts',(53.756981770796,82.0172629474224,205.861894060017));
#4380=CARTESIAN_POINT('Ctrl Pts',(23.8756773013641,93.7087522609432,206.41091366786));
#4381=CARTESIAN_POINT('Ctrl Pts',(1.00191325808694E-12,96.7255622274188,
206.822678373742));
#4382=CARTESIAN_POINT('Ctrl Pts',(-23.8756773013622,93.7087522609438,207.234443079625));
#4383=CARTESIAN_POINT('Ctrl Pts',(-53.7569817707943,82.0172629474235,207.783462687468));
#4384=CARTESIAN_POINT('Ctrl Pts',(-83.8586505573716,54.091966062517,208.469737197272));
#4385=CARTESIAN_POINT('Ctrl Pts',(-96.8866152157914,15.1534914300151,209.156011707076));
#4386=CARTESIAN_POINT('Ctrl Pts',(-95.2160821114953,-16.8901132097655,209.705031314919));
#4387=CARTESIAN_POINT('Ctrl Pts',(-88.1191779502399,-39.8853966456927,210.116796020801));
#4388=CARTESIAN_POINT('Ctrl Pts',(-75.525509373124,-60.3926787850303,210.528560726684));
#4389=CARTESIAN_POINT('Ctrl Pts',(-52.5525531327572,-82.7941644665915,211.077580334527));
#4390=CARTESIAN_POINT('Ctrl Pts',(-14.6993618930348,-98.7022939234416,211.763854844331));
#4391=CARTESIAN_POINT('Ctrl Pts',(26.1466339549943,-94.5145387933299,212.450129354134));
#4392=CARTESIAN_POINT('Ctrl Pts',(54.6502286662158,-79.7792624911516,212.999148961978));
#4393=CARTESIAN_POINT('Ctrl Pts',(72.6729994367784,-63.8315716638112,213.41091366786));
#4394=CARTESIAN_POINT('Ctrl Pts',(86.1625191422484,-43.9021470085845,213.822678373743));
#4395=CARTESIAN_POINT('Ctrl Pts',(97.0977363381461,-13.7358694118781,214.371697981585));
#4396=CARTESIAN_POINT('Ctrl Pts',(95.9814000362279,27.3090628344775,215.05797249139));
#4397=CARTESIAN_POINT('Ctrl Pts',(75.3231558317522,62.7938428991083,215.744247001193));
#4398=CARTESIAN_POINT('Ctrl Pts',(50.1453480276806,82.6850789930356,216.293266609037));
#4399=CARTESIAN_POINT('Ctrl Pts',(28.1848370951741,92.528100305414,216.705031314919));
#4400=CARTESIAN_POINT('Ctrl Pts',(4.46619117757974,96.5993341243458,217.116796020802));
#4401=CARTESIAN_POINT('Ctrl Pts',(-27.5251768501421,94.1223095225605,217.665815628644));
#4402=CARTESIAN_POINT('Ctrl Pts',(-64.4577114368219,76.1801647552645,218.352090138449));
#4403=CARTESIAN_POINT('Ctrl Pts',(-88.2665922735826,42.7276631575079,219.038364648252));
#4404=CARTESIAN_POINT('Ctrl Pts',(-96.005730768499,11.5878331239379,219.587384256096));
#4405=CARTESIAN_POINT('Ctrl Pts',(-95.9173907031139,-12.4775217457814,219.999148961978));
#4406=CARTESIAN_POINT('Ctrl Pts',(-89.845843436491,-35.764544371308,220.41091366786));
#4407=CARTESIAN_POINT('Ctrl Pts',(-74.3973752106608,-63.8879884818455,220.959933275703));
#4408=CARTESIAN_POINT('Ctrl Pts',(-42.8223109944614,-90.1358072405493,221.646207785507));
#4409=CARTESIAN_POINT('Ctrl Pts',(-2.52858193994242,-98.0318865668989,222.332482295311));
#4410=CARTESIAN_POINT('Ctrl Pts',(29.0317911644975,-92.2417113820138,222.881501903154));
#4411=CARTESIAN_POINT('Ctrl Pts',(50.919446928909,-82.2377304688322,223.293266609037));
#4412=CARTESIAN_POINT('Ctrl Pts',(69.6308111020363,-67.1038624981767,223.705031314919));
#4413=CARTESIAN_POINT('Ctrl Pts',(88.8816321933268,-41.4330782001829,224.254050922762));
#4414=CARTESIAN_POINT('Ctrl Pts',(99.7738123716184,-1.84402566276371,224.940325432567));
#4415=CARTESIAN_POINT('Ctrl Pts',(90.351945747954,38.1204723219835,225.62659994237));
#4416=CARTESIAN_POINT('Ctrl Pts',(72.0628457799719,64.4850717220174,226.175619550213));
#4417=CARTESIAN_POINT('Ctrl Pts',(53.9234794562886,80.3000171328592,226.587384256096));
#4418=CARTESIAN_POINT('Ctrl Pts',(32.4204337389777,91.1059476273545,226.999148961978));
#4419=CARTESIAN_POINT('Ctrl Pts',(1.095570126041,98.0583715783166,227.548168569821));
#4420=CARTESIAN_POINT('Ctrl Pts',(-39.4624127053238,91.6565985037987,228.234443079625));
#4421=CARTESIAN_POINT('Ctrl Pts',(-71.9858093105136,66.5934513927812,228.920717589429));
#4422=CARTESIAN_POINT('Ctrl Pts',(-88.4629305895353,39.0600579673507,229.469737197272));
#4423=CARTESIAN_POINT('Ctrl Pts',(-95.3908217568584,16.0132917528382,229.881501903154));
#4424=CARTESIAN_POINT('Ctrl Pts',(-96.3683524370595,-8.03236362899532,230.293266609037));
#4425=CARTESIAN_POINT('Ctrl Pts',(-89.7851627187439,-39.4368998028613,230.84228621688));
#4426=CARTESIAN_POINT('Ctrl Pts',(-67.2286620080134,-73.746329199657,231.528560726684));
#4427=CARTESIAN_POINT('Ctrl Pts',(-30.9843392726301,-93.0409330903925,232.214835236488));
#4428=CARTESIAN_POINT('Ctrl Pts',(0.893650801728391,-96.6983950494851,232.763854844331));
#4429=CARTESIAN_POINT('Ctrl Pts',(24.7465365046463,-93.5063811685302,233.175619550213));
#4430=CARTESIAN_POINT('Ctrl Pts',(47.0557641249681,-84.4815558540269,233.587384256095));
#4431=CARTESIAN_POINT('Ctrl Pts',(72.9513879989516,-65.5342620277263,234.136403863939));
#4432=CARTESIAN_POINT('Ctrl Pts',(94.9067396939677,-30.8370690318214,234.822678373742));
#4433=CARTESIAN_POINT('Ctrl Pts',(97.5389853941613,10.1385816941986,235.508952883546));
#4434=CARTESIAN_POINT('Ctrl Pts',(87.7259254821185,40.6883302091338,236.05797249139));
#4435=CARTESIAN_POINT('Ctrl Pts',(74.9820404302797,61.1026022450939,236.469737197272));
#4436=CARTESIAN_POINT('Ctrl Pts',(57.5608692160746,77.7053701618599,236.881501903154));
#4437=CARTESIAN_POINT('Ctrl Pts',(29.6212312990291,93.4838337191071,237.430521510997));
#4438=CARTESIAN_POINT('Ctrl Pts',(-11.042125359304,99.1780496549578,238.116796020802));
#4439=CARTESIAN_POINT('Ctrl Pts',(-49.4572943819238,84.6795166667363,238.803070530605));
#4440=CARTESIAN_POINT('Ctrl Pts',(-73.242329959321,63.1422150310841,239.352090138449));
#4441=CARTESIAN_POINT('Ctrl Pts',(-86.5851726416648,43.1142930688112,239.763854844331));
#4442=CARTESIAN_POINT('Ctrl Pts',(-94.526940246043,20.3969552782451,240.175619550213));
#4443=CARTESIAN_POINT('Ctrl Pts',(-97.3803917139722,-11.5630368037809,240.724639158056));
#4444=CARTESIAN_POINT('Ctrl Pts',(-85.8001593934721,-50.9563216281028,241.41091366786));
#4445=CARTESIAN_POINT('Ctrl Pts',(-56.7509298270557,-79.9748490105292,242.097188177664));
#4446=CARTESIAN_POINT('Ctrl Pts',(-27.3220505516505,-92.76251274386,242.646207785507));
#4447=CARTESIAN_POINT('Ctrl Pts',(-3.57415455356171,-96.6595044857851,243.05797249139));
#4448=CARTESIAN_POINT('Ctrl Pts',(20.396692747793,-94.5269968942939,243.469737197272));
#4449=CARTESIAN_POINT('Ctrl Pts',(50.6896081436501,-83.9476511686626,244.018756805115));
#4450=CARTESIAN_POINT('Ctrl Pts',(81.8026008916359,-57.1537273777974,244.705031314919));
#4451=CARTESIAN_POINT('Ctrl Pts',(96.2605032553327,-18.7232482097101,245.391305824723));
#4452=CARTESIAN_POINT('Ctrl Pts',(95.7751702619499,13.3602012782837,245.940325432566));
#4453=CARTESIAN_POINT('Ctrl Pts',(89.5328230612434,36.6020215684097,246.352090138449));
#4454=CARTESIAN_POINT('Ctrl Pts',(77.7055300257899,57.5606534041506,246.763854844331));
#4455=CARTESIAN_POINT('Ctrl Pts',(55.5760314173508,80.7957253967679,247.312874452174));
#4456=CARTESIAN_POINT('Ctrl Pts',(18.3365208665475,98.0917227309343,247.999148961978));
#4457=CARTESIAN_POINT('Ctrl Pts',(-22.6363234540514,95.4161483763411,248.685423471782));
#4458=CARTESIAN_POINT('Ctrl Pts',(-51.6649424776566,81.7441859442135,249.234443079625));
#4459=CARTESIAN_POINT('Ctrl Pts',(-70.2646958675919,66.4733548336858,249.646207785507));
#4460=CARTESIAN_POINT('Ctrl Pts',(-84.4814251653776,47.0559987560394,250.05797249139));
#4461=CARTESIAN_POINT('Ctrl Pts',(-96.5238634537958,17.3143955841752,250.606992099233));
#4462=CARTESIAN_POINT('Ctrl Pts',(-96.9249613312614,-23.7437557422009,251.293266609036));
#4463=CARTESIAN_POINT('Ctrl Pts',(-77.5920412940115,-59.9676549343125,251.979541118841));
#4464=CARTESIAN_POINT('Ctrl Pts',(-53.1664394167748,-80.7756642599994,252.528560726684));
#4465=CARTESIAN_POINT('Ctrl Pts',(-31.5846405884759,-91.4234371871188,252.940325432566));
#4466=CARTESIAN_POINT('Ctrl Pts',(-8.03263127350549,-96.3683301283446,253.352090138449));
#4467=CARTESIAN_POINT('Ctrl Pts',(24.0284183469716,-95.0751262015214,253.901109746291));
#4468=CARTESIAN_POINT('Ctrl Pts',(61.5987193851731,-78.5099473692259,254.587384256096));
#4469=CARTESIAN_POINT('Ctrl Pts',(86.6274602806145,-45.9600656638217,255.2736587659));
#4470=CARTESIAN_POINT('Ctrl Pts',(95.5119768198585,-15.1274750326895,255.822678373742));
#4471=CARTESIAN_POINT('Ctrl Pts',(96.3129480311915,8.92470894488809,256.234443079625));
#4472=CARTESIAN_POINT('Ctrl Pts',(91.1060376685174,32.4201807096282,256.646207785507));
#4473=CARTESIAN_POINT('Ctrl Pts',(76.7073232452292,61.0952622634791,257.195227393351));
#4474=CARTESIAN_POINT('Ctrl Pts',(46.1237191577174,88.4919013066907,257.881501903154));
#4475=CARTESIAN_POINT('Ctrl Pts',(6.1492802671257,97.8715017902989,258.567776412958));
#4476=CARTESIAN_POINT('Ctrl Pts',(-25.6034946553756,93.2514840543152,259.116796020801));
#4477=CARTESIAN_POINT('Ctrl Pts',(-47.845864561982,84.0631169570402,259.528560726684));
#4478=CARTESIAN_POINT('Ctrl Pts',(-67.1036691116358,69.6309974698192,259.940325432566));
#4479=CARTESIAN_POINT('Ctrl Pts',(-87.2899170205936,44.6890914773893,260.489345040409));
#4480=CARTESIAN_POINT('Ctrl Pts',(-99.6375333447721,5.52955827102285,261.175619550213));
#4481=CARTESIAN_POINT('Ctrl Pts',(-91.6988494135953,-34.7557984639249,261.861894060017));
#4482=CARTESIAN_POINT('Ctrl Pts',(-74.3964512776132,-61.7782020945787,262.410913667861));
#4483=CARTESIAN_POINT('Ctrl Pts',(-56.8538589993752,-78.252623632366,262.822678373742));
#4484=CARTESIAN_POINT('Ctrl Pts',(-35.7647938962753,-89.8457441071689,263.234443079625));
#4485=CARTESIAN_POINT('Ctrl Pts',(-4.71822578468297,-97.9509206488653,263.783462687468));
#4486=CARTESIAN_POINT('Ctrl Pts',(36.0486135283589,-93.0521978792592,264.469737197272));
#4487=CARTESIAN_POINT('Ctrl Pts',(69.4759194215242,-69.2079556582188,265.156011707076));
#4488=CARTESIAN_POINT('Ctrl Pts',(86.9591880635543,-42.3022202241462,265.705031314919));
#4489=CARTESIAN_POINT('Ctrl Pts',(94.7339603290226,-19.5271895261919,266.116796020801));
#4490=CARTESIAN_POINT('Ctrl Pts',(96.5993466998466,4.46592288534384,266.528560726684));
#4491=CARTESIAN_POINT('Ctrl Pts',(91.1810970556632,36.0922704002896,267.077580334527));
#4492=CARTESIAN_POINT('Ctrl Pts',(69.9077871354691,71.2117649995116,267.763854844331));
#4493=CARTESIAN_POINT('Ctrl Pts',(34.4011795626499,91.8324739800985,268.450129354135));
#4494=CARTESIAN_POINT('Ctrl Pts',(2.68011187672189,96.6653775380275,268.999148961978));
#4495=CARTESIAN_POINT('Ctrl Pts',(-21.2744387459688,94.3569436925952,269.41091366786));
#4496=CARTESIAN_POINT('Ctrl Pts',(-43.9019010280272,86.1626408318279,269.822678373742));
#4497=CARTESIAN_POINT('Ctrl Pts',(-70.4799919537784,68.1851697617499,270.371697981586));
#4498=CARTESIAN_POINT('Ctrl Pts',(-93.7024162172156,34.3229543552753,271.057972491389));
#4499=CARTESIAN_POINT('Ctrl Pts',(-97.8470565891357,-6.5274441464446,271.744247001194));
#4500=CARTESIAN_POINT('Ctrl Pts',(-89.1694433446964,-37.4189403933999,272.293266609037));
#4501=CARTESIAN_POINT('Ctrl Pts',(-77.1888058286813,-58.2901689646014,272.705031314919));
#4502=CARTESIAN_POINT('Ctrl Pts',(-60.3926288934891,-75.5253509655778,273.116796020802));
#4503=CARTESIAN_POINT('Ctrl Pts',(-33.055937393489,-92.3254205898124,273.665815628644));
#4504=CARTESIAN_POINT('Ctrl Pts',(7.37104827451291,-99.5183846577106,274.352090138449));
#4505=CARTESIAN_POINT('Ctrl Pts',(46.2925910292142,-86.4491390184015,275.038364648252));
#4506=CARTESIAN_POINT('Ctrl Pts',(70.8616568959502,-65.8055973439202,275.587384256095));
#4507=CARTESIAN_POINT('Ctrl Pts',(84.9273759114286,-46.2841108459295,275.999148961978));
#4508=CARTESIAN_POINT('Ctrl Pts',(93.7192384015507,-23.8762389166166,276.41091366786));
#4509=CARTESIAN_POINT('Ctrl Pts',(95.7166087336287,-7.95969925373013,276.685423471782));
#4510=CARTESIAN_POINT('Ctrl Pts',(95.7166087336288,-1.31309021823146E-12,
276.822678373743));
#4511=CARTESIAN_POINT('Ctrl Pts',(94.8324033834606,0.,-0.27154663547549));
#4512=CARTESIAN_POINT('Ctrl Pts',(94.8324033834606,7.88645351466508,-0.134291733514706));
#4513=CARTESIAN_POINT('Ctrl Pts',(92.8534842434723,23.6554817161794,0.140218070406862));
#4514=CARTESIAN_POINT('Ctrl Pts',(84.1428387119808,45.8566396853719,0.551982776289216));
#4515=CARTESIAN_POINT('Ctrl Pts',(70.207055181807,65.1976622571839,0.963747482171569));
#4516=CARTESIAN_POINT('Ctrl Pts',(45.8649520102121,85.6505736824373,1.5127670900147));
#4517=CARTESIAN_POINT('Ctrl Pts',(7.30295643123906,98.5990401281223,2.19904159981863));
#4518=CARTESIAN_POINT('Ctrl Pts',(-32.7505751675918,91.4725510083153,2.88531610962255));
#4519=CARTESIAN_POINT('Ctrl Pts',(-59.8347373605046,74.8276632027197,3.43433571746569));
#4520=CARTESIAN_POINT('Ctrl Pts',(-76.4757555442014,57.751701608843,3.84610042334803));
#4521=CARTESIAN_POINT('Ctrl Pts',(-88.3457190201502,37.0732728516385,4.2578651292304));
#4522=CARTESIAN_POINT('Ctrl Pts',(-96.9431707110319,6.46714605871999,4.80688473707353));
#4523=CARTESIAN_POINT('Ctrl Pts',(-92.8368174581382,-34.0058882510935,5.49315924687745));
#4524=CARTESIAN_POINT('Ctrl Pts',(-69.828915961954,-67.5552925179898,6.17943375668138));
#4525=CARTESIAN_POINT('Ctrl Pts',(-43.4963465867972,-85.3666926776522,6.7284533645245));
#4526=CARTESIAN_POINT('Ctrl Pts',(-21.0779109666243,-93.4852985210111,7.14021807040687));
#4527=CARTESIAN_POINT('Ctrl Pts',(2.65535369429164,-95.7724077325152,7.55198277628921));
#4528=CARTESIAN_POINT('Ctrl Pts',(34.0833903364756,-90.9841492457215,8.10100238413236));
#4529=CARTESIAN_POINT('Ctrl Pts',(69.2619970242082,-70.5539290897897,8.78727689393626));
#4530=CARTESIAN_POINT('Ctrl Pts',(90.3387895928567,-35.7588593071641,9.4735514037402));
#4531=CARTESIAN_POINT('Ctrl Pts',(95.7069868439678,-4.42466784398334,10.0225710115833));
#4532=CARTESIAN_POINT('Ctrl Pts',(93.8588324314325,19.3468023860459,10.4343357174657));
#4533=CARTESIAN_POINT('Ctrl Pts',(86.1558815073644,41.9114432210138,10.846100423348));
#4534=CARTESIAN_POINT('Ctrl Pts',(68.8341187928449,68.5686304101891,11.3951200311912));
#4535=CARTESIAN_POINT('Ctrl Pts',(35.7156057320149,92.1926056691938,12.0813945409951));
#4536=CARTESIAN_POINT('Ctrl Pts',(-4.67464003151701,97.0460753015107,12.767669050799));
#4537=CARTESIAN_POINT('Ctrl Pts',(-35.4344079525061,89.0157722905007,13.3166886586422));
#4538=CARTESIAN_POINT('Ctrl Pts',(-56.3286577101716,77.5297460733699,13.7284533645245));
#4539=CARTESIAN_POINT('Ctrl Pts',(-73.7091960444451,61.2075109936292,14.1402180704069));
#4540=CARTESIAN_POINT('Ctrl Pts',(-90.8517590880134,34.4347333597967,14.68923767825));
#4541=CARTESIAN_POINT('Ctrl Pts',(-98.7171075040888,-5.4784776375657,15.3755121880539));
#4542=CARTESIAN_POINT('Ctrl Pts',(-86.4835552755787,-44.2762651737663,16.0617866978578));
#4543=CARTESIAN_POINT('Ctrl Pts',(-66.4837827196151,-68.9877642701181,16.610806305701));
#4544=CARTESIAN_POINT('Ctrl Pts',(-47.4038768026087,-83.286563558954,17.0225710115833));
#4545=CARTESIAN_POINT('Ctrl Pts',(-25.3669761738219,-92.3900508902818,17.4343357174657));
#4546=CARTESIAN_POINT('Ctrl Pts',(6.09247480165987,-96.9673900937303,17.9833553253088));
#4547=CARTESIAN_POINT('Ctrl Pts',(45.6976401335182,-87.6744359407824,18.6696298351127));
#4548=CARTESIAN_POINT('Ctrl Pts',(75.9987207727025,-60.5308799846037,19.3559043449167));
#4549=CARTESIAN_POINT('Ctrl Pts',(90.2644235849749,-32.1206914400431,19.9049239527598));
#4550=CARTESIAN_POINT('Ctrl Pts',(95.4232338523632,-8.84226478496613,20.3166886586421));
#4551=CARTESIAN_POINT('Ctrl Pts',(94.6296618065441,14.9877313190799,20.7284533645245));
#4552=CARTESIAN_POINT('Ctrl Pts',(85.8272181401442,45.5354984283984,21.2774729723676));
#4553=CARTESIAN_POINT('Ctrl Pts',(61.0296862992293,77.7846927198623,21.9637474821716));
#4554=CARTESIAN_POINT('Ctrl Pts',(23.8064500142086,94.1968467015729,22.6500219919754));
#4555=CARTESIAN_POINT('Ctrl Pts',(-7.9584278970792,95.4781043439839,23.1990415998186));
#4556=CARTESIAN_POINT('Ctrl Pts',(-31.2928698230771,90.5788910486682,23.6108063057009));
#4557=CARTESIAN_POINT('Ctrl Pts',(-52.6753015588437,80.0294795022344,24.0225710115833));
#4558=CARTESIAN_POINT('Ctrl Pts',(-76.8752660242802,59.4136892011837,24.5715906194265));
#4559=CARTESIAN_POINT('Ctrl Pts',(-96.0295935313792,23.5244170491797,25.2578651292304));
#4560=CARTESIAN_POINT('Ctrl Pts',(-95.6322008926805,-17.1544496624253,25.9441396390343));
#4561=CARTESIAN_POINT('Ctrl Pts',(-83.7010075439294,-46.6213075733055,26.4931592468775));
#4562=CARTESIAN_POINT('Ctrl Pts',(-69.6156087254962,-65.8592911224315,26.9049239527598));
#4563=CARTESIAN_POINT('Ctrl Pts',(-51.1876750612787,-80.9890542328691,27.3166886586421));
#4564=CARTESIAN_POINT('Ctrl Pts',(-22.4272149349471,-94.5347186014766,27.8657082664853));
#4565=CARTESIAN_POINT('Ctrl Pts',(18.1671328150019,-97.1855766901022,28.5519827762892));
#4566=CARTESIAN_POINT('Ctrl Pts',(55.0626343698516,-80.0493553193947,29.2382572860931));
#4567=CARTESIAN_POINT('Ctrl Pts',(76.9877063764196,-57.0289229304911,29.7872768939363));
#4568=CARTESIAN_POINT('Ctrl Pts',(88.7057419285766,-36.2639015312933,30.1990415998186));
#4569=CARTESIAN_POINT('Ctrl Pts',(94.8904239354831,-13.2367831839142,30.6108063057009));
#4570=CARTESIAN_POINT('Ctrl Pts',(95.3712735478213,18.5502876706896,31.1598259135442));
#4571=CARTESIAN_POINT('Ctrl Pts',(81.0469295580723,56.6257559818367,31.846100423348));
#4572=CARTESIAN_POINT('Ctrl Pts',(50.2213506143524,83.1721644137567,32.532374933152));
#4573=CARTESIAN_POINT('Ctrl Pts',(20.2082733596442,93.6537808715461,33.0813945409951));
#4574=CARTESIAN_POINT('Ctrl Pts',(-3.54113743542035,95.766588907792,33.4931592468774));
#4575=CARTESIAN_POINT('Ctrl Pts',(-27.069656493868,91.9055965707076,33.9049239527598));
#4576=CARTESIAN_POINT('Ctrl Pts',(-56.2266793710045,79.2360619775424,34.4539435606029));
#4577=CARTESIAN_POINT('Ctrl Pts',(-85.007559645269,50.4856002684101,35.1402180704068));
#4578=CARTESIAN_POINT('Ctrl Pts',(-96.4808167656518,11.4562204514134,35.8264925802108));
#4579=CARTESIAN_POINT('Ctrl Pts',(-93.6537247465975,-20.2085334649062,36.3755121880539));
#4580=CARTESIAN_POINT('Ctrl Pts',(-85.7853211434988,-42.7160143468152,36.7872768939363));
#4581=CARTESIAN_POINT('Ctrl Pts',(-72.5657362012936,-62.5589235303644,37.1990415998186));
#4582=CARTESIAN_POINT('Ctrl Pts',(-49.0004206493947,-83.8972691270761,37.7480612076618));
#4583=CARTESIAN_POINT('Ctrl Pts',(-10.9401210525399,-98.261868406119,38.4343357174656));
#4584=CARTESIAN_POINT('Ctrl Pts',(29.3475980023649,-92.6202541687846,39.1206102272697));
#4585=CARTESIAN_POINT('Ctrl Pts',(57.0291367487987,-76.9875479892723,39.6696298351127));
#4586=CARTESIAN_POINT('Ctrl Pts',(74.289375675519,-60.5381521613615,40.0813945409951));
#4587=CARTESIAN_POINT('Ctrl Pts',(86.9155360033642,-40.3124619064825,40.4931592468774));
#4588=CARTESIAN_POINT('Ctrl Pts',(96.6379453983175,-10.044924090826,41.0421788547206));
#4589=CARTESIAN_POINT('Ctrl Pts',(94.0300157051572,30.5522041396947,41.7284533645245));
#4590=CARTESIAN_POINT('Ctrl Pts',(72.2774818877324,64.9288734136607,42.4147278743284));
#4591=CARTESIAN_POINT('Ctrl Pts',(46.621075109697,83.7011370253098,42.9637474821716));
#4592=CARTESIAN_POINT('Ctrl Pts',(24.5179343815138,92.6425933306831,43.3755121880539));
#4593=CARTESIAN_POINT('Ctrl Pts',(0.885395486057905,95.8051202104927,43.7872768939363));
#4594=CARTESIAN_POINT('Ctrl Pts',(-30.6981139359943,92.181444941872,44.3362965017794));
#4595=CARTESIAN_POINT('Ctrl Pts',(-66.6076209638441,73.065079626608,45.0225710115834));
#4596=CARTESIAN_POINT('Ctrl Pts',(-88.9557505373891,39.0725918916119,45.7088455213872));
#4597=CARTESIAN_POINT('Ctrl Pts',(-95.4781264466165,7.95816272500171,46.2578651292304));
#4598=CARTESIAN_POINT('Ctrl Pts',(-94.5096259427748,-15.8653650927842,46.6696298351127));
#4599=CARTESIAN_POINT('Ctrl Pts',(-87.645732847642,-38.6992312238042,47.0813945409951));
#4600=CARTESIAN_POINT('Ctrl Pts',(-71.3208229662358,-65.9782782604815,47.6304141488383));
#4601=CARTESIAN_POINT('Ctrl Pts',(-39.0978691124607,-90.8098984812258,48.3166886586421));
#4602=CARTESIAN_POINT('Ctrl Pts',(1.08544953171729,-97.1525336268322,49.002963168446));
#4603=CARTESIAN_POINT('Ctrl Pts',(32.1209421319718,-90.2643343755894,49.5519827762892));
#4604=CARTESIAN_POINT('Ctrl Pts',(53.4253482576832,-79.5582262806042,49.9637474821715));
#4605=CARTESIAN_POINT('Ctrl Pts',(71.3971477926522,-63.8893752574547,50.3755121880539));
#4606=CARTESIAN_POINT('Ctrl Pts',(89.5172977711246,-37.7683252283508,50.9245317958971));
#4607=CARTESIAN_POINT('Ctrl Pts',(98.8521276204257,1.82699102918683,51.610806305701));
#4608=CARTESIAN_POINT('Ctrl Pts',(88.0605665939835,41.0503301076283,52.2970808155048));
#4609=CARTESIAN_POINT('Ctrl Pts',(68.9875796239517,66.4839743197006,52.846100423348));
#4610=CARTESIAN_POINT('Ctrl Pts',(50.4490662081764,81.4780395204352,53.2578651292304));
#4611=CARTESIAN_POINT('Ctrl Pts',(28.7636029638054,91.389606237549,53.6696298351128));
#4612=CARTESIAN_POINT('Ctrl Pts',(-2.50522355199601,97.1262932771203,54.2186494429558));
#4613=CARTESIAN_POINT('Ctrl Pts',(-42.4267295275778,89.3031558955192,54.9049239527598));
#4614=CARTESIAN_POINT('Ctrl Pts',(-73.7101114424385,63.2978077182929,55.5911984625637));
#4615=CARTESIAN_POINT('Ctrl Pts',(-89.015870702313,35.4341607325867,56.1402180704069));
#4616=CARTESIAN_POINT('Ctrl Pts',(-95.031330580885,12.3622576173245,56.5519827762892));
#4617=CARTESIAN_POINT('Ctrl Pts',(-95.1188545835251,-11.4807877095569,56.9637474821716));
#4618=CARTESIAN_POINT('Ctrl Pts',(-87.4512082544247,-42.3329560229366,57.5127670900147));
#4619=CARTESIAN_POINT('Ctrl Pts',(-63.8622677195194,-75.4764320369353,58.1990415998187));
#4620=CARTESIAN_POINT('Ctrl Pts',(-27.2709063639937,-93.2528318974011,58.8853161096224));
#4621=CARTESIAN_POINT('Ctrl Pts',(4.42493365512578,-95.7069743846363,59.4343357174657));
#4622=CARTESIAN_POINT('Ctrl Pts',(27.9244728377812,-91.6733495739224,59.846100423348));
#4623=CARTESIAN_POINT('Ctrl Pts',(49.6821182329904,-81.921255554324,60.2578651292304));
#4624=CARTESIAN_POINT('Ctrl Pts',(74.6273399408718,-62.2137695703148,60.8068847370735));
#4625=CARTESIAN_POINT('Ctrl Pts',(95.0947486122845,-27.0567887538797,61.4931592468775));
#4626=CARTESIAN_POINT('Ctrl Pts',(96.2007724873027,13.6089809921575,62.1794337566813));
#4627=CARTESIAN_POINT('Ctrl Pts',(85.3665720081249,43.4965902950485,62.7284533645245));
#4628=CARTESIAN_POINT('Ctrl Pts',(72.0016650073102,63.2419120642762,63.1402180704069));
#4629=CARTESIAN_POINT('Ctrl Pts',(54.1453839458072,79.0422822359957,63.5519827762891));
#4630=CARTESIAN_POINT('Ctrl Pts',(25.9050980926428,93.6414378553066,64.1010023841324));
#4631=CARTESIAN_POINT('Ctrl Pts',(-14.5635729782173,97.7905075833733,64.7872768939362));
#4632=CARTESIAN_POINT('Ctrl Pts',(-52.0670861980244,82.0293333244041,65.4735514037402));
#4633=CARTESIAN_POINT('Ctrl Pts',(-74.8278241924083,59.8347867911611,66.0225710115833));
#4634=CARTESIAN_POINT('Ctrl Pts',(-87.3051557065894,39.5169456362554,66.4343357174657));
#4635=CARTESIAN_POINT('Ctrl Pts',(-94.3365004971975,16.7340866991873,66.846100423348));
#4636=CARTESIAN_POINT('Ctrl Pts',(-95.9916016474367,-15.0135073836366,67.3951200311912));
#4637=CARTESIAN_POINT('Ctrl Pts',(-83.0839859671642,-53.5922784280879,68.081394540995));
#4638=CARTESIAN_POINT('Ctrl Pts',(-53.2603886348756,-81.2596086211391,68.767669050799));
#4639=CARTESIAN_POINT('Ctrl Pts',(-23.6551199509925,-92.8430949711277,69.3166886586421));
#4640=CARTESIAN_POINT('Ctrl Pts',(-3.56117709770952E-13,-95.8320364250419,
69.7284533645245));
#4641=CARTESIAN_POINT('Ctrl Pts',(23.655119950992,-92.8430949711279,70.1402180704068));
#4642=CARTESIAN_POINT('Ctrl Pts',(53.2603886348749,-81.2596086211393,70.68923767825));
#4643=CARTESIAN_POINT('Ctrl Pts',(83.083985967164,-53.5922784280886,71.375512188054));
#4644=CARTESIAN_POINT('Ctrl Pts',(95.9916016474366,-15.0135073836372,72.0617866978577));
#4645=CARTESIAN_POINT('Ctrl Pts',(94.3365004971977,16.7340866991866,72.6108063057011));
#4646=CARTESIAN_POINT('Ctrl Pts',(87.3051557065895,39.5169456362548,73.0225710115833));
#4647=CARTESIAN_POINT('Ctrl Pts',(74.8278241924088,59.8347867911606,73.4343357174656));
#4648=CARTESIAN_POINT('Ctrl Pts',(52.0670861980248,82.0293333244037,73.9833553253089));
#4649=CARTESIAN_POINT('Ctrl Pts',(14.5635729782183,97.7905075833731,74.6696298351126));
#4650=CARTESIAN_POINT('Ctrl Pts',(-25.9050980926417,93.6414378553067,75.3559043449167));
#4651=CARTESIAN_POINT('Ctrl Pts',(-54.1453839458061,79.0422822359966,75.9049239527596));
#4652=CARTESIAN_POINT('Ctrl Pts',(-72.0016650073096,63.241912064277,76.3166886586422));
#4653=CARTESIAN_POINT('Ctrl Pts',(-85.3665720081244,43.4965902950494,76.7284533645244));
#4654=CARTESIAN_POINT('Ctrl Pts',(-96.2007724873027,13.6089809921581,77.2774729723677));
#4655=CARTESIAN_POINT('Ctrl Pts',(-95.0947486122846,-27.0567887538789,77.9637474821715));
#4656=CARTESIAN_POINT('Ctrl Pts',(-74.6273399408723,-62.2137695703143,78.6500219919755));
#4657=CARTESIAN_POINT('Ctrl Pts',(-49.6821182329909,-81.9212555543236,79.1990415998186));
#4658=CARTESIAN_POINT('Ctrl Pts',(-27.9244728377818,-91.6733495739223,79.6108063057009));
#4659=CARTESIAN_POINT('Ctrl Pts',(-4.42493365512646,-95.7069743846361,80.0225710115834));
#4660=CARTESIAN_POINT('Ctrl Pts',(27.2709063639931,-93.2528318974014,80.5715906194263));
#4661=CARTESIAN_POINT('Ctrl Pts',(63.8622677195188,-75.4764320369356,81.2578651292304));
#4662=CARTESIAN_POINT('Ctrl Pts',(87.4512082544245,-42.3329560229372,81.9441396390342));
#4663=CARTESIAN_POINT('Ctrl Pts',(95.118854583525,-11.4807877095575,82.4931592468775));
#4664=CARTESIAN_POINT('Ctrl Pts',(95.0313305808851,12.3622576173238,82.9049239527598));
#4665=CARTESIAN_POINT('Ctrl Pts',(89.0158707023132,35.4341607325862,83.3166886586421));
#4666=CARTESIAN_POINT('Ctrl Pts',(73.710111442439,63.2978077182921,83.8657082664853));
#4667=CARTESIAN_POINT('Ctrl Pts',(42.4267295275784,89.3031558955191,84.5519827762892));
#4668=CARTESIAN_POINT('Ctrl Pts',(2.50522355199673,97.1262932771203,85.2382572860931));
#4669=CARTESIAN_POINT('Ctrl Pts',(-28.7636029638049,91.3896062375492,85.7872768939363));
#4670=CARTESIAN_POINT('Ctrl Pts',(-50.4490662081757,81.4780395204356,86.1990415998186));
#4671=CARTESIAN_POINT('Ctrl Pts',(-68.9875796239512,66.4839743197011,86.6108063057009));
#4672=CARTESIAN_POINT('Ctrl Pts',(-88.0605665939833,41.050330107629,87.1598259135441));
#4673=CARTESIAN_POINT('Ctrl Pts',(-98.8521276204258,1.82699102918736,87.846100423348));
#4674=CARTESIAN_POINT('Ctrl Pts',(-89.5172977711249,-37.7683252283504,88.532374933152));
#4675=CARTESIAN_POINT('Ctrl Pts',(-71.3971477926525,-63.8893752574543,89.081394540995));
#4676=CARTESIAN_POINT('Ctrl Pts',(-53.4253482576838,-79.5582262806039,89.4931592468775));
#4677=CARTESIAN_POINT('Ctrl Pts',(-32.1209421319724,-90.2643343755892,89.9049239527597));
#4678=CARTESIAN_POINT('Ctrl Pts',(-1.08544953171793,-97.1525336268321,90.453943560603));
#4679=CARTESIAN_POINT('Ctrl Pts',(39.09786911246,-90.8098984812263,91.1402180704067));
#4680=CARTESIAN_POINT('Ctrl Pts',(71.3208229662354,-65.9782782604818,91.8264925802109));
#4681=CARTESIAN_POINT('Ctrl Pts',(87.6457328476417,-38.6992312238049,92.3755121880538));
#4682=CARTESIAN_POINT('Ctrl Pts',(94.5096259427748,-15.8653650927848,92.7872768939363));
#4683=CARTESIAN_POINT('Ctrl Pts',(95.4781264466165,7.958162725001,93.1990415998186));
#4684=CARTESIAN_POINT('Ctrl Pts',(88.9557505373894,39.0725918916113,93.7480612076618));
#4685=CARTESIAN_POINT('Ctrl Pts',(66.6076209638445,73.0650796266074,94.4343357174655));
#4686=CARTESIAN_POINT('Ctrl Pts',(30.698113935995,92.1814449418718,95.1206102272697));
#4687=CARTESIAN_POINT('Ctrl Pts',(-0.885395486057244,95.8051202104926,95.6696298351127));
#4688=CARTESIAN_POINT('Ctrl Pts',(-24.5179343815132,92.6425933306834,96.0813945409951));
#4689=CARTESIAN_POINT('Ctrl Pts',(-46.6210751096962,83.7011370253101,96.4931592468774));
#4690=CARTESIAN_POINT('Ctrl Pts',(-72.2774818877319,64.9288734136613,97.0421788547204));
#4691=CARTESIAN_POINT('Ctrl Pts',(-94.0300157051568,30.5522041396957,97.7284533645246));
#4692=CARTESIAN_POINT('Ctrl Pts',(-96.6379453983176,-10.044924090825,98.4147278743282));
#4693=CARTESIAN_POINT('Ctrl Pts',(-86.9155360033645,-40.3124619064816,98.9637474821716));
#4694=CARTESIAN_POINT('Ctrl Pts',(-74.2893756755195,-60.538152161361,99.3755121880538));
#4695=CARTESIAN_POINT('Ctrl Pts',(-57.0291367487992,-76.987547989272,99.7872768939364));
#4696=CARTESIAN_POINT('Ctrl Pts',(-29.3475980023652,-92.6202541687844,100.336296501779));
#4697=CARTESIAN_POINT('Ctrl Pts',(10.9401210525393,-98.2618684061191,101.022571011583));
#4698=CARTESIAN_POINT('Ctrl Pts',(49.0004206493941,-83.8972691270764,101.708845521387));
#4699=CARTESIAN_POINT('Ctrl Pts',(72.5657362012931,-62.5589235303649,102.25786512923));
#4700=CARTESIAN_POINT('Ctrl Pts',(85.7853211434985,-42.7160143468158,102.669629835113));
#4701=CARTESIAN_POINT('Ctrl Pts',(93.6537247465974,-20.2085334649068,103.081394540995));
#4702=CARTESIAN_POINT('Ctrl Pts',(96.4808167656519,11.4562204514127,103.630414148838));
#4703=CARTESIAN_POINT('Ctrl Pts',(85.0075596452693,50.4856002684097,104.316688658642));
#4704=CARTESIAN_POINT('Ctrl Pts',(56.2266793710051,79.2360619775419,105.002963168446));
#4705=CARTESIAN_POINT('Ctrl Pts',(27.0696564938684,91.9055965707076,105.551982776289));
#4706=CARTESIAN_POINT('Ctrl Pts',(3.54113743542037,95.7665889077919,105.963747482172));
#4707=CARTESIAN_POINT('Ctrl Pts',(-20.2082733596446,93.6537808715461,106.375512188054));
#4708=CARTESIAN_POINT('Ctrl Pts',(-50.2213506143524,83.1721644137564,106.924531795897));
#4709=CARTESIAN_POINT('Ctrl Pts',(-81.0469295580724,56.6257559818369,107.610806305701));
#4710=CARTESIAN_POINT('Ctrl Pts',(-95.3712735478211,18.55028767069,108.297080815505));
#4711=CARTESIAN_POINT('Ctrl Pts',(-94.8904239354833,-13.2367831839136,108.846100423348));
#4712=CARTESIAN_POINT('Ctrl Pts',(-88.7057419285768,-36.2639015312929,109.25786512923));
#4713=CARTESIAN_POINT('Ctrl Pts',(-76.9877063764197,-57.028922930491,109.669629835113));
#4714=CARTESIAN_POINT('Ctrl Pts',(-55.0626343698516,-80.0493553193946,110.218649442956));
#4715=CARTESIAN_POINT('Ctrl Pts',(-18.1671328150022,-97.1855766901022,110.90492395276));
#4716=CARTESIAN_POINT('Ctrl Pts',(22.4272149349466,-94.5347186014767,111.591198462564));
#4717=CARTESIAN_POINT('Ctrl Pts',(51.1876750612783,-80.9890542328694,112.140218070407));
#4718=CARTESIAN_POINT('Ctrl Pts',(69.6156087254961,-65.8592911224318,112.551982776289));
#4719=CARTESIAN_POINT('Ctrl Pts',(83.7010075439293,-46.6213075733057,112.963747482171));
#4720=CARTESIAN_POINT('Ctrl Pts',(95.6322008926804,-17.1544496624256,113.512767090015));
#4721=CARTESIAN_POINT('Ctrl Pts',(96.0295935313794,23.5244170491791,114.199041599818));
#4722=CARTESIAN_POINT('Ctrl Pts',(76.8752660242807,59.413689201183,114.885316109623));
#4723=CARTESIAN_POINT('Ctrl Pts',(52.6753015588444,80.0294795022339,115.434335717466));
#4724=CARTESIAN_POINT('Ctrl Pts',(31.2928698230778,90.578891048668,115.846100423348));
#4725=CARTESIAN_POINT('Ctrl Pts',(7.95842789707959,95.478104343984,116.25786512923));
#4726=CARTESIAN_POINT('Ctrl Pts',(-23.8064500142081,94.1968467015729,116.806884737073));
#4727=CARTESIAN_POINT('Ctrl Pts',(-61.0296862992287,77.7846927198628,117.493159246877));
#4728=CARTESIAN_POINT('Ctrl Pts',(-85.8272181401437,45.5354984283992,118.179433756681));
#4729=CARTESIAN_POINT('Ctrl Pts',(-94.6296618065439,14.987731319081,118.728453364524));
#4730=CARTESIAN_POINT('Ctrl Pts',(-95.4232338523633,-8.84226478496547,119.140218070407));
#4731=CARTESIAN_POINT('Ctrl Pts',(-90.264423584975,-32.1206914400422,119.551982776289));
#4732=CARTESIAN_POINT('Ctrl Pts',(-75.9987207727033,-60.5308799846038,120.101002384132));
#4733=CARTESIAN_POINT('Ctrl Pts',(-45.6976401335181,-87.6744359407805,120.787276893936));
#4734=CARTESIAN_POINT('Ctrl Pts',(-6.09247480166252,-96.9673900937323,121.47355140374));
#4735=CARTESIAN_POINT('Ctrl Pts',(25.3669761738226,-92.3900508902793,122.022571011583));
#4736=CARTESIAN_POINT('Ctrl Pts',(47.4038768026038,-83.2865635589608,122.434335717466));
#4737=CARTESIAN_POINT('Ctrl Pts',(66.4837827196218,-68.9877642701072,122.846100423348));
#4738=CARTESIAN_POINT('Ctrl Pts',(86.4835552755624,-44.276265173792,123.395120031191));
#4739=CARTESIAN_POINT('Ctrl Pts',(98.7171075041238,-5.47847763751186,124.081394540995));
#4740=CARTESIAN_POINT('Ctrl Pts',(90.8517590879603,34.4347333597116,124.767669050799));
#4741=CARTESIAN_POINT('Ctrl Pts',(73.7091960445182,61.2075109937408,125.316688658642));
#4742=CARTESIAN_POINT('Ctrl Pts',(56.3286577100169,77.5297460731267,125.728453364525));
#4743=CARTESIAN_POINT('Ctrl Pts',(35.4344079527941,89.0157722909476,126.140218070407));
#4744=CARTESIAN_POINT('Ctrl Pts',(4.67464003089006,97.0460753005324,126.68923767825));
#4745=CARTESIAN_POINT('Ctrl Pts',(-35.7156057306405,92.1926056713334,127.375512188054));
#4746=CARTESIAN_POINT('Ctrl Pts',(-68.8341187949356,68.5686304069316,128.061786697858));
#4747=CARTESIAN_POINT('Ctrl Pts',(-86.1558815045517,41.9114432253958,128.610806305701));
#4748=CARTESIAN_POINT('Ctrl Pts',(-93.8588324374872,19.3468023766147,129.022571011583));
#4749=CARTESIAN_POINT('Ctrl Pts',(-95.7069868328063,-4.42466782659477,129.434335717466));
#4750=CARTESIAN_POINT('Ctrl Pts',(-90.3387896172641,-35.7588593451863,129.983355325309));
#4751=CARTESIAN_POINT('Ctrl Pts',(-69.2619969708381,-70.5539290066473,130.669629835113));
#4752=CARTESIAN_POINT('Ctrl Pts',(-34.0833904177742,-90.9841493723725,131.355904344916));
#4753=CARTESIAN_POINT('Ctrl Pts',(-2.65535358499998,-95.7724075622555,131.90492395276));
#4754=CARTESIAN_POINT('Ctrl Pts',(21.0779107312965,-93.4852988876161,132.316688658642));
#4755=CARTESIAN_POINT('Ctrl Pts',(43.4963470205995,-85.3666920018527,132.728453364525));
#4756=CARTESIAN_POINT('Ctrl Pts',(69.8289150133465,-67.555293995778,133.277472972367));
#4757=CARTESIAN_POINT('Ctrl Pts',(92.8368195324189,-34.005885019675,133.963747482172));
#4758=CARTESIAN_POINT('Ctrl Pts',(96.9431675512738,6.46714113629002,134.650021991975));
#4759=CARTESIAN_POINT('Ctrl Pts',(88.3457232678844,37.0732794689696,135.199041599819));
#4760=CARTESIAN_POINT('Ctrl Pts',(76.4757463979185,57.7516873603382,135.610806305701));
#4761=CARTESIAN_POINT('Ctrl Pts',(59.8347542209891,74.8276894685112,136.022571011584));
#4762=CARTESIAN_POINT('Ctrl Pts',(32.7505382957895,91.4724935711174,136.571590619426));
#4763=CARTESIAN_POINT('Ctrl Pts',(-7.30287577535615,98.599165736985,137.25786512923));
#4764=CARTESIAN_POINT('Ctrl Pts',(-45.8650750068885,85.6503822827037,137.944139639034));
#4765=CARTESIAN_POINT('Ctrl Pts',(-70.2068888829635,65.1979199839794,138.493159246877));
#4766=CARTESIAN_POINT('Ctrl Pts',(-84.1432094046876,45.856079120487,138.90492395276));
#4767=CARTESIAN_POINT('Ctrl Pts',(-92.8526948194302,23.656562900307,139.316688658642));
#4768=CARTESIAN_POINT('Ctrl Pts',(-95.8238090660821,6.82059972198898E-13,
139.728453364524));
#4769=CARTESIAN_POINT('Ctrl Pts',(-92.8526948194304,-23.6565629003058,140.140218070407));
#4770=CARTESIAN_POINT('Ctrl Pts',(-84.1432094046882,-45.8560791204858,140.551982776289));
#4771=CARTESIAN_POINT('Ctrl Pts',(-70.2068888829644,-65.1979199839785,140.963747482172));
#4772=CARTESIAN_POINT('Ctrl Pts',(-45.8650750068898,-85.650382282703,141.512767090015));
#4773=CARTESIAN_POINT('Ctrl Pts',(-7.30287577535744,-98.5991657369848,142.199041599818));
#4774=CARTESIAN_POINT('Ctrl Pts',(32.7505382957882,-91.4724935711179,142.885316109623));
#4775=CARTESIAN_POINT('Ctrl Pts',(59.8347542209881,-74.8276894685119,143.434335717466));
#4776=CARTESIAN_POINT('Ctrl Pts',(76.4757463979176,-57.7516873603393,143.846100423348));
#4777=CARTESIAN_POINT('Ctrl Pts',(88.3457232678839,-37.0732794689708,144.25786512923));
#4778=CARTESIAN_POINT('Ctrl Pts',(96.9431675512737,-6.46714113629132,144.806884737074));
#4779=CARTESIAN_POINT('Ctrl Pts',(92.8368195324194,34.0058850196736,145.493159246877));
#4780=CARTESIAN_POINT('Ctrl Pts',(69.8289150133474,67.5552939957771,146.179433756682));
#4781=CARTESIAN_POINT('Ctrl Pts',(43.4963470206007,85.3666920018521,146.728453364524));
#4782=CARTESIAN_POINT('Ctrl Pts',(21.0779107312978,93.4852988876157,147.140218070407));
#4783=CARTESIAN_POINT('Ctrl Pts',(-2.65535358499869,95.7724075622555,147.551982776289));
#4784=CARTESIAN_POINT('Ctrl Pts',(-34.0833904177729,90.984149372373,148.101002384132));
#4785=CARTESIAN_POINT('Ctrl Pts',(-69.2619969708373,70.5539290066482,148.787276893936));
#4786=CARTESIAN_POINT('Ctrl Pts',(-90.3387896172635,35.7588593451876,149.47355140374));
#4787=CARTESIAN_POINT('Ctrl Pts',(-95.7069868328062,4.42466782659651,150.022571011583));
#4788=CARTESIAN_POINT('Ctrl Pts',(-93.8588324374876,-19.346802376612,150.434335717466));
#4789=CARTESIAN_POINT('Ctrl Pts',(-86.1558815045532,-41.911443225393,150.846100423348));
#4790=CARTESIAN_POINT('Ctrl Pts',(-68.8341187949375,-68.5686304069297,151.395120031191));
#4791=CARTESIAN_POINT('Ctrl Pts',(-35.7156057306423,-92.1926056713328,152.081394540995));
#4792=CARTESIAN_POINT('Ctrl Pts',(4.6746400308888,-97.0460753005323,152.767669050799));
#4793=CARTESIAN_POINT('Ctrl Pts',(35.4344079527928,-89.0157722909483,153.316688658642));
#4794=CARTESIAN_POINT('Ctrl Pts',(56.3286577100159,-77.5297460731273,153.728453364525));
#4795=CARTESIAN_POINT('Ctrl Pts',(73.7091960445174,-61.2075109937419,154.140218070407));
#4796=CARTESIAN_POINT('Ctrl Pts',(90.8517590879598,-34.4347333597128,154.68923767825));
#4797=CARTESIAN_POINT('Ctrl Pts',(98.7171075041239,5.47847763751039,155.375512188054));
#4798=CARTESIAN_POINT('Ctrl Pts',(86.483555275563,44.2762651737909,156.061786697858));
#4799=CARTESIAN_POINT('Ctrl Pts',(66.4837827196227,68.9877642701063,156.610806305701));
#4800=CARTESIAN_POINT('Ctrl Pts',(47.403876802605,83.2865635589599,157.022571011583));
#4801=CARTESIAN_POINT('Ctrl Pts',(25.3669761738239,92.3900508902792,157.434335717466));
#4802=CARTESIAN_POINT('Ctrl Pts',(-6.09247480166123,96.967390093732,157.983355325309));
#4803=CARTESIAN_POINT('Ctrl Pts',(-45.6976401335168,87.6744359407814,158.669629835113));
#4804=CARTESIAN_POINT('Ctrl Pts',(-75.9987207727027,60.5308799846048,159.355904344917));
#4805=CARTESIAN_POINT('Ctrl Pts',(-90.2644235849743,32.1206914400435,159.90492395276));
#4806=CARTESIAN_POINT('Ctrl Pts',(-95.4232338523634,8.8422647849668,160.316688658642));
#4807=CARTESIAN_POINT('Ctrl Pts',(-94.629661806544,-14.9877313190798,160.728453364524));
#4808=CARTESIAN_POINT('Ctrl Pts',(-85.8272181401445,-45.5354984283979,161.277472972368));
#4809=CARTESIAN_POINT('Ctrl Pts',(-61.0296862992296,-77.7846927198619,161.963747482171));
#4810=CARTESIAN_POINT('Ctrl Pts',(-23.8064500142096,-94.1968467015727,162.650021991975));
#4811=CARTESIAN_POINT('Ctrl Pts',(7.95842789707839,-95.4781043439839,163.199041599819));
#4812=CARTESIAN_POINT('Ctrl Pts',(31.2928698230764,-90.5788910486686,163.610806305701));
#4813=CARTESIAN_POINT('Ctrl Pts',(52.6753015588435,-80.0294795022346,164.022571011583));
#4814=CARTESIAN_POINT('Ctrl Pts',(76.8752660242795,-59.413689201184,164.571590619426));
#4815=CARTESIAN_POINT('Ctrl Pts',(96.0295935313793,-23.5244170491805,165.257865129231));
#4816=CARTESIAN_POINT('Ctrl Pts',(95.6322008926805,17.1544496624243,165.944139639034));
#4817=CARTESIAN_POINT('Ctrl Pts',(83.70100754393,46.6213075733045,166.493159246877));
#4818=CARTESIAN_POINT('Ctrl Pts',(69.6156087254969,65.8592911224309,166.90492395276));
#4819=CARTESIAN_POINT('Ctrl Pts',(51.1876750612794,80.9890542328686,167.316688658642));
#4820=CARTESIAN_POINT('Ctrl Pts',(22.4272149349479,94.5347186014765,167.865708266485));
#4821=CARTESIAN_POINT('Ctrl Pts',(-18.167132815001,97.1855766901024,168.551982776289));
#4822=CARTESIAN_POINT('Ctrl Pts',(-55.0626343698504,80.0493553193955,169.238257286093));
#4823=CARTESIAN_POINT('Ctrl Pts',(-76.987706376419,57.0289229304919,169.787276893936));
#4824=CARTESIAN_POINT('Ctrl Pts',(-88.705741928576,36.2639015312943,170.199041599819));
#4825=CARTESIAN_POINT('Ctrl Pts',(-94.8904239354833,13.2367831839149,170.610806305701));
#4826=CARTESIAN_POINT('Ctrl Pts',(-95.3712735478212,-18.5502876706886,171.159825913544));
#4827=CARTESIAN_POINT('Ctrl Pts',(-81.0469295580732,-56.6257559818358,171.846100423348));
#4828=CARTESIAN_POINT('Ctrl Pts',(-50.2213506143536,-83.1721644137559,172.532374933152));
#4829=CARTESIAN_POINT('Ctrl Pts',(-20.2082733596458,-93.6537808715457,173.081394540995));
#4830=CARTESIAN_POINT('Ctrl Pts',(3.54113743541901,-95.7665889077922,173.493159246877));
#4831=CARTESIAN_POINT('Ctrl Pts',(27.069656493867,-91.9055965707079,173.90492395276));
#4832=CARTESIAN_POINT('Ctrl Pts',(56.2266793710036,-79.236061977543,174.453943560603));
#4833=CARTESIAN_POINT('Ctrl Pts',(85.0075596452685,-50.485600268411,175.140218070407));
#4834=CARTESIAN_POINT('Ctrl Pts',(96.4808167656521,-11.4562204514136,175.826492580211));
#4835=CARTESIAN_POINT('Ctrl Pts',(93.6537247465974,20.2085334649065,176.375512188054));
#4836=CARTESIAN_POINT('Ctrl Pts',(85.7853211434988,42.7160143468152,176.787276893936));
#4837=CARTESIAN_POINT('Ctrl Pts',(72.5657362012937,62.5589235303642,177.199041599818));
#4838=CARTESIAN_POINT('Ctrl Pts',(49.0004206493948,83.8972691270759,177.748061207662));
#4839=CARTESIAN_POINT('Ctrl Pts',(10.94012105254,98.2618684061191,178.434335717466));
#4840=CARTESIAN_POINT('Ctrl Pts',(-29.3475980023649,92.6202541687846,179.12061022727));
#4841=CARTESIAN_POINT('Ctrl Pts',(-57.0291367487987,76.9875479892723,179.669629835113));
#4842=CARTESIAN_POINT('Ctrl Pts',(-74.2893756755187,60.5381521613618,180.081394540995));
#4843=CARTESIAN_POINT('Ctrl Pts',(-86.915536003364,40.312461906483,180.493159246878));
#4844=CARTESIAN_POINT('Ctrl Pts',(-96.6379453983174,10.0449240908266,181.04217885472));
#4845=CARTESIAN_POINT('Ctrl Pts',(-94.0300157051573,-30.5522041396944,181.728453364525));
#4846=CARTESIAN_POINT('Ctrl Pts',(-72.2774818877327,-64.9288734136606,182.414727874328));
#4847=CARTESIAN_POINT('Ctrl Pts',(-46.6210751096971,-83.7011370253095,182.963747482171));
#4848=CARTESIAN_POINT('Ctrl Pts',(-24.5179343815145,-92.6425933306831,183.375512188054));
#4849=CARTESIAN_POINT('Ctrl Pts',(-0.885395486058766,-95.8051202104926,
183.787276893936));
#4850=CARTESIAN_POINT('Ctrl Pts',(30.6981139359935,-92.1814449418723,184.336296501779));
#4851=CARTESIAN_POINT('Ctrl Pts',(66.6076209638436,-73.0650796266085,185.022571011584));
#4852=CARTESIAN_POINT('Ctrl Pts',(88.955750537389,-39.0725918916123,185.708845521387));
#4853=CARTESIAN_POINT('Ctrl Pts',(95.4781264466165,-7.95816272500213,186.25786512923));
#4854=CARTESIAN_POINT('Ctrl Pts',(94.5096259427749,15.8653650927835,186.669629835113));
#4855=CARTESIAN_POINT('Ctrl Pts',(87.6457328476424,38.6992312238035,187.081394540995));
#4856=CARTESIAN_POINT('Ctrl Pts',(71.3208229662364,65.9782782604806,187.630414148838));
#4857=CARTESIAN_POINT('Ctrl Pts',(39.0978691124614,90.8098984812259,188.316688658642));
#4858=CARTESIAN_POINT('Ctrl Pts',(-1.08544953171688,97.1525336268321,189.002963168446));
#4859=CARTESIAN_POINT('Ctrl Pts',(-32.1209421319714,90.2643343755895,189.551982776289));
#4860=CARTESIAN_POINT('Ctrl Pts',(-53.4253482576826,79.5582262806045,189.963747482171));
#4861=CARTESIAN_POINT('Ctrl Pts',(-71.3971477926516,63.8893752574555,190.375512188054));
#4862=CARTESIAN_POINT('Ctrl Pts',(-89.517297771124,37.7683252283518,190.924531795897));
#4863=CARTESIAN_POINT('Ctrl Pts',(-98.852127620426,-1.8269910291857,191.610806305701));
#4864=CARTESIAN_POINT('Ctrl Pts',(-88.0605665939838,-41.0503301076276,192.297080815505));
#4865=CARTESIAN_POINT('Ctrl Pts',(-68.9875796239524,-66.4839743196998,192.846100423348));
#4866=CARTESIAN_POINT('Ctrl Pts',(-50.4490662081774,-81.4780395204345,193.257865129231));
#4867=CARTESIAN_POINT('Ctrl Pts',(-28.763602963807,-91.3896062375485,193.669629835113));
#4868=CARTESIAN_POINT('Ctrl Pts',(2.50522355199443,-97.1262932771202,194.218649442956));
#4869=CARTESIAN_POINT('Ctrl Pts',(42.4267295275766,-89.3031558955201,194.90492395276));
#4870=CARTESIAN_POINT('Ctrl Pts',(73.7101114424378,-63.2978077182935,195.591198462563));
#4871=CARTESIAN_POINT('Ctrl Pts',(89.0158707023125,-35.4341607325878,196.140218070407));
#4872=CARTESIAN_POINT('Ctrl Pts',(95.0313305808849,-12.3622576173258,196.551982776289));
#4873=CARTESIAN_POINT('Ctrl Pts',(95.1188545835251,11.4807877095553,196.963747482171));
#4874=CARTESIAN_POINT('Ctrl Pts',(87.4512082544255,42.3329560229357,197.512767090015));
#4875=CARTESIAN_POINT('Ctrl Pts',(63.8622677195197,75.4764320369351,198.199041599819));
#4876=CARTESIAN_POINT('Ctrl Pts',(27.2709063639939,93.2528318974011,198.885316109622));
#4877=CARTESIAN_POINT('Ctrl Pts',(-4.42493365512562,95.7069743846363,199.434335717466));
#4878=CARTESIAN_POINT('Ctrl Pts',(-27.9244728377812,91.6733495739224,199.846100423348));
#4879=CARTESIAN_POINT('Ctrl Pts',(-49.6821182329906,81.9212555543239,200.25786512923));
#4880=CARTESIAN_POINT('Ctrl Pts',(-74.6273399408719,62.2137695703145,200.806884737074));
#4881=CARTESIAN_POINT('Ctrl Pts',(-95.0947486122845,27.0567887538797,201.493159246877));
#4882=CARTESIAN_POINT('Ctrl Pts',(-96.2007724873027,-13.6089809921573,202.179433756682));
#4883=CARTESIAN_POINT('Ctrl Pts',(-85.366572008125,-43.4965902950484,202.728453364524));
#4884=CARTESIAN_POINT('Ctrl Pts',(-72.0016650073102,-63.2419120642761,203.140218070407));
#4885=CARTESIAN_POINT('Ctrl Pts',(-54.145383945807,-79.0422822359959,203.551982776289));
#4886=CARTESIAN_POINT('Ctrl Pts',(-25.9050980926427,-93.6414378553063,204.101002384133));
#4887=CARTESIAN_POINT('Ctrl Pts',(14.5635729782169,-97.7905075833735,204.787276893936));
#4888=CARTESIAN_POINT('Ctrl Pts',(52.0670861980236,-82.0293333244044,205.47355140374));
#4889=CARTESIAN_POINT('Ctrl Pts',(74.8278241924077,-59.8347867911619,206.022571011583));
#4890=CARTESIAN_POINT('Ctrl Pts',(87.3051557065891,-39.516945636256,206.434335717466));
#4891=CARTESIAN_POINT('Ctrl Pts',(94.3365004971976,-16.7340866991877,206.846100423348));
#4892=CARTESIAN_POINT('Ctrl Pts',(95.9916016474366,15.0135073836361,207.395120031191));
#4893=CARTESIAN_POINT('Ctrl Pts',(83.0839859671647,53.5922784280874,208.081394540995));
#4894=CARTESIAN_POINT('Ctrl Pts',(53.2603886348763,81.2596086211385,208.767669050799));
#4895=CARTESIAN_POINT('Ctrl Pts',(23.6551199509934,92.8430949711275,209.316688658642));
#4896=CARTESIAN_POINT('Ctrl Pts',(9.85967688992722E-13,95.8320364250419,
209.728453364525));
#4897=CARTESIAN_POINT('Ctrl Pts',(-23.6551199509915,92.8430949711281,210.140218070407));
#4898=CARTESIAN_POINT('Ctrl Pts',(-53.2603886348747,81.2596086211395,210.68923767825));
#4899=CARTESIAN_POINT('Ctrl Pts',(-83.0839859671638,53.5922784280889,211.375512188054));
#4900=CARTESIAN_POINT('Ctrl Pts',(-95.9916016474369,15.0135073836367,212.061786697858));
#4901=CARTESIAN_POINT('Ctrl Pts',(-94.3365004971975,-16.734086699188,212.610806305701));
#4902=CARTESIAN_POINT('Ctrl Pts',(-87.3051557065887,-39.5169456362567,213.022571011583));
#4903=CARTESIAN_POINT('Ctrl Pts',(-74.8278241924076,-59.8347867911621,213.434335717466));
#4904=CARTESIAN_POINT('Ctrl Pts',(-52.0670861980238,-82.0293333244039,213.983355325309));
#4905=CARTESIAN_POINT('Ctrl Pts',(-14.5635729782181,-97.7905075833734,214.669629835113));
#4906=CARTESIAN_POINT('Ctrl Pts',(25.9050980926423,-93.6414378553067,215.355904344917));
#4907=CARTESIAN_POINT('Ctrl Pts',(54.1453839458072,-79.0422822359958,215.90492395276));
#4908=CARTESIAN_POINT('Ctrl Pts',(72.0016650073108,-63.2419120642756,216.316688658642));
#4909=CARTESIAN_POINT('Ctrl Pts',(85.366572008125,-43.4965902950481,216.728453364524));
#4910=CARTESIAN_POINT('Ctrl Pts',(96.2007724873024,-13.6089809921578,217.277472972368));
#4911=CARTESIAN_POINT('Ctrl Pts',(95.0947486122849,27.0567887538785,217.963747482172));
#4912=CARTESIAN_POINT('Ctrl Pts',(74.6273399408724,62.2137695703142,218.650021991975));
#4913=CARTESIAN_POINT('Ctrl Pts',(49.6821182329904,81.921255554324,219.199041599819));
#4914=CARTESIAN_POINT('Ctrl Pts',(27.9244728377804,91.6733495739226,219.610806305701));
#4915=CARTESIAN_POINT('Ctrl Pts',(4.42493365512531,95.7069743846363,220.022571011583));
#4916=CARTESIAN_POINT('Ctrl Pts',(-27.2709063639933,93.2528318974009,220.571590619426));
#4917=CARTESIAN_POINT('Ctrl Pts',(-63.8622677195184,75.4764320369362,221.257865129231));
#4918=CARTESIAN_POINT('Ctrl Pts',(-87.4512082544247,42.3329560229374,221.944139639034));
#4919=CARTESIAN_POINT('Ctrl Pts',(-95.118854583525,11.4807877095569,222.493159246878));
#4920=CARTESIAN_POINT('Ctrl Pts',(-95.031330580885,-12.3622576173252,222.90492395276));
#4921=CARTESIAN_POINT('Ctrl Pts',(-89.0158707023128,-35.4341607325872,223.316688658642));
#4922=CARTESIAN_POINT('Ctrl Pts',(-73.7101114424385,-63.2978077182923,223.865708266486));
#4923=CARTESIAN_POINT('Ctrl Pts',(-42.426729527579,-89.3031558955189,224.551982776289));
#4924=CARTESIAN_POINT('Ctrl Pts',(-2.50522355199684,-97.1262932771205,225.238257286094));
#4925=CARTESIAN_POINT('Ctrl Pts',(28.7636029638055,-91.3896062375489,225.787276893936));
#4926=CARTESIAN_POINT('Ctrl Pts',(50.4490662081769,-81.4780395204349,226.199041599819));
#4927=CARTESIAN_POINT('Ctrl Pts',(68.987579623952,-66.4839743197003,226.610806305701));
#4928=CARTESIAN_POINT('Ctrl Pts',(88.0605665939829,-41.0503301076288,227.159825913544));
#4929=CARTESIAN_POINT('Ctrl Pts',(98.852127620426,-1.82699102918829,227.846100423348));
#4930=CARTESIAN_POINT('Ctrl Pts',(89.517297771125,37.7683252283496,228.532374933152));
#4931=CARTESIAN_POINT('Ctrl Pts',(71.3971477926527,63.8893752574544,229.081394540995));
#4932=CARTESIAN_POINT('Ctrl Pts',(53.4253482576831,79.5582262806042,229.493159246877));
#4933=CARTESIAN_POINT('Ctrl Pts',(32.120942131972,90.2643343755894,229.90492395276));
#4934=CARTESIAN_POINT('Ctrl Pts',(1.08544953171827,97.1525336268318,230.453943560603));
#4935=CARTESIAN_POINT('Ctrl Pts',(-39.0978691124588,90.8098984812269,231.140218070407));
#4936=CARTESIAN_POINT('Ctrl Pts',(-71.3208229662351,65.9782782604826,231.82649258021));
#4937=CARTESIAN_POINT('Ctrl Pts',(-87.6457328476416,38.6992312238049,232.375512188054));
#4938=CARTESIAN_POINT('Ctrl Pts',(-94.5096259427751,15.8653650927841,232.787276893936));
#4939=CARTESIAN_POINT('Ctrl Pts',(-95.4781264466163,-7.95816272500152,233.199041599819));
#4940=CARTESIAN_POINT('Ctrl Pts',(-88.9557505373895,-39.0725918916108,233.748061207661));
#4941=CARTESIAN_POINT('Ctrl Pts',(-66.6076209638453,-73.0650796266068,234.434335717466));
#4942=CARTESIAN_POINT('Ctrl Pts',(-30.6981139359959,-92.1814449418715,235.120610227269));
#4943=CARTESIAN_POINT('Ctrl Pts',(0.885395486057268,-95.8051202104928,235.669629835113));
#4944=CARTESIAN_POINT('Ctrl Pts',(24.5179343815139,-92.6425933306832,236.081394540995));
#4945=CARTESIAN_POINT('Ctrl Pts',(46.6210751096966,-83.7011370253099,236.493159246877));
#4946=CARTESIAN_POINT('Ctrl Pts',(72.2774818877315,-64.9288734136614,237.042178854721));
#4947=CARTESIAN_POINT('Ctrl Pts',(94.0300157051564,-30.5522041396969,237.728453364524));
#4948=CARTESIAN_POINT('Ctrl Pts',(96.637945398318,10.0449240908241,238.414727874329));
#4949=CARTESIAN_POINT('Ctrl Pts',(86.9155360033645,40.3124619064817,238.963747482171));
#4950=CARTESIAN_POINT('Ctrl Pts',(74.2893756755193,60.5381521613613,239.375512188054));
#4951=CARTESIAN_POINT('Ctrl Pts',(57.029136748799,76.987547989272,239.787276893936));
#4952=CARTESIAN_POINT('Ctrl Pts',(29.3475980023664,92.6202541687839,240.336296501779));
#4953=CARTESIAN_POINT('Ctrl Pts',(-10.9401210525376,98.2618684061194,241.022571011583));
#4954=CARTESIAN_POINT('Ctrl Pts',(-49.0004206493927,83.8972691270773,241.708845521387));
#4955=CARTESIAN_POINT('Ctrl Pts',(-72.5657362012928,62.5589235303654,242.25786512923));
#4956=CARTESIAN_POINT('Ctrl Pts',(-85.7853211434985,42.7160143468158,242.669629835113));
#4957=CARTESIAN_POINT('Ctrl Pts',(-93.6537247465974,20.208533464907,243.081394540995));
#4958=CARTESIAN_POINT('Ctrl Pts',(-96.4808167656518,-11.4562204514116,243.630414148839));
#4959=CARTESIAN_POINT('Ctrl Pts',(-85.0075596452704,-50.485600268408,244.316688658642));
#4960=CARTESIAN_POINT('Ctrl Pts',(-56.2266793710064,-79.2360619775411,245.002963168446));
#4961=CARTESIAN_POINT('Ctrl Pts',(-27.0696564938693,-91.9055965707073,245.551982776289));
#4962=CARTESIAN_POINT('Ctrl Pts',(-3.54113743542101,-95.766588907792,245.963747482172));
#4963=CARTESIAN_POINT('Ctrl Pts',(20.2082733596435,-93.6537808715462,246.375512188054));
#4964=CARTESIAN_POINT('Ctrl Pts',(50.2213506143505,-83.1721644137574,246.924531795897));
#4965=CARTESIAN_POINT('Ctrl Pts',(81.0469295580711,-56.6257559818389,247.610806305701));
#4966=CARTESIAN_POINT('Ctrl Pts',(95.3712735478206,-18.5502876706921,248.297080815505));
#4967=CARTESIAN_POINT('Ctrl Pts',(94.8904239354837,13.2367831839126,248.846100423348));
#4968=CARTESIAN_POINT('Ctrl Pts',(88.7057419285769,36.2639015312923,249.25786512923));
#4969=CARTESIAN_POINT('Ctrl Pts',(76.9877063764203,57.0289229304902,249.669629835113));
#4970=CARTESIAN_POINT('Ctrl Pts',(55.0626343698532,80.0493553193932,250.218649442956));
#4971=CARTESIAN_POINT('Ctrl Pts',(18.1671328150047,97.1855766901019,250.90492395276));
#4972=CARTESIAN_POINT('Ctrl Pts',(-22.4272149349446,94.5347186014772,251.591198462563));
#4973=CARTESIAN_POINT('Ctrl Pts',(-51.1876750612775,80.9890542328702,252.140218070407));
#4974=CARTESIAN_POINT('Ctrl Pts',(-69.6156087254955,65.8592911224321,252.551982776289));
#4975=CARTESIAN_POINT('Ctrl Pts',(-83.7010075439289,46.6213075733066,252.963747482172));
#4976=CARTESIAN_POINT('Ctrl Pts',(-95.6322008926798,17.1544496624276,253.512767090015));
#4977=CARTESIAN_POINT('Ctrl Pts',(-96.02959353138,-23.5244170491767,254.199041599819));
#4978=CARTESIAN_POINT('Ctrl Pts',(-76.875266024282,-59.4136892011814,254.885316109622));
#4979=CARTESIAN_POINT('Ctrl Pts',(-52.6753015588455,-80.0294795022334,255.434335717466));
#4980=CARTESIAN_POINT('Ctrl Pts',(-31.2928698230783,-90.5788910486678,255.846100423348));
#4981=CARTESIAN_POINT('Ctrl Pts',(-7.95842789708078,-95.4781043439838,256.25786512923));
#4982=CARTESIAN_POINT('Ctrl Pts',(23.8064500142072,-94.1968467015734,256.806884737073));
#4983=CARTESIAN_POINT('Ctrl Pts',(61.0296862992282,-77.7846927198632,257.493159246877));
#4984=CARTESIAN_POINT('Ctrl Pts',(85.8272181401438,-45.5354984283994,258.179433756681));
#4985=CARTESIAN_POINT('Ctrl Pts',(94.6296618065436,-14.9877313190811,258.728453364524));
#4986=CARTESIAN_POINT('Ctrl Pts',(95.4232338523636,8.84226478496465,259.140218070407));
#4987=CARTESIAN_POINT('Ctrl Pts',(90.264423584975,32.1206914400424,259.551982776289));
#4988=CARTESIAN_POINT('Ctrl Pts',(75.9987207727028,60.5308799846037,260.101002384132));
#4989=CARTESIAN_POINT('Ctrl Pts',(45.6976401335178,87.6744359407826,260.787276893936));
#4990=CARTESIAN_POINT('Ctrl Pts',(6.09247480166046,96.9673900937299,261.47355140374));
#4991=CARTESIAN_POINT('Ctrl Pts',(-25.3669761738205,92.3900508902823,262.022571011583));
#4992=CARTESIAN_POINT('Ctrl Pts',(-47.4038768026072,83.2865635589548,262.434335717465));
#4993=CARTESIAN_POINT('Ctrl Pts',(-66.4837827196144,68.9877642701188,262.846100423348));
#4994=CARTESIAN_POINT('Ctrl Pts',(-86.4835552755788,44.2762651737664,263.395120031191));
#4995=CARTESIAN_POINT('Ctrl Pts',(-98.7171075040889,5.47847763756557,264.081394540995));
#4996=CARTESIAN_POINT('Ctrl Pts',(-90.8517590880134,-34.434733359796,264.767669050799));
#4997=CARTESIAN_POINT('Ctrl Pts',(-73.7091960444461,-61.2075109936279,265.316688658642));
#4998=CARTESIAN_POINT('Ctrl Pts',(-56.3286577101732,-77.5297460733689,265.728453364525));
#4999=CARTESIAN_POINT('Ctrl Pts',(-35.4344079525071,-89.0157722905003,266.140218070407));
#5000=CARTESIAN_POINT('Ctrl Pts',(-4.67464003151743,-97.0460753015108,266.68923767825));
#5001=CARTESIAN_POINT('Ctrl Pts',(35.7156057320149,-92.1926056691939,267.375512188054));
#5002=CARTESIAN_POINT('Ctrl Pts',(68.834118792844,-68.5686304101895,268.061786697857));
#5003=CARTESIAN_POINT('Ctrl Pts',(86.1558815073637,-41.9114432210154,268.610806305701));
#5004=CARTESIAN_POINT('Ctrl Pts',(93.858832431432,-19.3468023860478,269.022571011583));
#5005=CARTESIAN_POINT('Ctrl Pts',(95.7069868439681,4.42466784398202,269.434335717466));
#5006=CARTESIAN_POINT('Ctrl Pts',(90.3387895928569,35.7588593071636,269.983355325309));
#5007=CARTESIAN_POINT('Ctrl Pts',(69.2619970242085,70.5539290897897,270.669629835113));
#5008=CARTESIAN_POINT('Ctrl Pts',(34.0833903364765,90.9841492457208,271.355904344917));
#5009=CARTESIAN_POINT('Ctrl Pts',(2.65535369429362,95.7724077325152,271.90492395276));
#5010=CARTESIAN_POINT('Ctrl Pts',(-21.0779109666221,93.4852985210115,272.316688658642));
#5011=CARTESIAN_POINT('Ctrl Pts',(-43.4963465867958,85.366692677653,272.728453364525));
#5012=CARTESIAN_POINT('Ctrl Pts',(-69.8289159619536,67.5552925179903,273.277472972367));
#5013=CARTESIAN_POINT('Ctrl Pts',(-92.8368174581382,34.0058882510941,273.963747482172));
#5014=CARTESIAN_POINT('Ctrl Pts',(-96.9431707110317,-6.46714605871877,274.650021991975));
#5015=CARTESIAN_POINT('Ctrl Pts',(-88.3457190201511,-37.0732728516364,275.199041599818));
#5016=CARTESIAN_POINT('Ctrl Pts',(-76.4757555442028,-57.7517016088411,275.610806305701));
#5017=CARTESIAN_POINT('Ctrl Pts',(-59.8347373605062,-74.8276632027187,276.022571011583));
#5018=CARTESIAN_POINT('Ctrl Pts',(-32.7505751675926,-91.4725510083149,276.571590619427));
#5019=CARTESIAN_POINT('Ctrl Pts',(7.30295643123823,-98.5990401281225,277.25786512923));
#5020=CARTESIAN_POINT('Ctrl Pts',(45.8649520102109,-85.6505736824377,277.944139639034));
#5021=CARTESIAN_POINT('Ctrl Pts',(70.2070551818052,-65.1976622571856,278.493159246877));
#5022=CARTESIAN_POINT('Ctrl Pts',(84.1428387119796,-45.8566396853741,278.90492395276));
#5023=CARTESIAN_POINT('Ctrl Pts',(92.8534842434719,-23.6554817161814,279.316688658642));
#5024=CARTESIAN_POINT('Ctrl Pts',(94.8324033834605,-7.88645351466659,279.591198462564));
#5025=CARTESIAN_POINT('Ctrl Pts',(94.8324033834606,-1.30096022938653E-12,
279.728453364525));
#5026=CARTESIAN_POINT('Ctrl Pts',(95.1763604421767,0.,2.04140972607908));
#5027=CARTESIAN_POINT('Ctrl Pts',(95.1763604421767,7.91482484949068,2.17866462803987));
#5028=CARTESIAN_POINT('Ctrl Pts',(93.1902637638942,23.741439767906,2.45317443196143));
#5029=CARTESIAN_POINT('Ctrl Pts',(84.4480247273385,46.0228882711599,2.86493913784379));
#5030=CARTESIAN_POINT('Ctrl Pts',(70.4616961203458,65.4341668905444,3.27670384372614));
#5031=CARTESIAN_POINT('Ctrl Pts',(46.0313041580935,85.9612040440535,3.82572345156928));
#5032=CARTESIAN_POINT('Ctrl Pts',(7.32944424895115,98.95667464704,4.51199796137319));
#5033=CARTESIAN_POINT('Ctrl Pts',(-32.8693614801179,91.8043146296878,5.19827247117713));
#5034=CARTESIAN_POINT('Ctrl Pts',(-60.051757909782,75.0990664007915,5.74729207902025));
#5035=CARTESIAN_POINT('Ctrl Pts',(-76.7531330544362,57.9611651892758,6.15905678490262));
#5036=CARTESIAN_POINT('Ctrl Pts',(-88.6661488793561,37.2077384213567,6.57082149078495));
#5037=CARTESIAN_POINT('Ctrl Pts',(-97.2947835213238,6.49060177108178,7.11984109862811));
#5038=CARTESIAN_POINT('Ctrl Pts',(-93.1735365281416,-34.1292271751216,7.80611560843202));
#5039=CARTESIAN_POINT('Ctrl Pts',(-70.0821853898151,-67.8003157019115,8.49239011823594));
#5040=CARTESIAN_POINT('Ctrl Pts',(-43.6541078045151,-85.6763175251039,9.04140972607909));
#5041=CARTESIAN_POINT('Ctrl Pts',(-21.1543605345072,-93.8243696776664,9.45317443196144));
#5042=CARTESIAN_POINT('Ctrl Pts',(2.66498466022679,-96.119774164823,9.86493913784377));
#5043=CARTESIAN_POINT('Ctrl Pts',(34.2070107686586,-91.3141487054506,10.4139587456869));
#5044=CARTESIAN_POINT('Ctrl Pts',(69.5132102374904,-70.8098281292414,11.1002332554908));
#5045=CARTESIAN_POINT('Ctrl Pts',(90.6664483175935,-35.8885566688984,11.7865077652948));
#5046=CARTESIAN_POINT('Ctrl Pts',(96.0541160162647,-4.44071610886796,12.3355273731379));
#5047=CARTESIAN_POINT('Ctrl Pts',(94.1992583490072,19.4169732231634,12.7472920790203));
#5048=CARTESIAN_POINT('Ctrl Pts',(86.46836882749,42.0634559959196,13.1590567849026));
#5049=CARTESIAN_POINT('Ctrl Pts',(69.0837800920906,68.8173287828507,13.7080763927458));
#5050=CARTESIAN_POINT('Ctrl Pts',(35.8451462082609,92.5269881837731,14.3943509025496));
#5051=CARTESIAN_POINT('Ctrl Pts',(-4.69159494754181,97.3980613465544,15.0806254123536));
#5052=CARTESIAN_POINT('Ctrl Pts',(-35.5629285246085,89.3386324324918,15.6296450201967));
#5053=CARTESIAN_POINT('Ctrl Pts',(-56.5329617110845,77.8109464064635,16.0414097260791));
#5054=CARTESIAN_POINT('Ctrl Pts',(-73.9765392453683,61.4295105918986,16.4531744319614));
#5055=CARTESIAN_POINT('Ctrl Pts',(-91.1812783527393,34.5596281128614,17.0021940398046));
#5056=CARTESIAN_POINT('Ctrl Pts',(-99.0751543818503,-5.49834807200137,17.6884685496085));
#5057=CARTESIAN_POINT('Ctrl Pts',(-86.7972310682254,-44.4368551556401,18.3747430594124));
#5058=CARTESIAN_POINT('Ctrl Pts',(-66.7249193516173,-69.2379828413977,18.9237626672556));
#5059=CARTESIAN_POINT('Ctrl Pts',(-47.5758106296027,-83.5886438649496,19.3355273731379));
#5060=CARTESIAN_POINT('Ctrl Pts',(-25.4589821781197,-92.7251495382653,19.7472920790203));
#5061=CARTESIAN_POINT('Ctrl Pts',(6.11457220337412,-97.3190907477058,20.2963116868634));
#5062=CARTESIAN_POINT('Ctrl Pts',(45.8633854413431,-87.9924310567432,20.9825861966673));
#5063=CARTESIAN_POINT('Ctrl Pts',(76.2743680781651,-60.750425442677,21.6688607064713));
#5064=CARTESIAN_POINT('Ctrl Pts',(90.5918125842542,-32.2371931647433,22.2178803143144));
#5065=CARTESIAN_POINT('Ctrl Pts',(95.7693338527644,-8.87433567296771,22.6296450201968));
#5066=CARTESIAN_POINT('Ctrl Pts',(94.9728835217067,15.042091809771,23.0414097260791));
#5067=CARTESIAN_POINT('Ctrl Pts',(86.1385133984739,45.7006556483759,23.5904293339222));
#5068=CARTESIAN_POINT('Ctrl Pts',(61.251040927446,78.0668177442896,24.2767038437261));
#5069=CARTESIAN_POINT('Ctrl Pts',(23.8927959912504,94.5384985966619,24.9629783535301));
#5070=CARTESIAN_POINT('Ctrl Pts',(-7.98729310932545,95.8244033596185,25.5119979613732));
#5071=CARTESIAN_POINT('Ctrl Pts',(-31.4063690393693,90.9074206212119,25.9237626672556));
#5072=CARTESIAN_POINT('Ctrl Pts',(-52.8663548396291,80.3197463667034,26.3355273731379));
#5073=CARTESIAN_POINT('Ctrl Pts',(-77.154092558738,59.6291826090905,26.884546980981));
#5074=CARTESIAN_POINT('Ctrl Pts',(-96.3778927978991,23.6097400928607,27.570821490785));
#5075=CARTESIAN_POINT('Ctrl Pts',(-95.9790588163858,-17.216668838986,28.2570960005889));
#5076=CARTESIAN_POINT('Ctrl Pts',(-84.0045910379592,-46.790403022269,28.806115608432));
#5077=CARTESIAN_POINT('Ctrl Pts',(-69.8681044881642,-66.0981627238608,29.2178803143144));
#5078=CARTESIAN_POINT('Ctrl Pts',(-51.3733327218297,-81.2828014741944,29.6296450201967));
#5079=CARTESIAN_POINT('Ctrl Pts',(-22.5085584273504,-94.8775959577031,30.1786646280399));
#5080=CARTESIAN_POINT('Ctrl Pts',(18.2330249926269,-97.5380687067052,30.8649391378437));
#5081=CARTESIAN_POINT('Ctrl Pts',(55.2623465050216,-80.3396942734382,31.5512136476478));
#5082=CARTESIAN_POINT('Ctrl Pts',(77.2669407319537,-57.2357667928531,32.1002332554908));
#5083=CARTESIAN_POINT('Ctrl Pts',(89.0274775906119,-36.395430676008,32.5119979613732));
#5084=CARTESIAN_POINT('Ctrl Pts',(95.2345914346997,-13.2847929869811,32.9237626672555));
#5085=CARTESIAN_POINT('Ctrl Pts',(95.717185088235,18.6175695507,33.4727822750987));
#5086=CARTESIAN_POINT('Ctrl Pts',(81.3408867131604,56.8311375579667,34.1590567849026));
#5087=CARTESIAN_POINT('Ctrl Pts',(50.4035034168307,83.4738297941343,34.8453312947066));
#5088=CARTESIAN_POINT('Ctrl Pts',(20.2815687525535,93.9934630672612,35.3943509025497));
#5089=CARTESIAN_POINT('Ctrl Pts',(-3.55398113834619,96.1139342567314,35.806115608432));
#5090=CARTESIAN_POINT('Ctrl Pts',(-27.1678381184593,92.2389381032236,36.2178803143144));
#5091=CARTESIAN_POINT('Ctrl Pts',(-56.4306134965547,79.523451117221,36.7668999221575));
#5092=CARTESIAN_POINT('Ctrl Pts',(-85.3158820028284,50.6687115041935,37.4531744319614));
#5093=CARTESIAN_POINT('Ctrl Pts',(-96.8307526185169,11.4977721547329,38.1394489417653));
#5094=CARTESIAN_POINT('Ctrl Pts',(-93.9934067387473,-20.281829801217,38.6884685496085));
#5095=CARTESIAN_POINT('Ctrl Pts',(-86.0964644414518,-42.8709453000612,39.1002332554908));
#5096=CARTESIAN_POINT('Ctrl Pts',(-72.8289320741899,-62.7858247009161,39.5119979613732));
#5097=CARTESIAN_POINT('Ctrl Pts',(-49.1781451397702,-84.2015644617265,40.0610175692163));
#5098=CARTESIAN_POINT('Ctrl Pts',(-10.9798008637118,-98.6182641320003,40.7472920790202));
#5099=CARTESIAN_POINT('Ctrl Pts',(29.4540417191656,-92.9561877638936,41.4335665888242));
#5100=CARTESIAN_POINT('Ctrl Pts',(57.2359813866796,-77.2667817703364,41.9825861966673));
#5101=CARTESIAN_POINT('Ctrl Pts',(74.558823187546,-60.7577239956146,42.3943509025497));
#5102=CARTESIAN_POINT('Ctrl Pts',(87.2307785897991,-40.4586751767599,42.806115608432));
#5103=CARTESIAN_POINT('Ctrl Pts',(96.9884511566202,-10.081357023263,43.3551352162752));
#5104=CARTESIAN_POINT('Ctrl Pts',(94.3710625043423,30.6630169620873,44.041409726079));
#5105=CARTESIAN_POINT('Ctrl Pts',(72.5396322624414,65.1643703907309,44.7276842358831));
#5106=CARTESIAN_POINT('Ctrl Pts',(46.790169715515,84.0047209889684,45.2767038437261));
#5107=CARTESIAN_POINT('Ctrl Pts',(24.6068609118429,92.9786079499163,45.6884685496085));
#5108=CARTESIAN_POINT('Ctrl Pts',(0.888606814847698,96.1526053124392,46.1002332554908));
#5109=CARTESIAN_POINT('Ctrl Pts',(-30.809455973113,92.5157869762314,46.649252863334));
#5110=CARTESIAN_POINT('Ctrl Pts',(-66.8492067570685,73.3300866177478,47.3355273731378));
#5111=CARTESIAN_POINT('Ctrl Pts',(-89.2783929804687,39.2143081542391,48.0218018829419));
#5112=CARTESIAN_POINT('Ctrl Pts',(-95.8244255424171,7.98702697546893,48.5708214907849));
#5113=CARTESIAN_POINT('Ctrl Pts',(-94.8524122879464,-15.9229087605399,48.9825861966673));
#5114=CARTESIAN_POINT('Ctrl Pts',(-87.9636238575047,-38.8395933075584,49.3943509025497));
#5115=CARTESIAN_POINT('Ctrl Pts',(-71.5795035397261,-66.2175814281747,49.9433705103928));
#5116=CARTESIAN_POINT('Ctrl Pts',(-39.2396770555495,-91.139265917561,50.6296450201967));
#5117=CARTESIAN_POINT('Ctrl Pts',(1.08938645638635,-97.5049057962688,51.3159195300007));
#5118=CARTESIAN_POINT('Ctrl Pts',(32.2374447659315,-90.5917230513066,51.8649391378438));
#5119=CARTESIAN_POINT('Ctrl Pts',(53.6191219573046,-79.846783909978,52.2767038437262));
#5120=CARTESIAN_POINT('Ctrl Pts',(71.6561051962327,-64.1211019754616,52.6884685496084));
#5121=CARTESIAN_POINT('Ctrl Pts',(89.8419769456159,-37.9053109167305,53.2374881574517));
#5122=CARTESIAN_POINT('Ctrl Pts',(99.210664216052,1.83361752433279,53.9237626672556));
#5123=CARTESIAN_POINT('Ctrl Pts',(88.3799622055454,41.1992196253394,54.6100371770594));
#5124=CARTESIAN_POINT('Ctrl Pts',(69.2377975255212,66.7251116466362,55.1590567849026));
#5125=CARTESIAN_POINT('Ctrl Pts',(50.6320449349494,81.7735603110461,55.570821490785));
#5126=CARTESIAN_POINT('Ctrl Pts',(28.8679285310222,91.7210762734984,55.9825861966673));
#5127=CARTESIAN_POINT('Ctrl Pts',(-2.51430999601343,97.4785702728273,56.5316058045105));
#5128=CARTESIAN_POINT('Ctrl Pts',(-42.5806112449927,89.6270583775821,57.2178803143144));
#5129=CARTESIAN_POINT('Ctrl Pts',(-73.9774579635099,63.5273888212616,57.9041548241183));
#5130=CARTESIAN_POINT('Ctrl Pts',(-89.3387312011869,35.5626804080227,58.4531744319615));
#5131=CARTESIAN_POINT('Ctrl Pts',(-95.376009148403,12.4070955167917,58.8649391378438));
#5132=CARTESIAN_POINT('Ctrl Pts',(-95.4638506005372,-11.5224285183041,59.2767038437262));
#5133=CARTESIAN_POINT('Ctrl Pts',(-87.7683937237283,-42.4864976239179,59.8257234515692));
#5134=CARTESIAN_POINT('Ctrl Pts',(-64.0938961185057,-75.7501850015295,60.5119979613733));
#5135=CARTESIAN_POINT('Ctrl Pts',(-27.3698179217189,-93.5910598514758,61.198272471177));
#5136=CARTESIAN_POINT('Ctrl Pts',(4.44098288630347,-96.0541035117433,61.7472920790203));
#5137=CARTESIAN_POINT('Ctrl Pts',(28.0257548806356,-92.0058487467483,62.1590567849025));
#5138=CARTESIAN_POINT('Ctrl Pts',(49.8623152400103,-82.2183838891702,62.570821490785));
#5139=CARTESIAN_POINT('Ctrl Pts',(74.8980132490455,-62.4394188677023,63.1198410986281));
#5140=CARTESIAN_POINT('Ctrl Pts',(95.4396571969566,-27.1549237071873,63.8061156084319));
#5141=CARTESIAN_POINT('Ctrl Pts',(96.549692619772,13.6583407564066,64.492390118236));
#5142=CARTESIAN_POINT('Ctrl Pts',(85.6761965032657,43.6543523966961,65.0414097260791));
#5143=CARTESIAN_POINT('Ctrl Pts',(72.2628149943926,63.4712904337481,65.4531744319615));
#5144=CARTESIAN_POINT('Ctrl Pts',(54.3417692143504,79.3289685366917,65.8649391378437));
#5145=CARTESIAN_POINT('Ctrl Pts',(25.9990558647523,93.9810752829104,66.413958745687));
#5146=CARTESIAN_POINT('Ctrl Pts',(-14.6163950469118,98.1451936838904,67.1002332554908));
#5147=CARTESIAN_POINT('Ctrl Pts',(-52.2559334821344,82.3268536572444,67.7865077652949));
#5148=CARTESIAN_POINT('Ctrl Pts',(-75.0992246568178,60.0518075197235,68.3355273731379));
#5149=CARTESIAN_POINT('Ctrl Pts',(-87.6218114434071,39.6602735695941,68.7472920790203));
#5150=CARTESIAN_POINT('Ctrl Pts',(-94.6786589165026,16.7947812195832,69.1590567849026));
#5151=CARTESIAN_POINT('Ctrl Pts',(-96.3397631174206,-15.0679613640952,69.7080763927457));
#5152=CARTESIAN_POINT('Ctrl Pts',(-83.3853315243799,-53.7866575833171,70.3943509025497));
#5153=CARTESIAN_POINT('Ctrl Pts',(-53.4535640260638,-81.5543371630355,71.0806254123536));
#5154=CARTESIAN_POINT('Ctrl Pts',(-23.7409170540041,-93.1798368096662,71.6296450201967));
#5155=CARTESIAN_POINT('Ctrl Pts',(-3.16253787035398E-13,-96.1796191520793,
72.0414097260791));
#5156=CARTESIAN_POINT('Ctrl Pts',(23.7409170540034,-93.1798368096664,72.4531744319614));
#5157=CARTESIAN_POINT('Ctrl Pts',(53.4535640260633,-81.5543371630358,73.0021940398046));
#5158=CARTESIAN_POINT('Ctrl Pts',(83.3853315243794,-53.7866575833177,73.6884685496084));
#5159=CARTESIAN_POINT('Ctrl Pts',(96.3397631174205,-15.0679613640958,74.3747430594124));
#5160=CARTESIAN_POINT('Ctrl Pts',(94.6786589165028,16.7947812195826,74.9237626672556));
#5161=CARTESIAN_POINT('Ctrl Pts',(87.6218114434073,39.6602735695935,75.3355273731379));
#5162=CARTESIAN_POINT('Ctrl Pts',(75.0992246568184,60.051807519723,75.7472920790203));
#5163=CARTESIAN_POINT('Ctrl Pts',(52.2559334821348,82.326853657244,76.2963116868633));
#5164=CARTESIAN_POINT('Ctrl Pts',(14.6163950469127,98.1451936838902,76.9825861966673));
#5165=CARTESIAN_POINT('Ctrl Pts',(-25.9990558647511,93.9810752829107,77.6688607064712));
#5166=CARTESIAN_POINT('Ctrl Pts',(-54.3417692143493,79.3289685366924,78.2178803143144));
#5167=CARTESIAN_POINT('Ctrl Pts',(-72.2628149943918,63.471290433749,78.6296450201968));
#5168=CARTESIAN_POINT('Ctrl Pts',(-85.6761965032654,43.6543523966969,79.041409726079));
#5169=CARTESIAN_POINT('Ctrl Pts',(-96.549692619772,13.6583407564073,79.5904293339223));
#5170=CARTESIAN_POINT('Ctrl Pts',(-95.4396571969567,-27.1549237071866,80.2767038437262));
#5171=CARTESIAN_POINT('Ctrl Pts',(-74.8980132490459,-62.4394188677017,80.96297835353));
#5172=CARTESIAN_POINT('Ctrl Pts',(-49.8623152400109,-82.2183838891699,81.5119979613733));
#5173=CARTESIAN_POINT('Ctrl Pts',(-28.0257548806363,-92.0058487467482,81.9237626672555));
#5174=CARTESIAN_POINT('Ctrl Pts',(-4.44098288630412,-96.0541035117433,82.335527373138));
#5175=CARTESIAN_POINT('Ctrl Pts',(27.3698179217183,-93.591059851476,82.8845469809809));
#5176=CARTESIAN_POINT('Ctrl Pts',(64.0938961185052,-75.75018500153,83.5708214907851));
#5177=CARTESIAN_POINT('Ctrl Pts',(87.768393723728,-42.4864976239185,84.2570960005887));
#5178=CARTESIAN_POINT('Ctrl Pts',(95.4638506005373,-11.5224285183047,84.8061156084322));
#5179=CARTESIAN_POINT('Ctrl Pts',(95.3760091484029,12.4070955167911,85.2178803143142));
#5180=CARTESIAN_POINT('Ctrl Pts',(89.3387312011873,35.5626804080221,85.6296450201969));
#5181=CARTESIAN_POINT('Ctrl Pts',(73.9774579635101,63.527388821261,86.1786646280397));
#5182=CARTESIAN_POINT('Ctrl Pts',(42.5806112449934,89.6270583775819,86.864939137844));
#5183=CARTESIAN_POINT('Ctrl Pts',(2.51430999601407,97.4785702728273,87.5512136476476));
#5184=CARTESIAN_POINT('Ctrl Pts',(-28.8679285310217,91.7210762734987,88.1002332554909));
#5185=CARTESIAN_POINT('Ctrl Pts',(-50.6320449349488,81.7735603110464,88.5119979613731));
#5186=CARTESIAN_POINT('Ctrl Pts',(-69.2377975255206,66.7251116466366,88.9237626672555));
#5187=CARTESIAN_POINT('Ctrl Pts',(-88.3799622055452,41.1992196253401,89.4727822750987));
#5188=CARTESIAN_POINT('Ctrl Pts',(-99.210664216052,1.83361752433328,90.1590567849024));
#5189=CARTESIAN_POINT('Ctrl Pts',(-89.841976945616,-37.90531091673,90.8453312947067));
#5190=CARTESIAN_POINT('Ctrl Pts',(-71.6561051962331,-64.1211019754613,91.3943509025496));
#5191=CARTESIAN_POINT('Ctrl Pts',(-53.6191219573051,-79.8467839099777,91.8061156084321));
#5192=CARTESIAN_POINT('Ctrl Pts',(-32.2374447659321,-90.5917230513064,92.2178803143144));
#5193=CARTESIAN_POINT('Ctrl Pts',(-1.08938645638708,-97.5049057962686,92.7668999221574));
#5194=CARTESIAN_POINT('Ctrl Pts',(39.2396770555489,-91.1392659175614,93.4531744319616));
#5195=CARTESIAN_POINT('Ctrl Pts',(71.5795035397255,-66.2175814281751,94.1394489417651));
#5196=CARTESIAN_POINT('Ctrl Pts',(87.9636238575046,-38.839593307559,94.6884685496086));
#5197=CARTESIAN_POINT('Ctrl Pts',(94.8524122879461,-15.9229087605405,95.1002332554907));
#5198=CARTESIAN_POINT('Ctrl Pts',(95.8244255424173,7.98702697546827,95.5119979613732));
#5199=CARTESIAN_POINT('Ctrl Pts',(89.2783929804688,39.2143081542385,96.0610175692163));
#5200=CARTESIAN_POINT('Ctrl Pts',(66.8492067570692,73.3300866177473,96.7472920790203));
#5201=CARTESIAN_POINT('Ctrl Pts',(30.8094559731135,92.5157869762312,97.4335665888241));
#5202=CARTESIAN_POINT('Ctrl Pts',(-0.888606814846953,96.1526053124392,97.9825861966674));
#5203=CARTESIAN_POINT('Ctrl Pts',(-24.6068609118423,92.9786079499165,98.3943509025495));
#5204=CARTESIAN_POINT('Ctrl Pts',(-46.7901697155144,84.0047209889687,98.8061156084321));
#5205=CARTESIAN_POINT('Ctrl Pts',(-72.5396322624407,65.1643703907315,99.355135216275));
#5206=CARTESIAN_POINT('Ctrl Pts',(-94.3710625043421,30.6630169620882,100.041409726079));
#5207=CARTESIAN_POINT('Ctrl Pts',(-96.9884511566201,-10.081357023262,100.727684235883));
#5208=CARTESIAN_POINT('Ctrl Pts',(-87.2307785897996,-40.458675176759,101.276703843726));
#5209=CARTESIAN_POINT('Ctrl Pts',(-74.5588231875464,-60.757723995614,101.688468549609));
#5210=CARTESIAN_POINT('Ctrl Pts',(-57.2359813866802,-77.266781770336,102.100233255491));
#5211=CARTESIAN_POINT('Ctrl Pts',(-29.4540417191659,-92.9561877638936,102.649252863334));
#5212=CARTESIAN_POINT('Ctrl Pts',(10.9798008637111,-98.6182641320001,103.335527373138));
#5213=CARTESIAN_POINT('Ctrl Pts',(49.1781451397698,-84.2015644617268,104.021801882942));
#5214=CARTESIAN_POINT('Ctrl Pts',(72.8289320741893,-62.7858247009166,104.570821490785));
#5215=CARTESIAN_POINT('Ctrl Pts',(86.0964644414516,-42.8709453000618,104.982586196668));
#5216=CARTESIAN_POINT('Ctrl Pts',(93.9934067387472,-20.2818298012176,105.39435090255));
#5217=CARTESIAN_POINT('Ctrl Pts',(96.830752618517,11.4977721547323,105.943370510393));
#5218=CARTESIAN_POINT('Ctrl Pts',(85.3158820028289,50.6687115041928,106.629645020197));
#5219=CARTESIAN_POINT('Ctrl Pts',(56.4306134965551,79.5234511172208,107.315919530001));
#5220=CARTESIAN_POINT('Ctrl Pts',(27.1678381184598,92.2389381032234,107.864939137844));
#5221=CARTESIAN_POINT('Ctrl Pts',(3.55398113834608,96.1139342567316,108.276703843726));
#5222=CARTESIAN_POINT('Ctrl Pts',(-20.2815687525537,93.9934630672609,108.688468549609));
#5223=CARTESIAN_POINT('Ctrl Pts',(-50.403503416831,83.4738297941343,109.237488157452));
#5224=CARTESIAN_POINT('Ctrl Pts',(-81.3408867131602,56.8311375579668,109.923762667256));
#5225=CARTESIAN_POINT('Ctrl Pts',(-95.717185088235,18.6175695507005,110.61003717706));
#5226=CARTESIAN_POINT('Ctrl Pts',(-95.2345914346997,-13.2847929869805,111.159056784903));
#5227=CARTESIAN_POINT('Ctrl Pts',(-89.0274775906122,-36.3954306760077,111.570821490785));
#5228=CARTESIAN_POINT('Ctrl Pts',(-77.2669407319537,-57.2357667928532,111.982586196667));
#5229=CARTESIAN_POINT('Ctrl Pts',(-55.2623465050218,-80.339694273438,112.53160580451));
#5230=CARTESIAN_POINT('Ctrl Pts',(-18.2330249926272,-97.5380687067054,113.217880314315));
#5231=CARTESIAN_POINT('Ctrl Pts',(22.50855842735,-94.8775959577031,113.904154824118));
#5232=CARTESIAN_POINT('Ctrl Pts',(51.3733327218292,-81.2828014741947,114.453174431961));
#5233=CARTESIAN_POINT('Ctrl Pts',(69.8681044881641,-66.0981627238611,114.864939137844));
#5234=CARTESIAN_POINT('Ctrl Pts',(84.004591037959,-46.7904030222692,115.276703843726));
#5235=CARTESIAN_POINT('Ctrl Pts',(95.9790588163859,-17.2166688389862,115.825723451569));
#5236=CARTESIAN_POINT('Ctrl Pts',(96.3778927978991,23.6097400928601,116.511997961373));
#5237=CARTESIAN_POINT('Ctrl Pts',(77.1540925587386,59.6291826090898,117.198272471177));
#5238=CARTESIAN_POINT('Ctrl Pts',(52.8663548396297,80.3197463667029,117.74729207902));
#5239=CARTESIAN_POINT('Ctrl Pts',(31.40636903937,90.9074206212118,118.159056784903));
#5240=CARTESIAN_POINT('Ctrl Pts',(7.98729310932589,95.8244033596184,118.570821490785));
#5241=CARTESIAN_POINT('Ctrl Pts',(-23.89279599125,94.5384985966621,119.119841098628));
#5242=CARTESIAN_POINT('Ctrl Pts',(-61.2510409274453,78.06681774429,119.806115608432));
#5243=CARTESIAN_POINT('Ctrl Pts',(-86.1385133984735,45.7006556483768,120.492390118236));
#5244=CARTESIAN_POINT('Ctrl Pts',(-94.9728835217065,15.0420918097721,121.041409726079));
#5245=CARTESIAN_POINT('Ctrl Pts',(-95.7693338527644,-8.87433567296698,121.453174431962));
#5246=CARTESIAN_POINT('Ctrl Pts',(-90.5918125842544,-32.2371931647425,121.864939137844));
#5247=CARTESIAN_POINT('Ctrl Pts',(-76.2743680781657,-60.7504254426769,122.413958745687));
#5248=CARTESIAN_POINT('Ctrl Pts',(-45.8633854413432,-87.9924310567416,123.100233255491));
#5249=CARTESIAN_POINT('Ctrl Pts',(-6.11457220337667,-97.3190907477076,123.786507765295));
#5250=CARTESIAN_POINT('Ctrl Pts',(25.4589821781204,-92.7251495382632,124.335527373138));
#5251=CARTESIAN_POINT('Ctrl Pts',(47.5758106295978,-83.5886438649556,124.74729207902));
#5252=CARTESIAN_POINT('Ctrl Pts',(66.7249193516242,-69.2379828413881,125.159056784903));
#5253=CARTESIAN_POINT('Ctrl Pts',(86.7972310682088,-44.4368551556628,125.708076392746));
#5254=CARTESIAN_POINT('Ctrl Pts',(99.0751543818857,-5.4983480719542,126.39435090255));
#5255=CARTESIAN_POINT('Ctrl Pts',(91.1812783526857,34.5596281127866,127.080625412353));
#5256=CARTESIAN_POINT('Ctrl Pts',(73.9765392454418,61.4295105919964,127.629645020197));
#5257=CARTESIAN_POINT('Ctrl Pts',(56.5329617109291,77.81094640625,128.041409726079));
#5258=CARTESIAN_POINT('Ctrl Pts',(35.5629285248976,89.3386324328839,128.453174431961));
#5259=CARTESIAN_POINT('Ctrl Pts',(4.69159494691258,97.398061345696,129.002194039804));
#5260=CARTESIAN_POINT('Ctrl Pts',(-35.8451462068815,92.5269881856504,129.688468549609));
#5261=CARTESIAN_POINT('Ctrl Pts',(-69.0837800941888,68.8173287799929,130.374743059412));
#5262=CARTESIAN_POINT('Ctrl Pts',(-86.468368824667,42.0634559997644,130.923762667256));
#5263=CARTESIAN_POINT('Ctrl Pts',(-94.1992583550841,19.4169732148894,131.335527373138));
#5264=CARTESIAN_POINT('Ctrl Pts',(-96.0541160050627,-4.4407160936125,131.74729207902));
#5265=CARTESIAN_POINT('Ctrl Pts',(-90.6664483420893,-35.8885567022561,132.296311686863));
#5266=CARTESIAN_POINT('Ctrl Pts',(-69.5132101839269,-70.8098280562988,132.982586196668));
#5267=CARTESIAN_POINT('Ctrl Pts',(-34.207010850252,-91.3141488165644,133.668860706471));
#5268=CARTESIAN_POINT('Ctrl Pts',(-2.66498455053878,-96.1197740154504,134.217880314314));
#5269=CARTESIAN_POINT('Ctrl Pts',(21.1543602983259,-93.8243699992967,134.629645020197));
#5270=CARTESIAN_POINT('Ctrl Pts',(43.6541082398908,-85.6763169322107,135.041409726079));
#5271=CARTESIAN_POINT('Ctrl Pts',(70.0821844377669,-67.8003169984065,135.590429333922));
#5272=CARTESIAN_POINT('Ctrl Pts',(93.1735386099457,-34.1292243401297,136.276703843726));
#5273=CARTESIAN_POINT('Ctrl Pts',(97.2947803501051,6.49059745252978,136.96297835353));
#5274=CARTESIAN_POINT('Ctrl Pts',(88.6661531424969,37.2077442268809,137.511997961373));
#5275=CARTESIAN_POINT('Ctrl Pts',(76.7531238749797,57.9611526887664,137.923762667256));
#5276=CARTESIAN_POINT('Ctrl Pts',(60.0517748314193,75.0990894442771,138.335527373138));
#5277=CARTESIAN_POINT('Ctrl Pts',(32.8693244745817,91.8042642393661,138.884546980981));
#5278=CARTESIAN_POINT('Ctrl Pts',(-7.32936330052947,98.9567848400421,139.570821490785));
#5279=CARTESIAN_POINT('Ctrl Pts',(-46.0314276008787,85.9610361575058,140.257096000589));
#5280=CARTESIAN_POINT('Ctrl Pts',(-70.4615292183365,65.4343927927663,140.806115608432));
#5281=CARTESIAN_POINT('Ctrl Pts',(-84.4483967645476,46.0223990864037,141.217880314315));
#5282=CARTESIAN_POINT('Ctrl Pts',(-93.1894714766112,23.7423652368947,141.629645020197));
#5283=CARTESIAN_POINT('Ctrl Pts',(-96.1713619524947,6.49451527312895E-13,
142.041409726079));
#5284=CARTESIAN_POINT('Ctrl Pts',(-93.1894714766116,-23.7423652368933,142.453174431961));
#5285=CARTESIAN_POINT('Ctrl Pts',(-84.4483967645482,-46.0223990864026,142.864939137844));
#5286=CARTESIAN_POINT('Ctrl Pts',(-70.4615292183374,-65.4343927927653,143.276703843726));
#5287=CARTESIAN_POINT('Ctrl Pts',(-46.0314276008799,-85.9610361575051,143.825723451569));
#5288=CARTESIAN_POINT('Ctrl Pts',(-7.32936330053082,-98.9567848400421,144.511997961373));
#5289=CARTESIAN_POINT('Ctrl Pts',(32.8693244745804,-91.8042642393664,145.198272471177));
#5290=CARTESIAN_POINT('Ctrl Pts',(60.0517748314183,-75.0990894442781,145.74729207902));
#5291=CARTESIAN_POINT('Ctrl Pts',(76.7531238749789,-57.9611526887674,146.159056784903));
#5292=CARTESIAN_POINT('Ctrl Pts',(88.6661531424964,-37.2077442268822,146.570821490785));
#5293=CARTESIAN_POINT('Ctrl Pts',(97.2947803501051,-6.49059745253104,147.119841098628));
#5294=CARTESIAN_POINT('Ctrl Pts',(93.1735386099461,34.1292243401283,147.806115608432));
#5295=CARTESIAN_POINT('Ctrl Pts',(70.0821844377679,67.8003169984056,148.492390118236));
#5296=CARTESIAN_POINT('Ctrl Pts',(43.654108239892,85.67631693221,149.041409726079));
#5297=CARTESIAN_POINT('Ctrl Pts',(21.1543602983272,93.8243699992965,149.453174431961));
#5298=CARTESIAN_POINT('Ctrl Pts',(-2.66498455053745,96.1197740154504,149.864939137844));
#5299=CARTESIAN_POINT('Ctrl Pts',(-34.2070108502508,91.3141488165649,150.413958745687));
#5300=CARTESIAN_POINT('Ctrl Pts',(-69.5132101839258,70.8098280562996,151.100233255491));
#5301=CARTESIAN_POINT('Ctrl Pts',(-90.6664483420889,35.8885567022575,151.786507765295));
#5302=CARTESIAN_POINT('Ctrl Pts',(-96.0541160050626,4.44071609361419,152.335527373138));
#5303=CARTESIAN_POINT('Ctrl Pts',(-94.1992583550845,-19.4169732148867,152.74729207902));
#5304=CARTESIAN_POINT('Ctrl Pts',(-86.4683688246684,-42.0634559997616,153.159056784903));
#5305=CARTESIAN_POINT('Ctrl Pts',(-69.0837800941909,-68.8173287799909,153.708076392746));
#5306=CARTESIAN_POINT('Ctrl Pts',(-35.8451462068832,-92.5269881856499,154.39435090255));
#5307=CARTESIAN_POINT('Ctrl Pts',(4.69159494691125,-97.3980613456961,155.080625412354));
#5308=CARTESIAN_POINT('Ctrl Pts',(35.5629285248963,-89.3386324328844,155.629645020197));
#5309=CARTESIAN_POINT('Ctrl Pts',(56.532961710928,-77.8109464062508,156.041409726079));
#5310=CARTESIAN_POINT('Ctrl Pts',(73.976539245441,-61.4295105919974,156.453174431962));
#5311=CARTESIAN_POINT('Ctrl Pts',(91.1812783526852,-34.5596281127877,157.002194039804));
#5312=CARTESIAN_POINT('Ctrl Pts',(99.0751543818858,5.4983480719528,157.688468549609));
#5313=CARTESIAN_POINT('Ctrl Pts',(86.7972310682095,44.4368551556616,158.374743059412));
#5314=CARTESIAN_POINT('Ctrl Pts',(66.7249193516251,69.2379828413873,158.923762667255));
#5315=CARTESIAN_POINT('Ctrl Pts',(47.575810629599,83.5886438649549,159.335527373138));
#5316=CARTESIAN_POINT('Ctrl Pts',(25.4589821781217,92.7251495382629,159.74729207902));
#5317=CARTESIAN_POINT('Ctrl Pts',(-6.11457220337536,97.3190907477074,160.296311686863));
#5318=CARTESIAN_POINT('Ctrl Pts',(-45.8633854413419,87.9924310567423,160.982586196667));
#5319=CARTESIAN_POINT('Ctrl Pts',(-76.274368078165,60.750425442678,161.668860706471));
#5320=CARTESIAN_POINT('Ctrl Pts',(-90.5918125842539,32.2371931647437,162.217880314314));
#5321=CARTESIAN_POINT('Ctrl Pts',(-95.7693338527643,8.87433567296832,162.629645020197));
#5322=CARTESIAN_POINT('Ctrl Pts',(-94.9728835217068,-15.0420918097708,163.041409726079));
#5323=CARTESIAN_POINT('Ctrl Pts',(-86.138513398474,-45.7006556483756,163.590429333922));
#5324=CARTESIAN_POINT('Ctrl Pts',(-61.2510409274465,-78.0668177442892,164.276703843726));
#5325=CARTESIAN_POINT('Ctrl Pts',(-23.8927959912513,-94.5384985966617,164.96297835353));
#5326=CARTESIAN_POINT('Ctrl Pts',(7.98729310932458,-95.8244033596185,165.511997961373));
#5327=CARTESIAN_POINT('Ctrl Pts',(31.4063690393687,-90.9074206212122,165.923762667256));
#5328=CARTESIAN_POINT('Ctrl Pts',(52.8663548396287,-80.3197463667036,166.335527373138));
#5329=CARTESIAN_POINT('Ctrl Pts',(77.1540925587377,-59.6291826090909,166.884546980981));
#5330=CARTESIAN_POINT('Ctrl Pts',(96.3778927978988,-23.6097400928614,167.570821490785));
#5331=CARTESIAN_POINT('Ctrl Pts',(95.9790588163862,17.2166688389849,168.257096000589));
#5332=CARTESIAN_POINT('Ctrl Pts',(84.0045910379596,46.790403022268,168.806115608432));
#5333=CARTESIAN_POINT('Ctrl Pts',(69.8681044881651,66.0981627238601,169.217880314314));
#5334=CARTESIAN_POINT('Ctrl Pts',(51.3733327218303,81.282801474194,169.629645020197));
#5335=CARTESIAN_POINT('Ctrl Pts',(22.5085584273512,94.8775959577029,170.17866462804));
#5336=CARTESIAN_POINT('Ctrl Pts',(-18.2330249926258,97.5380687067054,170.864939137844));
#5337=CARTESIAN_POINT('Ctrl Pts',(-55.2623465050207,80.339694273439,171.551213647648));
#5338=CARTESIAN_POINT('Ctrl Pts',(-77.2669407319529,57.2357667928541,172.100233255491));
#5339=CARTESIAN_POINT('Ctrl Pts',(-89.0274775906117,36.395430676009,172.511997961373));
#5340=CARTESIAN_POINT('Ctrl Pts',(-95.2345914346996,13.2847929869818,172.923762667255));
#5341=CARTESIAN_POINT('Ctrl Pts',(-95.7171850882351,-18.6175695506991,173.472782275099));
#5342=CARTESIAN_POINT('Ctrl Pts',(-81.3408867131612,-56.8311375579658,174.159056784903));
#5343=CARTESIAN_POINT('Ctrl Pts',(-50.4035034168321,-83.4738297941335,174.845331294707));
#5344=CARTESIAN_POINT('Ctrl Pts',(-20.281568752555,-93.9934630672607,175.39435090255));
#5345=CARTESIAN_POINT('Ctrl Pts',(3.55398113834484,-96.1139342567316,175.806115608432));
#5346=CARTESIAN_POINT('Ctrl Pts',(27.1678381184582,-92.2389381032238,176.217880314314));
#5347=CARTESIAN_POINT('Ctrl Pts',(56.4306134965538,-79.5234511172218,176.766899922158));
#5348=CARTESIAN_POINT('Ctrl Pts',(85.315882002828,-50.6687115041942,177.453174431961));
#5349=CARTESIAN_POINT('Ctrl Pts',(96.8307526185171,-11.4977721547332,178.139448941766));
#5350=CARTESIAN_POINT('Ctrl Pts',(93.9934067387472,20.2818298012173,178.688468549608));
#5351=CARTESIAN_POINT('Ctrl Pts',(86.0964644414517,42.8709453000612,179.100233255491));
#5352=CARTESIAN_POINT('Ctrl Pts',(72.82893207419,62.785824700916,179.511997961373));
#5353=CARTESIAN_POINT('Ctrl Pts',(49.1781451397704,84.2015644617264,180.061017569217));
#5354=CARTESIAN_POINT('Ctrl Pts',(10.9798008637119,98.6182641320003,180.74729207902));
#5355=CARTESIAN_POINT('Ctrl Pts',(-29.4540417191656,92.9561877638936,181.433566588824));
#5356=CARTESIAN_POINT('Ctrl Pts',(-57.2359813866795,77.2667817703363,181.982586196667));
#5357=CARTESIAN_POINT('Ctrl Pts',(-74.5588231875458,60.7577239956149,182.39435090255));
#5358=CARTESIAN_POINT('Ctrl Pts',(-87.2307785897988,40.4586751767604,182.806115608432));
#5359=CARTESIAN_POINT('Ctrl Pts',(-96.9884511566202,10.0813570232636,183.355135216275));
#5360=CARTESIAN_POINT('Ctrl Pts',(-94.3710625043423,-30.6630169620869,184.041409726079));
#5361=CARTESIAN_POINT('Ctrl Pts',(-72.5396322624415,-65.1643703907308,184.727684235883));
#5362=CARTESIAN_POINT('Ctrl Pts',(-46.7901697155153,-84.0047209889681,185.276703843726));
#5363=CARTESIAN_POINT('Ctrl Pts',(-24.6068609118436,-92.9786079499161,185.688468549609));
#5364=CARTESIAN_POINT('Ctrl Pts',(-0.888606814848533,-96.1526053124392,
186.100233255491));
#5365=CARTESIAN_POINT('Ctrl Pts',(30.809455973112,-92.5157869762316,186.649252863334));
#5366=CARTESIAN_POINT('Ctrl Pts',(66.8492067570682,-73.3300866177484,187.335527373138));
#5367=CARTESIAN_POINT('Ctrl Pts',(89.2783929804683,-39.2143081542395,188.021801882942));
#5368=CARTESIAN_POINT('Ctrl Pts',(95.8244255424171,-7.9870269754694,188.570821490785));
#5369=CARTESIAN_POINT('Ctrl Pts',(94.8524122879463,15.9229087605392,188.982586196667));
#5370=CARTESIAN_POINT('Ctrl Pts',(87.9636238575052,38.8395933075576,189.39435090255));
#5371=CARTESIAN_POINT('Ctrl Pts',(71.5795035397265,66.217581428174,189.943370510393));
#5372=CARTESIAN_POINT('Ctrl Pts',(39.2396770555503,91.1392659175608,190.629645020197));
#5373=CARTESIAN_POINT('Ctrl Pts',(-1.08938645638597,97.5049057962687,191.31591953));
#5374=CARTESIAN_POINT('Ctrl Pts',(-32.2374447659311,90.5917230513067,191.864939137844));
#5375=CARTESIAN_POINT('Ctrl Pts',(-53.6191219573039,79.8467839099784,192.276703843726));
#5376=CARTESIAN_POINT('Ctrl Pts',(-71.6561051962321,64.1211019754624,192.688468549609));
#5377=CARTESIAN_POINT('Ctrl Pts',(-89.8419769456153,37.9053109167315,193.237488157451));
#5378=CARTESIAN_POINT('Ctrl Pts',(-99.2106642160521,-1.83361752433172,193.923762667256));
#5379=CARTESIAN_POINT('Ctrl Pts',(-88.3799622055457,-41.1992196253386,194.610037177059));
#5380=CARTESIAN_POINT('Ctrl Pts',(-69.2377975255219,-66.7251116466354,195.159056784903));
#5381=CARTESIAN_POINT('Ctrl Pts',(-50.6320449349505,-81.7735603110453,195.570821490785));
#5382=CARTESIAN_POINT('Ctrl Pts',(-28.8679285310237,-91.721076273498,195.982586196667));
#5383=CARTESIAN_POINT('Ctrl Pts',(2.51430999601177,-97.4785702728273,196.531605804511));
#5384=CARTESIAN_POINT('Ctrl Pts',(42.5806112449916,-89.6270583775828,197.217880314314));
#5385=CARTESIAN_POINT('Ctrl Pts',(73.977457963509,-63.5273888212624,197.904154824119));
#5386=CARTESIAN_POINT('Ctrl Pts',(89.3387312011866,-35.5626804080238,198.453174431961));
#5387=CARTESIAN_POINT('Ctrl Pts',(95.3760091484027,-12.407095516793,198.864939137844));
#5388=CARTESIAN_POINT('Ctrl Pts',(95.4638506005375,11.5224285183024,199.276703843726));
#5389=CARTESIAN_POINT('Ctrl Pts',(87.7683937237288,42.4864976239171,199.82572345157));
#5390=CARTESIAN_POINT('Ctrl Pts',(64.0938961185062,75.7501850015292,200.511997961373));
#5391=CARTESIAN_POINT('Ctrl Pts',(27.3698179217191,93.5910598514757,201.198272471178));
#5392=CARTESIAN_POINT('Ctrl Pts',(-4.44098288630321,96.0541035117433,201.74729207902));
#5393=CARTESIAN_POINT('Ctrl Pts',(-28.0257548806357,92.0058487467485,202.159056784903));
#5394=CARTESIAN_POINT('Ctrl Pts',(-49.8623152400104,82.2183838891701,202.570821490785));
#5395=CARTESIAN_POINT('Ctrl Pts',(-74.8980132490458,62.4394188677021,203.119841098628));
#5396=CARTESIAN_POINT('Ctrl Pts',(-95.4396571969564,27.1549237071872,203.806115608432));
#5397=CARTESIAN_POINT('Ctrl Pts',(-96.5496926197722,-13.6583407564064,204.492390118236));
#5398=CARTESIAN_POINT('Ctrl Pts',(-85.6761965032657,-43.6543523966959,205.041409726079));
#5399=CARTESIAN_POINT('Ctrl Pts',(-72.2628149943927,-63.4712904337482,205.453174431962));
#5400=CARTESIAN_POINT('Ctrl Pts',(-54.3417692143502,-79.3289685366917,205.864939137844));
#5401=CARTESIAN_POINT('Ctrl Pts',(-25.9990558647522,-93.9810752829104,206.413958745687));
#5402=CARTESIAN_POINT('Ctrl Pts',(14.6163950469113,-98.1451936838904,207.10023325549));
#5403=CARTESIAN_POINT('Ctrl Pts',(52.2559334821337,-82.3268536572449,207.786507765295));
#5404=CARTESIAN_POINT('Ctrl Pts',(75.0992246568172,-60.0518075197242,208.335527373138));
#5405=CARTESIAN_POINT('Ctrl Pts',(87.6218114434069,-39.6602735695947,208.74729207902));
#5406=CARTESIAN_POINT('Ctrl Pts',(94.6786589165026,-16.7947812195837,209.159056784902));
#5407=CARTESIAN_POINT('Ctrl Pts',(96.3397631174206,15.0679613640948,209.708076392746));
#5408=CARTESIAN_POINT('Ctrl Pts',(83.3853315243803,53.7866575833165,210.39435090255));
#5409=CARTESIAN_POINT('Ctrl Pts',(53.4535640260645,81.554337163035,211.080625412353));
#5410=CARTESIAN_POINT('Ctrl Pts',(23.740917054005,93.1798368096659,211.629645020197));
#5411=CARTESIAN_POINT('Ctrl Pts',(9.80652499294648E-13,96.1796191520794,
212.041409726079));
#5412=CARTESIAN_POINT('Ctrl Pts',(-23.740917054003,93.1798368096665,212.453174431962));
#5413=CARTESIAN_POINT('Ctrl Pts',(-53.4535640260629,81.5543371630361,213.002194039805));
#5414=CARTESIAN_POINT('Ctrl Pts',(-83.3853315243794,53.7866575833179,213.688468549608));
#5415=CARTESIAN_POINT('Ctrl Pts',(-96.3397631174208,15.0679613640954,214.374743059412));
#5416=CARTESIAN_POINT('Ctrl Pts',(-94.6786589165026,-16.7947812195839,214.923762667256));
#5417=CARTESIAN_POINT('Ctrl Pts',(-87.6218114434065,-39.6602735695954,215.335527373138));
#5418=CARTESIAN_POINT('Ctrl Pts',(-75.0992246568171,-60.0518075197243,215.74729207902));
#5419=CARTESIAN_POINT('Ctrl Pts',(-52.255933482134,-82.3268536572445,216.296311686863));
#5420=CARTESIAN_POINT('Ctrl Pts',(-14.6163950469125,-98.1451936838902,216.982586196667));
#5421=CARTESIAN_POINT('Ctrl Pts',(25.9990558647517,-93.9810752829108,217.668860706471));
#5422=CARTESIAN_POINT('Ctrl Pts',(54.3417692143505,-79.3289685366916,218.217880314315));
#5423=CARTESIAN_POINT('Ctrl Pts',(72.262814994393,-63.4712904337477,218.629645020197));
#5424=CARTESIAN_POINT('Ctrl Pts',(85.676196503266,-43.6543523966955,219.041409726079));
#5425=CARTESIAN_POINT('Ctrl Pts',(96.5496926197716,-13.6583407564071,219.590429333922));
#5426=CARTESIAN_POINT('Ctrl Pts',(95.4396571969571,27.1549237071863,220.276703843726));
#5427=CARTESIAN_POINT('Ctrl Pts',(74.8980132490461,62.4394188677015,220.96297835353));
#5428=CARTESIAN_POINT('Ctrl Pts',(49.8623152400104,82.2183838891705,221.511997961373));
#5429=CARTESIAN_POINT('Ctrl Pts',(28.0257548806349,92.0058487467485,221.923762667256));
#5430=CARTESIAN_POINT('Ctrl Pts',(4.44098288630295,96.0541035117433,222.335527373138));
#5431=CARTESIAN_POINT('Ctrl Pts',(-27.3698179217185,93.5910598514756,222.884546980981));
#5432=CARTESIAN_POINT('Ctrl Pts',(-64.0938961185049,75.7501850015303,223.570821490785));
#5433=CARTESIAN_POINT('Ctrl Pts',(-87.768393723728,42.4864976239188,224.257096000589));
#5434=CARTESIAN_POINT('Ctrl Pts',(-95.4638506005374,11.522428518304,224.806115608432));
#5435=CARTESIAN_POINT('Ctrl Pts',(-95.3760091484028,-12.4070955167925,225.217880314314));
#5436=CARTESIAN_POINT('Ctrl Pts',(-89.3387312011868,-35.5626804080232,225.629645020197));
#5437=CARTESIAN_POINT('Ctrl Pts',(-73.9774579635098,-63.5273888212611,226.17866462804));
#5438=CARTESIAN_POINT('Ctrl Pts',(-42.5806112449939,-89.6270583775817,226.864939137844));
#5439=CARTESIAN_POINT('Ctrl Pts',(-2.51430999601425,-97.4785702728273,227.551213647648));
#5440=CARTESIAN_POINT('Ctrl Pts',(28.8679285310223,-91.7210762734986,228.100233255491));
#5441=CARTESIAN_POINT('Ctrl Pts',(50.63204493495,-81.7735603110456,228.511997961373));
#5442=CARTESIAN_POINT('Ctrl Pts',(69.2377975255214,-66.7251116466359,228.923762667256));
#5443=CARTESIAN_POINT('Ctrl Pts',(88.3799622055449,-41.1992196253399,229.472782275099));
#5444=CARTESIAN_POINT('Ctrl Pts',(99.210664216052,-1.83361752433428,230.159056784903));
#5445=CARTESIAN_POINT('Ctrl Pts',(89.8419769456165,37.9053109167293,230.845331294707));
#5446=CARTESIAN_POINT('Ctrl Pts',(71.6561051962332,64.1211019754614,231.39435090255));
#5447=CARTESIAN_POINT('Ctrl Pts',(53.6191219573044,79.846783909978,231.806115608432));
#5448=CARTESIAN_POINT('Ctrl Pts',(32.2374447659317,90.5917230513066,232.217880314315));
#5449=CARTESIAN_POINT('Ctrl Pts',(1.08938645638754,97.5049057962683,232.766899922157));
#5450=CARTESIAN_POINT('Ctrl Pts',(-39.239677055548,91.139265917562,233.453174431962));
#5451=CARTESIAN_POINT('Ctrl Pts',(-71.5795035397249,66.2175814281759,234.139448941765));
#5452=CARTESIAN_POINT('Ctrl Pts',(-87.9636238575047,38.839593307559,234.688468549609));
#5453=CARTESIAN_POINT('Ctrl Pts',(-94.8524122879462,15.9229087605398,235.100233255491));
#5454=CARTESIAN_POINT('Ctrl Pts',(-95.8244255424172,-7.9870269754688,235.511997961373));
#5455=CARTESIAN_POINT('Ctrl Pts',(-89.2783929804688,-39.2143081542379,236.061017569216));
#5456=CARTESIAN_POINT('Ctrl Pts',(-66.8492067570701,-73.3300866177468,236.74729207902));
#5457=CARTESIAN_POINT('Ctrl Pts',(-30.8094559731144,-92.5157869762309,237.433566588824));
#5458=CARTESIAN_POINT('Ctrl Pts',(0.888606814847013,-96.1526053124393,237.982586196667));
#5459=CARTESIAN_POINT('Ctrl Pts',(24.606860911843,-92.9786079499163,238.39435090255));
#5460=CARTESIAN_POINT('Ctrl Pts',(46.7901697155148,-84.0047209889684,238.806115608432));
#5461=CARTESIAN_POINT('Ctrl Pts',(72.5396322624403,-65.1643703907317,239.355135216275));
#5462=CARTESIAN_POINT('Ctrl Pts',(94.3710625043417,-30.6630169620893,240.04140972608));
#5463=CARTESIAN_POINT('Ctrl Pts',(96.9884511566205,10.0813570232611,240.727684235883));
#5464=CARTESIAN_POINT('Ctrl Pts',(87.2307785897996,40.4586751767591,241.276703843726));
#5465=CARTESIAN_POINT('Ctrl Pts',(74.5588231875462,60.7577239956143,241.688468549608));
#5466=CARTESIAN_POINT('Ctrl Pts',(57.2359813866801,77.266781770336,242.100233255491));
#5467=CARTESIAN_POINT('Ctrl Pts',(29.4540417191669,92.9561877638929,242.649252863334));
#5468=CARTESIAN_POINT('Ctrl Pts',(-10.9798008637093,98.6182641320007,243.335527373138));
#5469=CARTESIAN_POINT('Ctrl Pts',(-49.1781451397684,84.2015644617276,244.021801882942));
#5470=CARTESIAN_POINT('Ctrl Pts',(-72.828932074189,62.7858247009172,244.570821490785));
#5471=CARTESIAN_POINT('Ctrl Pts',(-86.0964644414516,42.8709453000618,244.982586196667));
#5472=CARTESIAN_POINT('Ctrl Pts',(-93.9934067387471,20.2818298012178,245.39435090255));
#5473=CARTESIAN_POINT('Ctrl Pts',(-96.8307526185171,-11.4977721547311,245.943370510393));
#5474=CARTESIAN_POINT('Ctrl Pts',(-85.3158820028298,-50.6687115041913,246.629645020197));
#5475=CARTESIAN_POINT('Ctrl Pts',(-56.4306134965565,-79.5234511172198,247.315919530001));
#5476=CARTESIAN_POINT('Ctrl Pts',(-27.1678381184606,-92.2389381032233,247.864939137844));
#5477=CARTESIAN_POINT('Ctrl Pts',(-3.55398113834679,-96.1139342567315,248.276703843726));
#5478=CARTESIAN_POINT('Ctrl Pts',(20.2815687525526,-93.9934630672611,248.688468549609));
#5479=CARTESIAN_POINT('Ctrl Pts',(50.4035034168291,-83.4738297941352,249.237488157452));
#5480=CARTESIAN_POINT('Ctrl Pts',(81.340886713159,-56.8311375579688,249.923762667256));
#5481=CARTESIAN_POINT('Ctrl Pts',(95.7171850882346,-18.6175695507025,250.610037177059));
#5482=CARTESIAN_POINT('Ctrl Pts',(95.2345914347001,13.2847929869795,251.159056784903));
#5483=CARTESIAN_POINT('Ctrl Pts',(89.0274775906124,36.3954306760071,251.570821490785));
#5484=CARTESIAN_POINT('Ctrl Pts',(77.2669407319543,57.2357667928523,251.982586196667));
#5485=CARTESIAN_POINT('Ctrl Pts',(55.2623465050233,80.3396942734366,252.53160580451));
#5486=CARTESIAN_POINT('Ctrl Pts',(18.2330249926297,97.5380687067049,253.217880314314));
#5487=CARTESIAN_POINT('Ctrl Pts',(-22.5085584273479,94.8775959577038,253.904154824118));
#5488=CARTESIAN_POINT('Ctrl Pts',(-51.3733327218284,81.2828014741953,254.453174431961));
#5489=CARTESIAN_POINT('Ctrl Pts',(-69.8681044881635,66.0981627238616,254.864939137844));
#5490=CARTESIAN_POINT('Ctrl Pts',(-84.0045910379586,46.79040302227,255.276703843726));
#5491=CARTESIAN_POINT('Ctrl Pts',(-95.9790588163852,17.2166688389882,255.825723451569));
#5492=CARTESIAN_POINT('Ctrl Pts',(-96.3778927979,-23.6097400928576,256.511997961373));
#5493=CARTESIAN_POINT('Ctrl Pts',(-77.1540925587398,-59.6291826090883,257.198272471177));
#5494=CARTESIAN_POINT('Ctrl Pts',(-52.8663548396308,-80.3197463667024,257.747292079021));
#5495=CARTESIAN_POINT('Ctrl Pts',(-31.4063690393705,-90.9074206212115,258.159056784902));
#5496=CARTESIAN_POINT('Ctrl Pts',(-7.98729310932702,-95.8244033596183,258.570821490785));
#5497=CARTESIAN_POINT('Ctrl Pts',(23.8927959912489,-94.5384985966625,259.119841098628));
#5498=CARTESIAN_POINT('Ctrl Pts',(61.251040927445,-78.0668177442904,259.806115608432));
#5499=CARTESIAN_POINT('Ctrl Pts',(86.1385133984733,-45.7006556483771,260.492390118236));
#5500=CARTESIAN_POINT('Ctrl Pts',(94.9728835217065,-15.0420918097722,261.041409726079));
#5501=CARTESIAN_POINT('Ctrl Pts',(95.7693338527644,8.87433567296618,261.453174431962));
#5502=CARTESIAN_POINT('Ctrl Pts',(90.5918125842547,32.2371931647426,261.864939137844));
#5503=CARTESIAN_POINT('Ctrl Pts',(76.274368078165,60.750425442677,262.413958745687));
#5504=CARTESIAN_POINT('Ctrl Pts',(45.863385441343,87.9924310567433,263.100233255491));
#5505=CARTESIAN_POINT('Ctrl Pts',(6.11457220337455,97.3190907477057,263.786507765295));
#5506=CARTESIAN_POINT('Ctrl Pts',(-25.4589821781183,92.7251495382656,264.335527373138));
#5507=CARTESIAN_POINT('Ctrl Pts',(-47.5758106296013,83.5886438649505,264.74729207902));
#5508=CARTESIAN_POINT('Ctrl Pts',(-66.7249193516165,69.2379828413984,265.159056784902));
#5509=CARTESIAN_POINT('Ctrl Pts',(-86.7972310682256,44.4368551556402,265.708076392746));
#5510=CARTESIAN_POINT('Ctrl Pts',(-99.0751543818502,5.49834807200121,266.39435090255));
#5511=CARTESIAN_POINT('Ctrl Pts',(-91.1812783527394,-34.5596281128607,267.080625412353));
#5512=CARTESIAN_POINT('Ctrl Pts',(-73.9765392453692,-61.4295105918974,267.629645020197));
#5513=CARTESIAN_POINT('Ctrl Pts',(-56.532961711086,-77.8109464064625,268.041409726079));
#5514=CARTESIAN_POINT('Ctrl Pts',(-35.5629285246096,-89.3386324324914,268.453174431962));
#5515=CARTESIAN_POINT('Ctrl Pts',(-4.69159494754216,-97.3980613465544,269.002194039804));
#5516=CARTESIAN_POINT('Ctrl Pts',(35.8451462082608,-92.5269881837733,269.688468549609));
#5517=CARTESIAN_POINT('Ctrl Pts',(69.0837800920898,-68.8173287828511,270.374743059412));
#5518=CARTESIAN_POINT('Ctrl Pts',(86.4683688274891,-42.0634559959213,270.923762667256));
#5519=CARTESIAN_POINT('Ctrl Pts',(94.1992583490071,-19.4169732231654,271.335527373138));
#5520=CARTESIAN_POINT('Ctrl Pts',(96.0541160162647,4.44071610886665,271.74729207902));
#5521=CARTESIAN_POINT('Ctrl Pts',(90.6664483175938,35.8885566688979,272.296311686863));
#5522=CARTESIAN_POINT('Ctrl Pts',(69.5132102374906,70.8098281292413,272.982586196668));
#5523=CARTESIAN_POINT('Ctrl Pts',(34.2070107686595,91.31414870545,273.668860706471));
#5524=CARTESIAN_POINT('Ctrl Pts',(2.66498466022876,96.119774164823,274.217880314314));
#5525=CARTESIAN_POINT('Ctrl Pts',(-21.1543605345049,93.8243696776668,274.629645020197));
#5526=CARTESIAN_POINT('Ctrl Pts',(-43.6541078045138,85.6763175251047,275.041409726079));
#5527=CARTESIAN_POINT('Ctrl Pts',(-70.0821853898144,67.800315701912,275.590429333922));
#5528=CARTESIAN_POINT('Ctrl Pts',(-93.1735365281417,34.1292271751222,276.276703843727));
#5529=CARTESIAN_POINT('Ctrl Pts',(-97.2947835213234,-6.49060177108058,276.962978353529));
#5530=CARTESIAN_POINT('Ctrl Pts',(-88.6661488793571,-37.2077384213546,277.511997961374));
#5531=CARTESIAN_POINT('Ctrl Pts',(-76.7531330544375,-57.961165189274,277.923762667255));
#5532=CARTESIAN_POINT('Ctrl Pts',(-60.0517579097835,-75.0990664007904,278.335527373138));
#5533=CARTESIAN_POINT('Ctrl Pts',(-32.8693614801186,-91.8043146296874,278.884546980981));
#5534=CARTESIAN_POINT('Ctrl Pts',(7.32944424895028,-98.9566746470403,279.570821490785));
#5535=CARTESIAN_POINT('Ctrl Pts',(46.0313041580922,-85.9612040440539,280.257096000589));
#5536=CARTESIAN_POINT('Ctrl Pts',(70.461696120344,-65.4341668905462,280.806115608432));
#5537=CARTESIAN_POINT('Ctrl Pts',(84.4480247273374,-46.0228882711622,281.217880314314));
#5538=CARTESIAN_POINT('Ctrl Pts',(93.1902637638937,-23.7414397679079,281.629645020197));
#5539=CARTESIAN_POINT('Ctrl Pts',(95.1763604421766,-7.9148248494922,281.904154824118));
#5540=CARTESIAN_POINT('Ctrl Pts',(95.1763604421767,-1.30567881120077E-12,
282.041409726079));
#5541=CARTESIAN_POINT('Ctrl Pts',(96.7781182098821,0.,4.04280028617192));
#5542=CARTESIAN_POINT('Ctrl Pts',(96.7781182098821,8.04808126218292,4.18005518813271));
#5543=CARTESIAN_POINT('Ctrl Pts',(94.7585967844557,24.1409554743573,4.45456499205427));
#5544=CARTESIAN_POINT('Ctrl Pts',(85.8692314108676,46.7974416051454,4.86632969793663));
#5545=CARTESIAN_POINT('Ctrl Pts',(71.6475217661481,66.535374679777,5.27809440381898));
#5546=CARTESIAN_POINT('Ctrl Pts',(46.8059818054661,87.4078822868765,5.82711401166212));
#5547=CARTESIAN_POINT('Ctrl Pts',(7.45279414596525,100.622048960031,6.51338852146603));
#5548=CARTESIAN_POINT('Ctrl Pts',(-33.4225319819704,93.3493247172916,7.19966303126997));
#5549=CARTESIAN_POINT('Ctrl Pts',(-61.062390899418,76.3629352638055,7.7486826391131));
#5550=CARTESIAN_POINT('Ctrl Pts',(-78.0448395926406,58.9366152542717,8.16044734499546));
#5551=CARTESIAN_POINT('Ctrl Pts',(-90.1583439164453,37.8339208577302,8.5722120508778));
#5552=CARTESIAN_POINT('Ctrl Pts',(-98.9321930055536,6.59983462803052,9.12123165872094));
#5553=CARTESIAN_POINT('Ctrl Pts',(-94.7415880399369,-34.7036005136757,9.80750616852487));
#5554=CARTESIAN_POINT('Ctrl Pts',(-71.2616241107788,-68.9413519595757,10.4937806783288));
#5555=CARTESIAN_POINT('Ctrl Pts',(-44.3887787453167,-87.1181956173465,11.0428002861719));
#5556=CARTESIAN_POINT('Ctrl Pts',(-21.5103750022759,-95.4033742875641,11.4545649920543));
#5557=CARTESIAN_POINT('Ctrl Pts',(2.70983466142988,-97.7374089920658,11.8663296979366));
#5558=CARTESIAN_POINT('Ctrl Pts',(34.7826930594514,-92.8509078959853,12.4153493057798));
#5559=CARTESIAN_POINT('Ctrl Pts',(70.6830734675903,-72.001512618381,13.1016238155837));
#5560=CARTESIAN_POINT('Ctrl Pts',(92.1923071252666,-36.4925383093103,13.7878983253876));
#5561=CARTESIAN_POINT('Ctrl Pts',(97.6706458534463,-4.51545054437088,14.3369179332307));
#5562=CARTESIAN_POINT('Ctrl Pts',(95.7845721083444,19.7437485649372,14.7486826391131));
#5563=CARTESIAN_POINT('Ctrl Pts',(87.9235766205469,42.7713572757391,15.1604473449954));
#5564=CARTESIAN_POINT('Ctrl Pts',(70.2464162852678,69.9754807696234,15.7094669528386));
#5565=CARTESIAN_POINT('Ctrl Pts',(36.4483972792924,94.0841586970301,16.3957414626425));
#5566=CARTESIAN_POINT('Ctrl Pts',(-4.77055151422749,99.037208931094,17.0820159724464));
#5567=CARTESIAN_POINT('Ctrl Pts',(-36.1614300510589,90.8421449411529,17.6310355802896));
#5568=CARTESIAN_POINT('Ctrl Pts',(-57.4843755929709,79.1204552723281,18.0428002861719));
#5569=CARTESIAN_POINT('Ctrl Pts',(-75.221517471198,62.4633302851445,18.4545649920543));
#5570=CARTESIAN_POINT('Ctrl Pts',(-92.715801423303,35.1412447298642,19.0035845998974));
#5571=CARTESIAN_POINT('Ctrl Pts',(-100.74252637822,-5.59088178198055,19.6898591097013));
#5572=CARTESIAN_POINT('Ctrl Pts',(-88.2579734041684,-45.1846992377965,20.3761336195052));
#5573=CARTESIAN_POINT('Ctrl Pts',(-67.8478574149601,-70.4032141690221,20.9251532273484));
#5574=CARTESIAN_POINT('Ctrl Pts',(-48.3764813410779,-84.9953877137435,21.3369179332307));
#5575=CARTESIAN_POINT('Ctrl Pts',(-25.8874406973593,-94.2856549814715,21.7486826391131));
#5576=CARTESIAN_POINT('Ctrl Pts',(6.21747657455872,-98.9569093071354,22.2977022469562));
#5577=CARTESIAN_POINT('Ctrl Pts',(46.6352371232382,-89.4732878502749,22.9839767567602));
#5578=CARTESIAN_POINT('Ctrl Pts',(77.5580173055406,-61.7728165636669,23.6702512665641));
#5579=CARTESIAN_POINT('Ctrl Pts',(92.1164153198832,-32.7797246748867,24.2192708744072));
#5580=CARTESIAN_POINT('Ctrl Pts',(97.3810709867958,-9.02368511259073,24.6310355802896));
#5581=CARTESIAN_POINT('Ctrl Pts',(96.5712169019235,15.2952406724392,25.0428002861719));
#5582=CARTESIAN_POINT('Ctrl Pts',(87.588169933916,46.4697686910887,25.5918198940151));
#5583=CARTESIAN_POINT('Ctrl Pts',(62.2818570894611,79.3806327624413,26.278094403819));
#5584=CARTESIAN_POINT('Ctrl Pts',(24.2948965905314,96.129521554158,26.9643689136229));
#5585=CARTESIAN_POINT('Ctrl Pts',(-8.12171418532966,97.437067278515,27.5133885214661));
#5586=CARTESIAN_POINT('Ctrl Pts',(-31.9349183065457,92.4373348398856,27.9251532273484));
#5587=CARTESIAN_POINT('Ctrl Pts',(-53.7560620539125,81.6714767443442,28.3369179332308));
#5588=CARTESIAN_POINT('Ctrl Pts',(-78.4525469910368,60.6327039244919,28.8859375410739));
#5589=CARTESIAN_POINT('Ctrl Pts',(-97.9998715929161,24.0070770409383,29.5722120508778));
#5590=CARTESIAN_POINT('Ctrl Pts',(-97.5943254885087,-17.5064144535349,30.2584865606817));
#5591=CARTESIAN_POINT('Ctrl Pts',(-85.418335013804,-47.5778558219642,30.8075061685249));
#5592=CARTESIAN_POINT('Ctrl Pts',(-71.043940363363,-67.2105528707641,31.2192708744072));
#5593=CARTESIAN_POINT('Ctrl Pts',(-52.2379133210227,-82.6507394583458,31.6310355802896));
#5594=CARTESIAN_POINT('Ctrl Pts',(-22.8873631865717,-96.4743257086668,32.1800551881327));
#5595=CARTESIAN_POINT('Ctrl Pts',(18.5398752364796,-99.1795725262683,32.8663296979366));
#5596=CARTESIAN_POINT('Ctrl Pts',(56.1923767390505,-81.6917603616948,33.5526042077406));
#5597=CARTESIAN_POINT('Ctrl Pts',(78.5672943274184,-58.1990084384162,34.1016238155837));
#5598=CARTESIAN_POINT('Ctrl Pts',(90.5257535606897,-37.007942685539,34.513388521466));
#5599=CARTESIAN_POINT('Ctrl Pts',(96.8373291930684,-13.5083676252672,34.9251532273484));
#5600=CARTESIAN_POINT('Ctrl Pts',(97.3280445916419,18.9308914355155,35.4741728351915));
#5601=CARTESIAN_POINT('Ctrl Pts',(82.7098022350354,57.7875695501979,36.1604473449955));
#5602=CARTESIAN_POINT('Ctrl Pts',(51.2517624040664,84.8786413949529,36.8467218547993));
#5603=CARTESIAN_POINT('Ctrl Pts',(20.6228946883188,95.5753134225601,37.3957414626426));
#5604=CARTESIAN_POINT('Ctrl Pts',(-3.61379238630921,97.7314707969522,37.8075061685248));
#5605=CARTESIAN_POINT('Ctrl Pts',(-27.6250555991009,93.7912609164235,38.2192708744072));
#5606=CARTESIAN_POINT('Ctrl Pts',(-57.3803049229189,80.8617803509717,38.7682904822504));
#5607=CARTESIAN_POINT('Ctrl Pts',(-86.7516941737476,51.5214337752953,39.4545649920542));
#5608=CARTESIAN_POINT('Ctrl Pts',(-98.4603527570271,11.6912723660732,40.1408395018583));
#5609=CARTESIAN_POINT('Ctrl Pts',(-95.5752561460732,-20.6231601302656,40.6898591097012));
#5610=CARTESIAN_POINT('Ctrl Pts',(-87.5454133196224,-43.5924361127401,41.1016238155837));
#5611=CARTESIAN_POINT('Ctrl Pts',(-74.0545967993544,-63.8424703001937,41.513388521466));
#5612=CARTESIAN_POINT('Ctrl Pts',(-50.0057821245531,-85.6186233753361,42.0624081293092));
#5613=CARTESIAN_POINT('Ctrl Pts',(-11.1645839468177,-100.27794695531,42.748682639113));
#5614=CARTESIAN_POINT('Ctrl Pts',(29.9497345560717,-94.5205814338696,43.434957148917));
#5615=CARTESIAN_POINT('Ctrl Pts',(58.1992266437208,-78.567132690578,43.9839767567601));
#5616=CARTESIAN_POINT('Ctrl Pts',(75.8136008827297,-61.7802379466202,44.3957414626426));
#5617=CARTESIAN_POINT('Ctrl Pts',(88.6988172554938,-41.1395690135737,44.8075061685248));
#5618=CARTESIAN_POINT('Ctrl Pts',(98.6207052614847,-10.2510198664942,45.356525776368));
#5619=CARTESIAN_POINT('Ctrl Pts',(95.9592676186237,31.1790560853749,46.0428002861719));
#5620=CARTESIAN_POINT('Ctrl Pts',(73.7604282553017,66.2610454050524,46.7290747959758));
#5621=CARTESIAN_POINT('Ctrl Pts',(47.5776185888056,85.4184671518062,47.2780944038189));
#5622=CARTESIAN_POINT('Ctrl Pts',(25.0209787707448,94.5433789374001,47.6898591097014));
#5623=CARTESIAN_POINT('Ctrl Pts',(0.903561503822004,97.7707926619951,48.1016238155837));
#5624=CARTESIAN_POINT('Ctrl Pts',(-31.3279595720575,94.0727689803352,48.6506434234268));
#5625=CARTESIAN_POINT('Ctrl Pts',(-67.974236498599,74.564185455955,49.3369179332307));
#5626=CARTESIAN_POINT('Ctrl Pts',(-90.7808916973806,39.8742600834727,50.0231924430347));
#5627=CARTESIAN_POINT('Ctrl Pts',(-97.4370898346362,8.12144357260917,50.5722120508778));
#5628=CARTESIAN_POINT('Ctrl Pts',(-96.448718213724,-16.1908812137117,50.9839767567601));
#5629=CARTESIAN_POINT('Ctrl Pts',(-89.4439958441482,-39.4932390236361,51.3957414626425));
#5630=CARTESIAN_POINT('Ctrl Pts',(-72.7841411752753,-67.331981316114,51.9447610704856));
#5631=CARTESIAN_POINT('Ctrl Pts',(-39.9000559272985,-92.6730819454928,52.6310355802896));
#5632=CARTESIAN_POINT('Ctrl Pts',(1.10772013935603,-99.1458515050872,53.3173100900935));
#5633=CARTESIAN_POINT('Ctrl Pts',(32.7799805103633,-92.1163242801528,53.8663296979366));
#5634=CARTESIAN_POINT('Ctrl Pts',(54.5214977646337,-81.1905546295128,54.278094403819));
#5635=CARTESIAN_POINT('Ctrl Pts',(72.862031989066,-65.2002194441889,54.6898591097013));
#5636=CARTESIAN_POINT('Ctrl Pts',(91.3539604231315,-38.5432332528661,55.2388787175445));
#5637=CARTESIAN_POINT('Ctrl Pts',(100.880316756966,1.86447614404624,55.9251532273484));
#5638=CARTESIAN_POINT('Ctrl Pts',(89.867340902467,41.8925763554319,56.6114277371523));
#5639=CARTESIAN_POINT('Ctrl Pts',(70.4030257343966,67.8480529461822,57.1604473449954));
#5640=CARTESIAN_POINT('Ctrl Pts',(51.4841501309517,83.1497574550914,57.5722120508779));
#5641=CARTESIAN_POINT('Ctrl Pts',(29.3537574547939,93.2646838006282,57.9839767567601));
#5642=CARTESIAN_POINT('Ctrl Pts',(-2.55662423820355,99.1190727714932,58.5329963646034));
#5643=CARTESIAN_POINT('Ctrl Pts',(-43.2972159197088,91.135424911939,59.2192708744071));
#5644=CARTESIAN_POINT('Ctrl Pts',(-75.2224516507829,64.5965144742468,59.9055453842112));
#5645=CARTESIAN_POINT('Ctrl Pts',(-90.842245372076,36.1611777588284,60.4545649920542));
#5646=CARTESIAN_POINT('Ctrl Pts',(-96.9811268771797,12.6158990634535,60.8663296979367));
#5647=CARTESIAN_POINT('Ctrl Pts',(-97.0704466452281,-11.7163436806016,61.2780944038189));
#5648=CARTESIAN_POINT('Ctrl Pts',(-89.2454801110715,-43.2015184260954,61.8271140116622));
#5649=CARTESIAN_POINT('Ctrl Pts',(-65.1725557299193,-77.0250125602598,62.5133885214659));
#5650=CARTESIAN_POINT('Ctrl Pts',(-27.8304345943162,-95.1661380159318,63.19966303127));
#5651=CARTESIAN_POINT('Ctrl Pts',(4.51572181098323,-97.6706331384817,63.7486826391131));
#5652=CARTESIAN_POINT('Ctrl Pts',(28.4974105561344,-93.5542488139473,64.1604473449955));
#5653=CARTESIAN_POINT('Ctrl Pts',(50.7014663735524,-83.6020671318455,64.5722120508778));
#5654=CARTESIAN_POINT('Ctrl Pts',(76.158499297787,-63.4902346765618,65.121231658721));
#5655=CARTESIAN_POINT('Ctrl Pts',(97.0458460820131,-27.6119238464798,65.8075061685249));
#5656=CARTESIAN_POINT('Ctrl Pts',(98.1745626968037,13.8882019666788,66.4937806783287));
#5657=CARTESIAN_POINT('Ctrl Pts',(87.1180725386488,44.3890274538291,67.042800286172));
#5658=CARTESIAN_POINT('Ctrl Pts',(73.4789523282407,64.5394719864594,67.4545649920542));
#5659=CARTESIAN_POINT('Ctrl Pts',(55.2563067165784,80.6640247519889,67.8663296979367));
#5660=CARTESIAN_POINT('Ctrl Pts',(26.4366034815229,95.5627171596573,68.4153493057797));
#5661=CARTESIAN_POINT('Ctrl Pts',(-14.8623797031172,99.7969150316681,69.1016238155838));
#5662=CARTESIAN_POINT('Ctrl Pts',(-53.1353676922137,83.7123623773047,69.7878983253876));
#5663=CARTESIAN_POINT('Ctrl Pts',(-76.3630969659066,61.0624413442634,70.3369179332307));
#5664=CARTESIAN_POINT('Ctrl Pts',(-89.0964309439619,40.3277308138539,70.7486826391131));
#5665=CARTESIAN_POINT('Ctrl Pts',(-96.272040683266,17.0774267331372,71.1604473449954));
#5666=CARTESIAN_POINT('Ctrl Pts',(-97.9611002141039,-15.3215455949514,71.7094669528386));
#5667=CARTESIAN_POINT('Ctrl Pts',(-84.7886537554608,-54.6918529089497,72.3957414626424));
#5668=CARTESIAN_POINT('Ctrl Pts',(-54.3531535984377,-82.9268449205717,73.0820159724465));
#5669=CARTESIAN_POINT('Ctrl Pts',(-24.1404616271211,-94.7479943512028,73.6310355802895));
#5670=CARTESIAN_POINT('Ctrl Pts',(-2.87020243695991E-13,-97.7982611274192,
74.042800286172));
#5671=CARTESIAN_POINT('Ctrl Pts',(24.1404616271204,-94.7479943512029,74.4545649920542));
#5672=CARTESIAN_POINT('Ctrl Pts',(54.3531535984373,-82.9268449205722,75.0035845998975));
#5673=CARTESIAN_POINT('Ctrl Pts',(84.7886537554601,-54.6918529089503,75.6898591097013));
#5674=CARTESIAN_POINT('Ctrl Pts',(97.9611002141042,-15.3215455949521,76.3761336195052));
#5675=CARTESIAN_POINT('Ctrl Pts',(96.2720406832658,17.0774267331366,76.9251532273484));
#5676=CARTESIAN_POINT('Ctrl Pts',(89.0964309439624,40.3277308138533,77.3369179332308));
#5677=CARTESIAN_POINT('Ctrl Pts',(76.363096965907,61.0624413442629,77.748682639113));
#5678=CARTESIAN_POINT('Ctrl Pts',(53.1353676922143,83.7123623773043,78.2977022469563));
#5679=CARTESIAN_POINT('Ctrl Pts',(14.862379703118,99.7969150316678,78.9839767567601));
#5680=CARTESIAN_POINT('Ctrl Pts',(-26.4366034815217,95.5627171596577,79.6702512665641));
#5681=CARTESIAN_POINT('Ctrl Pts',(-55.2563067165773,80.6640247519896,80.2192708744071));
#5682=CARTESIAN_POINT('Ctrl Pts',(-73.47895232824,64.5394719864605,80.6310355802896));
#5683=CARTESIAN_POINT('Ctrl Pts',(-87.1180725386484,44.3890274538298,81.0428002861718));
#5684=CARTESIAN_POINT('Ctrl Pts',(-98.1745626968037,13.8882019666795,81.5918198940152));
#5685=CARTESIAN_POINT('Ctrl Pts',(-97.0458460820133,-27.6119238464791,82.2780944038189));
#5686=CARTESIAN_POINT('Ctrl Pts',(-76.1584992977875,-63.4902346765614,82.9643689136229));
#5687=CARTESIAN_POINT('Ctrl Pts',(-50.7014663735529,-83.6020671318451,83.5133885214661));
#5688=CARTESIAN_POINT('Ctrl Pts',(-28.497410556135,-93.5542488139473,83.9251532273484));
#5689=CARTESIAN_POINT('Ctrl Pts',(-4.51572181098394,-97.6706331384816,84.3369179332307));
#5690=CARTESIAN_POINT('Ctrl Pts',(27.8304345943156,-95.1661380159322,84.8859375410739));
#5691=CARTESIAN_POINT('Ctrl Pts',(65.1725557299186,-77.02501256026,85.5722120508778));
#5692=CARTESIAN_POINT('Ctrl Pts',(89.2454801110712,-43.2015184260962,86.2584865606817));
#5693=CARTESIAN_POINT('Ctrl Pts',(97.070446645228,-11.7163436806021,86.8075061685249));
#5694=CARTESIAN_POINT('Ctrl Pts',(96.9811268771798,12.6158990634528,87.2192708744072));
#5695=CARTESIAN_POINT('Ctrl Pts',(90.8422453720763,36.1611777588278,87.6310355802895));
#5696=CARTESIAN_POINT('Ctrl Pts',(75.2224516507833,64.5965144742461,88.1800551881327));
#5697=CARTESIAN_POINT('Ctrl Pts',(43.2972159197094,91.1354249119388,88.8663296979366));
#5698=CARTESIAN_POINT('Ctrl Pts',(2.55662423820422,99.1190727714932,89.5526042077405));
#5699=CARTESIAN_POINT('Ctrl Pts',(-29.3537574547933,93.2646838006285,90.1016238155837));
#5700=CARTESIAN_POINT('Ctrl Pts',(-51.4841501309511,83.1497574550916,90.5133885214661));
#5701=CARTESIAN_POINT('Ctrl Pts',(-70.4030257343959,67.8480529461828,90.9251532273482));
#5702=CARTESIAN_POINT('Ctrl Pts',(-89.8673409024671,41.8925763554325,91.4741728351917));
#5703=CARTESIAN_POINT('Ctrl Pts',(-100.880316756966,1.86447614404686,92.1604473449953));
#5704=CARTESIAN_POINT('Ctrl Pts',(-91.3539604231319,-38.5432332528657,92.8467218547994));
#5705=CARTESIAN_POINT('Ctrl Pts',(-72.8620319890663,-65.2002194441883,93.3957414626426));
#5706=CARTESIAN_POINT('Ctrl Pts',(-54.5214977646343,-81.1905546295126,93.8075061685248));
#5707=CARTESIAN_POINT('Ctrl Pts',(-32.7799805103639,-92.1163242801525,94.2192708744072));
#5708=CARTESIAN_POINT('Ctrl Pts',(-1.1077201393567,-99.1458515050872,94.7682904822503));
#5709=CARTESIAN_POINT('Ctrl Pts',(39.9000559272978,-92.6730819454931,95.4545649920543));
#5710=CARTESIAN_POINT('Ctrl Pts',(72.7841411752749,-67.3319813161145,96.1408395018582));
#5711=CARTESIAN_POINT('Ctrl Pts',(89.4439958441478,-39.4932390236367,96.6898591097014));
#5712=CARTESIAN_POINT('Ctrl Pts',(96.4487182137241,-16.1908812137124,97.1016238155836));
#5713=CARTESIAN_POINT('Ctrl Pts',(97.4370898346362,8.1214435726085,97.5133885214661));
#5714=CARTESIAN_POINT('Ctrl Pts',(90.7808916973808,39.8742600834721,98.0624081293091));
#5715=CARTESIAN_POINT('Ctrl Pts',(67.9742364985997,74.5641854559546,98.7486826391131));
#5716=CARTESIAN_POINT('Ctrl Pts',(31.327959572058,94.0727689803348,99.434957148917));
#5717=CARTESIAN_POINT('Ctrl Pts',(-0.903561503821242,97.7707926619952,99.9839767567602));
#5718=CARTESIAN_POINT('Ctrl Pts',(-25.0209787707442,94.5433789374002,100.395741462643));
#5719=CARTESIAN_POINT('Ctrl Pts',(-47.5776185888048,85.4184671518066,100.807506168525));
#5720=CARTESIAN_POINT('Ctrl Pts',(-73.7604282553012,66.261045405053,101.356525776368));
#5721=CARTESIAN_POINT('Ctrl Pts',(-95.9592676186232,31.179056085376,102.042800286172));
#5722=CARTESIAN_POINT('Ctrl Pts',(-98.6207052614851,-10.2510198664932,102.729074795976));
#5723=CARTESIAN_POINT('Ctrl Pts',(-88.698817255494,-41.1395690135727,103.278094403819));
#5724=CARTESIAN_POINT('Ctrl Pts',(-75.8136008827305,-61.7802379466198,103.689859109701));
#5725=CARTESIAN_POINT('Ctrl Pts',(-58.199226643721,-78.5671326905775,104.101623815584));
#5726=CARTESIAN_POINT('Ctrl Pts',(-29.9497345560723,-94.5205814338697,104.650643423427));
#5727=CARTESIAN_POINT('Ctrl Pts',(11.1645839468172,-100.27794695531,105.336917933231));
#5728=CARTESIAN_POINT('Ctrl Pts',(50.0057821245525,-85.6186233753365,106.023192443035));
#5729=CARTESIAN_POINT('Ctrl Pts',(74.054596799354,-63.8424703001942,106.572212050878));
#5730=CARTESIAN_POINT('Ctrl Pts',(87.5454133196222,-43.5924361127407,106.98397675676));
#5731=CARTESIAN_POINT('Ctrl Pts',(95.5752561460731,-20.6231601302662,107.395741462643));
#5732=CARTESIAN_POINT('Ctrl Pts',(98.460352757027,11.6912723660724,107.944761070485));
#5733=CARTESIAN_POINT('Ctrl Pts',(86.7516941737482,51.5214337752949,108.63103558029));
#5734=CARTESIAN_POINT('Ctrl Pts',(57.3803049229192,80.8617803509711,109.317310090093));
#5735=CARTESIAN_POINT('Ctrl Pts',(27.6250555991014,93.7912609164235,109.866329697937));
#5736=CARTESIAN_POINT('Ctrl Pts',(3.61379238630909,97.7314707969522,110.278094403819));
#5737=CARTESIAN_POINT('Ctrl Pts',(-20.6228946883189,95.57531342256,110.689859109701));
#5738=CARTESIAN_POINT('Ctrl Pts',(-51.2517624040668,84.8786413949528,111.238878717544));
#5739=CARTESIAN_POINT('Ctrl Pts',(-82.7098022350352,57.7875695501978,111.925153227348));
#5740=CARTESIAN_POINT('Ctrl Pts',(-97.3280445916419,18.930891435516,112.611427737152));
#5741=CARTESIAN_POINT('Ctrl Pts',(-96.8373291930684,-13.5083676252667,113.160447344995));
#5742=CARTESIAN_POINT('Ctrl Pts',(-90.5257535606899,-37.0079426855387,113.572212050878));
#5743=CARTESIAN_POINT('Ctrl Pts',(-78.5672943274186,-58.1990084384162,113.98397675676));
#5744=CARTESIAN_POINT('Ctrl Pts',(-56.1923767390503,-81.6917603616946,114.532996364603));
#5745=CARTESIAN_POINT('Ctrl Pts',(-18.5398752364801,-99.1795725262684,115.219270874407));
#5746=CARTESIAN_POINT('Ctrl Pts',(22.8873631865713,-96.4743257086668,115.905545384211));
#5747=CARTESIAN_POINT('Ctrl Pts',(52.2379133210221,-82.6507394583462,116.454564992054));
#5748=CARTESIAN_POINT('Ctrl Pts',(71.043940363363,-67.2105528707644,116.866329697937));
#5749=CARTESIAN_POINT('Ctrl Pts',(85.4183350138039,-47.5778558219643,117.278094403819));
#5750=CARTESIAN_POINT('Ctrl Pts',(97.5943254885087,-17.5064144535352,117.827114011662));
#5751=CARTESIAN_POINT('Ctrl Pts',(97.999871592916,24.0070770409377,118.513388521466));
#5752=CARTESIAN_POINT('Ctrl Pts',(78.4525469910375,60.6327039244911,119.19966303127));
#5753=CARTESIAN_POINT('Ctrl Pts',(53.7560620539132,81.6714767443438,119.748682639113));
#5754=CARTESIAN_POINT('Ctrl Pts',(31.9349183065464,92.4373348398854,120.160447344996));
#5755=CARTESIAN_POINT('Ctrl Pts',(8.12171418533009,97.4370672785151,120.572212050878));
#5756=CARTESIAN_POINT('Ctrl Pts',(-24.2948965905309,96.1295215541578,121.121231658721));
#5757=CARTESIAN_POINT('Ctrl Pts',(-62.2818570894605,79.3806327624419,121.807506168525));
#5758=CARTESIAN_POINT('Ctrl Pts',(-87.5881699339156,46.4697686910895,122.493780678329));
#5759=CARTESIAN_POINT('Ctrl Pts',(-96.5712169019232,15.2952406724404,123.042800286172));
#5760=CARTESIAN_POINT('Ctrl Pts',(-97.3810709867961,-9.02368511259006,123.454564992054));
#5761=CARTESIAN_POINT('Ctrl Pts',(-92.1164153198832,-32.7797246748858,123.866329697937));
#5762=CARTESIAN_POINT('Ctrl Pts',(-77.5580173055413,-61.7728165636668,124.41534930578));
#5763=CARTESIAN_POINT('Ctrl Pts',(-46.6352371232382,-89.4732878502732,125.101623815584));
#5764=CARTESIAN_POINT('Ctrl Pts',(-6.21747657456141,-98.9569093071373,125.787898325388));
#5765=CARTESIAN_POINT('Ctrl Pts',(25.8874406973601,-94.2856549814691,126.336917933231));
#5766=CARTESIAN_POINT('Ctrl Pts',(48.3764813410728,-84.9953877137499,126.748682639113));
#5767=CARTESIAN_POINT('Ctrl Pts',(67.8478574149672,-70.403214169012,127.160447344995));
#5768=CARTESIAN_POINT('Ctrl Pts',(88.2579734041514,-45.1846992378204,127.709466952839));
#5769=CARTESIAN_POINT('Ctrl Pts',(100.742526378257,-5.59088178193095,128.395741462643));
#5770=CARTESIAN_POINT('Ctrl Pts',(92.7158014232486,35.1412447297857,129.082015972446));
#5771=CARTESIAN_POINT('Ctrl Pts',(75.2215174712728,62.4633302852473,129.63103558029));
#5772=CARTESIAN_POINT('Ctrl Pts',(57.4843755928129,79.1204552721037,130.042800286172));
#5773=CARTESIAN_POINT('Ctrl Pts',(36.1614300513529,90.8421449415651,130.454564992054));
#5774=CARTESIAN_POINT('Ctrl Pts',(4.77055151358768,99.0372089301917,131.003584599897));
#5775=CARTESIAN_POINT('Ctrl Pts',(-36.4483972778898,94.084158699003,131.689859109701));
#5776=CARTESIAN_POINT('Ctrl Pts',(-70.2464162874012,69.9754807666203,132.376133619505));
#5777=CARTESIAN_POINT('Ctrl Pts',(-87.9235766176765,42.7713572797791,132.925153227348));
#5778=CARTESIAN_POINT('Ctrl Pts',(-95.7845721145233,19.7437485562428,133.336917933231));
#5779=CARTESIAN_POINT('Ctrl Pts',(-97.6706458420559,-4.51545052834054,133.748682639113));
#5780=CARTESIAN_POINT('Ctrl Pts',(-92.1923071501745,-36.4925383443625,134.297702246956));
#5781=CARTESIAN_POINT('Ctrl Pts',(-70.6830734131254,-72.0015125417333,134.98397675676));
#5782=CARTESIAN_POINT('Ctrl Pts',(-34.7826931424181,-92.8509080127431,135.670251266564));
#5783=CARTESIAN_POINT('Ctrl Pts',(-2.70983454989582,-97.7374088351058,136.219270874407));
#5784=CARTESIAN_POINT('Ctrl Pts',(21.5103747621198,-95.4033746255321,136.631035580289));
#5785=CARTESIAN_POINT('Ctrl Pts',(44.3887791880196,-87.1181949943365,137.042800286172));
#5786=CARTESIAN_POINT('Ctrl Pts',(71.2616231427081,-68.9413533219278,137.591819894015));
#5787=CARTESIAN_POINT('Ctrl Pts',(94.7415901567766,-34.7035975346771,138.278094403819));
#5788=CARTESIAN_POINT('Ctrl Pts',(98.9321897809653,6.59983009011276,138.964368913623));
#5789=CARTESIAN_POINT('Ctrl Pts',(90.158348251332,37.8339269581527,139.513388521466));
#5790=CARTESIAN_POINT('Ctrl Pts',(78.0448302586997,58.9366021187833,139.925153227348));
#5791=CARTESIAN_POINT('Ctrl Pts',(61.0624081058359,76.3629594778244,140.336917933231));
#5792=CARTESIAN_POINT('Ctrl Pts',(33.4224943536544,93.3492717671883,140.885937541073));
#5793=CARTESIAN_POINT('Ctrl Pts',(-7.45271183523288,100.622164752116,141.572212050878));
#5794=CARTESIAN_POINT('Ctrl Pts',(-46.8061073257152,87.4077058635714,142.258486560681));
#5795=CARTESIAN_POINT('Ctrl Pts',(-71.6473520552838,66.5356121128156,142.807506168525));
#5796=CARTESIAN_POINT('Ctrl Pts',(-85.8696097092269,46.796926867069,143.219270874407));
#5797=CARTESIAN_POINT('Ctrl Pts',(-94.7577911634804,24.141934182011,143.63103558029));
#5798=CARTESIAN_POINT('Ctrl Pts',(-97.7898649644038,6.41299416091394E-13,
144.042800286172));
#5799=CARTESIAN_POINT('Ctrl Pts',(-94.7577911634807,-24.1419341820097,144.454564992054));
#5800=CARTESIAN_POINT('Ctrl Pts',(-85.8696097092275,-46.7969268670679,144.866329697937));
#5801=CARTESIAN_POINT('Ctrl Pts',(-71.6473520552848,-66.5356121128145,145.278094403819));
#5802=CARTESIAN_POINT('Ctrl Pts',(-46.8061073257164,-87.407705863571,145.827114011662));
#5803=CARTESIAN_POINT('Ctrl Pts',(-7.45271183523426,-100.622164752115,146.513388521466));
#5804=CARTESIAN_POINT('Ctrl Pts',(33.4224943536531,-93.3492717671889,147.19966303127));
#5805=CARTESIAN_POINT('Ctrl Pts',(61.0624081058349,-76.3629594778253,147.748682639113));
#5806=CARTESIAN_POINT('Ctrl Pts',(78.0448302586988,-58.9366021187843,148.160447344995));
#5807=CARTESIAN_POINT('Ctrl Pts',(90.1583482513316,-37.8339269581541,148.572212050878));
#5808=CARTESIAN_POINT('Ctrl Pts',(98.9321897809653,-6.599830090114,149.121231658721));
#5809=CARTESIAN_POINT('Ctrl Pts',(94.7415901567768,34.7035975346757,149.807506168525));
#5810=CARTESIAN_POINT('Ctrl Pts',(71.2616231427093,68.941353321927,150.493780678329));
#5811=CARTESIAN_POINT('Ctrl Pts',(44.3887791880207,87.1181949943358,151.042800286172));
#5812=CARTESIAN_POINT('Ctrl Pts',(21.5103747621212,95.4033746255317,151.454564992054));
#5813=CARTESIAN_POINT('Ctrl Pts',(-2.70983454989457,97.7374088351059,151.866329697937));
#5814=CARTESIAN_POINT('Ctrl Pts',(-34.7826931424167,92.8509080127434,152.41534930578));
#5815=CARTESIAN_POINT('Ctrl Pts',(-70.6830734131245,72.0015125417343,153.101623815584));
#5816=CARTESIAN_POINT('Ctrl Pts',(-92.1923071501739,36.4925383443638,153.787898325388));
#5817=CARTESIAN_POINT('Ctrl Pts',(-97.6706458420558,4.51545052834233,154.336917933231));
#5818=CARTESIAN_POINT('Ctrl Pts',(-95.7845721145237,-19.7437485562402,154.748682639113));
#5819=CARTESIAN_POINT('Ctrl Pts',(-87.9235766176779,-42.7713572797762,155.160447344995));
#5820=CARTESIAN_POINT('Ctrl Pts',(-70.2464162874034,-69.9754807666185,155.709466952839));
#5821=CARTESIAN_POINT('Ctrl Pts',(-36.4483972778915,-94.0841586990022,156.395741462642));
#5822=CARTESIAN_POINT('Ctrl Pts',(4.77055151358634,-99.037208930192,157.082015972446));
#5823=CARTESIAN_POINT('Ctrl Pts',(36.1614300513516,-90.8421449415654,157.63103558029));
#5824=CARTESIAN_POINT('Ctrl Pts',(57.4843755928119,-79.1204552721045,158.042800286172));
#5825=CARTESIAN_POINT('Ctrl Pts',(75.2215174712719,-62.4633302852484,158.454564992054));
#5826=CARTESIAN_POINT('Ctrl Pts',(92.715801423248,-35.1412447297868,159.003584599897));
#5827=CARTESIAN_POINT('Ctrl Pts',(100.742526378257,5.59088178192948,159.689859109701));
#5828=CARTESIAN_POINT('Ctrl Pts',(88.2579734041521,45.1846992378193,160.376133619505));
#5829=CARTESIAN_POINT('Ctrl Pts',(67.8478574149681,70.403214169011,160.925153227348));
#5830=CARTESIAN_POINT('Ctrl Pts',(48.376481341074,84.9953877137492,161.336917933231));
#5831=CARTESIAN_POINT('Ctrl Pts',(25.8874406973614,94.2856549814688,161.748682639113));
#5832=CARTESIAN_POINT('Ctrl Pts',(-6.21747657456011,98.9569093071373,162.297702246956));
#5833=CARTESIAN_POINT('Ctrl Pts',(-46.6352371232369,89.4732878502739,162.98397675676));
#5834=CARTESIAN_POINT('Ctrl Pts',(-77.5580173055406,61.7728165636678,163.670251266564));
#5835=CARTESIAN_POINT('Ctrl Pts',(-92.1164153198826,32.7797246748871,164.219270874407));
#5836=CARTESIAN_POINT('Ctrl Pts',(-97.3810709867961,9.02368511259137,164.63103558029));
#5837=CARTESIAN_POINT('Ctrl Pts',(-96.5712169019235,-15.295240672439,165.042800286172));
#5838=CARTESIAN_POINT('Ctrl Pts',(-87.5881699339162,-46.4697686910884,165.591819894015));
#5839=CARTESIAN_POINT('Ctrl Pts',(-62.2818570894616,-79.3806327624409,166.278094403819));
#5840=CARTESIAN_POINT('Ctrl Pts',(-24.2948965905323,-96.1295215541577,166.964368913623));
#5841=CARTESIAN_POINT('Ctrl Pts',(8.12171418532876,-97.437067278515,167.513388521466));
#5842=CARTESIAN_POINT('Ctrl Pts',(31.9349183065451,-92.437334839886,167.925153227349));
#5843=CARTESIAN_POINT('Ctrl Pts',(53.7560620539121,-81.6714767443444,168.336917933231));
#5844=CARTESIAN_POINT('Ctrl Pts',(78.4525469910366,-60.6327039244922,168.885937541074));
#5845=CARTESIAN_POINT('Ctrl Pts',(97.9998715929157,-24.0070770409391,169.572212050878));
#5846=CARTESIAN_POINT('Ctrl Pts',(97.5943254885092,17.5064144535339,170.258486560682));
#5847=CARTESIAN_POINT('Ctrl Pts',(85.4183350138044,47.577855821963,170.807506168525));
#5848=CARTESIAN_POINT('Ctrl Pts',(71.0439403633639,67.2105528707635,171.219270874407));
#5849=CARTESIAN_POINT('Ctrl Pts',(52.2379133210233,82.6507394583455,171.63103558029));
#5850=CARTESIAN_POINT('Ctrl Pts',(22.8873631865725,96.4743257086665,172.180055188133));
#5851=CARTESIAN_POINT('Ctrl Pts',(-18.5398752364786,99.1795725262685,172.866329697937));
#5852=CARTESIAN_POINT('Ctrl Pts',(-56.1923767390494,81.6917603616956,173.552604207741));
#5853=CARTESIAN_POINT('Ctrl Pts',(-78.5672943274177,58.1990084384172,174.101623815584));
#5854=CARTESIAN_POINT('Ctrl Pts',(-90.5257535606895,37.00794268554,174.513388521466));
#5855=CARTESIAN_POINT('Ctrl Pts',(-96.8373291930681,13.508367625268,174.925153227348));
#5856=CARTESIAN_POINT('Ctrl Pts',(-97.3280445916423,-18.9308914355147,175.474172835191));
#5857=CARTESIAN_POINT('Ctrl Pts',(-82.709802235036,-57.7875695501966,176.160447344995));
#5858=CARTESIAN_POINT('Ctrl Pts',(-51.2517624040679,-84.8786413949522,176.846721854799));
#5859=CARTESIAN_POINT('Ctrl Pts',(-20.6228946883203,-95.5753134225597,177.395741462642));
#5860=CARTESIAN_POINT('Ctrl Pts',(3.61379238630783,-97.7314707969523,177.807506168525));
#5861=CARTESIAN_POINT('Ctrl Pts',(27.6250555990998,-93.7912609164239,178.219270874407));
#5862=CARTESIAN_POINT('Ctrl Pts',(57.380304922918,-80.8617803509723,178.76829048225));
#5863=CARTESIAN_POINT('Ctrl Pts',(86.7516941737471,-51.5214337752962,179.454564992054));
#5864=CARTESIAN_POINT('Ctrl Pts',(98.4603527570273,-11.6912723660733,180.140839501858));
#5865=CARTESIAN_POINT('Ctrl Pts',(95.575256146073,20.6231601302659,180.689859109702));
#5866=CARTESIAN_POINT('Ctrl Pts',(87.5454133196225,43.59243611274,181.101623815583));
#5867=CARTESIAN_POINT('Ctrl Pts',(74.0545967993545,63.8424703001936,181.513388521466));
#5868=CARTESIAN_POINT('Ctrl Pts',(50.0057821245533,85.6186233753359,182.062408129309));
#5869=CARTESIAN_POINT('Ctrl Pts',(11.1645839468178,100.277946955311,182.748682639113));
#5870=CARTESIAN_POINT('Ctrl Pts',(-29.9497345560718,94.5205814338696,183.434957148917));
#5871=CARTESIAN_POINT('Ctrl Pts',(-58.1992266437206,78.567132690578,183.98397675676));
#5872=CARTESIAN_POINT('Ctrl Pts',(-75.8136008827296,61.7802379466205,184.395741462643));
#5873=CARTESIAN_POINT('Ctrl Pts',(-88.6988172554934,41.1395690135742,184.807506168525));
#5874=CARTESIAN_POINT('Ctrl Pts',(-98.6207052614849,10.2510198664948,185.356525776368));
#5875=CARTESIAN_POINT('Ctrl Pts',(-95.9592676186236,-31.1790560853747,186.042800286172));
#5876=CARTESIAN_POINT('Ctrl Pts',(-73.760428255302,-66.2610454050521,186.729074795976));
#5877=CARTESIAN_POINT('Ctrl Pts',(-47.5776185888057,-85.418467151806,187.278094403819));
#5878=CARTESIAN_POINT('Ctrl Pts',(-25.0209787707455,-94.5433789373998,187.689859109701));
#5879=CARTESIAN_POINT('Ctrl Pts',(-0.903561503822853,-97.7707926619952,
188.101623815584));
#5880=CARTESIAN_POINT('Ctrl Pts',(31.3279595720565,-94.0727689803351,188.650643423426));
#5881=CARTESIAN_POINT('Ctrl Pts',(67.9742364985987,-74.5641854559558,189.336917933231));
#5882=CARTESIAN_POINT('Ctrl Pts',(90.7808916973804,-39.874260083473,190.023192443034));
#5883=CARTESIAN_POINT('Ctrl Pts',(97.4370898346361,-8.12144357260968,190.572212050878));
#5884=CARTESIAN_POINT('Ctrl Pts',(96.4487182137242,16.1908812137111,190.98397675676));
#5885=CARTESIAN_POINT('Ctrl Pts',(89.4439958441486,39.4932390236353,191.395741462642));
#5886=CARTESIAN_POINT('Ctrl Pts',(72.7841411752758,67.3319813161134,191.944761070486));
#5887=CARTESIAN_POINT('Ctrl Pts',(39.9000559272993,92.6730819454926,192.63103558029));
#5888=CARTESIAN_POINT('Ctrl Pts',(-1.10772013935564,99.1458515050872,193.317310090093));
#5889=CARTESIAN_POINT('Ctrl Pts',(-32.7799805103629,92.1163242801529,193.866329697937));
#5890=CARTESIAN_POINT('Ctrl Pts',(-54.521497764633,81.1905546295132,194.278094403819));
#5891=CARTESIAN_POINT('Ctrl Pts',(-72.8620319890654,65.2002194441896,194.689859109701));
#5892=CARTESIAN_POINT('Ctrl Pts',(-91.353960423131,38.5432332528671,195.238878717545));
#5893=CARTESIAN_POINT('Ctrl Pts',(-100.880316756967,-1.86447614404518,195.925153227348));
#5894=CARTESIAN_POINT('Ctrl Pts',(-89.8673409024674,-41.8925763554311,196.611427737152));
#5895=CARTESIAN_POINT('Ctrl Pts',(-70.4030257343973,-67.8480529461815,197.160447344995));
#5896=CARTESIAN_POINT('Ctrl Pts',(-51.4841501309528,-83.1497574550905,197.572212050878));
#5897=CARTESIAN_POINT('Ctrl Pts',(-29.3537574547955,-93.2646838006278,197.98397675676));
#5898=CARTESIAN_POINT('Ctrl Pts',(2.55662423820197,-99.1190727714932,198.532996364603));
#5899=CARTESIAN_POINT('Ctrl Pts',(43.2972159197075,-91.1354249119398,199.219270874407));
#5900=CARTESIAN_POINT('Ctrl Pts',(75.2224516507822,-64.5965144742476,199.905545384211));
#5901=CARTESIAN_POINT('Ctrl Pts',(90.8422453720756,-36.1611777588294,200.454564992054));
#5902=CARTESIAN_POINT('Ctrl Pts',(96.9811268771795,-12.6158990634548,200.866329697937));
#5903=CARTESIAN_POINT('Ctrl Pts',(97.0704466452283,11.7163436805999,201.278094403819));
#5904=CARTESIAN_POINT('Ctrl Pts',(89.2454801110721,43.2015184260946,201.827114011662));
#5905=CARTESIAN_POINT('Ctrl Pts',(65.1725557299197,77.0250125602594,202.513388521466));
#5906=CARTESIAN_POINT('Ctrl Pts',(27.8304345943164,95.1661380159319,203.19966303127));
#5907=CARTESIAN_POINT('Ctrl Pts',(-4.51572181098301,97.6706331384816,203.748682639113));
#5908=CARTESIAN_POINT('Ctrl Pts',(-28.4974105561344,93.5542488139475,204.160447344996));
#5909=CARTESIAN_POINT('Ctrl Pts',(-50.7014663735526,83.6020671318453,204.572212050878));
#5910=CARTESIAN_POINT('Ctrl Pts',(-76.1584992977872,63.4902346765616,205.121231658721));
#5911=CARTESIAN_POINT('Ctrl Pts',(-97.045846082013,27.6119238464798,205.807506168525));
#5912=CARTESIAN_POINT('Ctrl Pts',(-98.1745626968039,-13.8882019666786,206.493780678329));
#5913=CARTESIAN_POINT('Ctrl Pts',(-87.1180725386488,-44.3890274538288,207.042800286172));
#5914=CARTESIAN_POINT('Ctrl Pts',(-73.4789523282408,-64.5394719864596,207.454564992054));
#5915=CARTESIAN_POINT('Ctrl Pts',(-55.2563067165781,-80.664024751989,207.866329697937));
#5916=CARTESIAN_POINT('Ctrl Pts',(-26.4366034815228,-95.5627171596573,208.415349305779));
#5917=CARTESIAN_POINT('Ctrl Pts',(14.8623797031167,-99.7969150316681,209.101623815584));
#5918=CARTESIAN_POINT('Ctrl Pts',(53.135367692213,-83.7123623773051,209.787898325387));
#5919=CARTESIAN_POINT('Ctrl Pts',(76.363096965906,-61.0624413442641,210.336917933231));
#5920=CARTESIAN_POINT('Ctrl Pts',(89.0964309439618,-40.3277308138545,210.748682639113));
#5921=CARTESIAN_POINT('Ctrl Pts',(96.2720406832658,-17.0774267331377,211.160447344995));
#5922=CARTESIAN_POINT('Ctrl Pts',(97.9611002141041,15.321545594951,211.709466952838));
#5923=CARTESIAN_POINT('Ctrl Pts',(84.7886537554611,54.6918529089491,212.395741462643));
#5924=CARTESIAN_POINT('Ctrl Pts',(54.3531535984385,82.9268449205713,213.082015972446));
#5925=CARTESIAN_POINT('Ctrl Pts',(24.140461627122,94.7479943512025,213.63103558029));
#5926=CARTESIAN_POINT('Ctrl Pts',(9.80652499294648E-13,97.7982611274192,
214.042800286172));
#5927=CARTESIAN_POINT('Ctrl Pts',(-24.14046162712,94.7479943512031,214.454564992054));
#5928=CARTESIAN_POINT('Ctrl Pts',(-54.3531535984368,82.9268449205723,215.003584599897));
#5929=CARTESIAN_POINT('Ctrl Pts',(-84.7886537554602,54.6918529089507,215.689859109701));
#5930=CARTESIAN_POINT('Ctrl Pts',(-97.9611002141043,15.3215455949516,216.376133619505));
#5931=CARTESIAN_POINT('Ctrl Pts',(-96.2720406832657,-17.077426733138,216.925153227348));
#5932=CARTESIAN_POINT('Ctrl Pts',(-89.0964309439616,-40.3277308138553,217.336917933231));
#5933=CARTESIAN_POINT('Ctrl Pts',(-76.3630969659057,-61.0624413442643,217.748682639113));
#5934=CARTESIAN_POINT('Ctrl Pts',(-53.1353676922134,-83.7123623773047,218.297702246956));
#5935=CARTESIAN_POINT('Ctrl Pts',(-14.8623797031178,-99.7969150316679,218.98397675676));
#5936=CARTESIAN_POINT('Ctrl Pts',(26.4366034815222,-95.5627171596576,219.670251266564));
#5937=CARTESIAN_POINT('Ctrl Pts',(55.2563067165785,-80.6640247519889,220.219270874407));
#5938=CARTESIAN_POINT('Ctrl Pts',(73.4789523282412,-64.5394719864589,220.631035580289));
#5939=CARTESIAN_POINT('Ctrl Pts',(87.1180725386491,-44.3890274538285,221.042800286172));
#5940=CARTESIAN_POINT('Ctrl Pts',(98.1745626968033,-13.8882019666792,221.591819894015));
#5941=CARTESIAN_POINT('Ctrl Pts',(97.0458460820137,27.6119238464787,222.278094403819));
#5942=CARTESIAN_POINT('Ctrl Pts',(76.1584992977875,63.4902346765613,222.964368913623));
#5943=CARTESIAN_POINT('Ctrl Pts',(50.7014663735525,83.6020671318455,223.513388521466));
#5944=CARTESIAN_POINT('Ctrl Pts',(28.4974105561336,93.5542488139478,223.925153227348));
#5945=CARTESIAN_POINT('Ctrl Pts',(4.51572181098278,97.6706331384815,224.336917933231));
#5946=CARTESIAN_POINT('Ctrl Pts',(-27.8304345943158,95.1661380159321,224.885937541074));
#5947=CARTESIAN_POINT('Ctrl Pts',(-65.1725557299184,77.0250125602602,225.572212050878));
#5948=CARTESIAN_POINT('Ctrl Pts',(-89.2454801110712,43.2015184260965,226.258486560682));
#5949=CARTESIAN_POINT('Ctrl Pts',(-97.0704466452283,11.7163436806014,226.807506168525));
#5950=CARTESIAN_POINT('Ctrl Pts',(-96.9811268771795,-12.6158990634542,227.219270874407));
#5951=CARTESIAN_POINT('Ctrl Pts',(-90.8422453720759,-36.1611777588289,227.63103558029));
#5952=CARTESIAN_POINT('Ctrl Pts',(-75.2224516507828,-64.5965144742463,228.180055188133));
#5953=CARTESIAN_POINT('Ctrl Pts',(-43.29721591971,-91.1354249119387,228.866329697937));
#5954=CARTESIAN_POINT('Ctrl Pts',(-2.55662423820439,-99.1190727714932,229.55260420774));
#5955=CARTESIAN_POINT('Ctrl Pts',(29.3537574547939,-93.2646838006285,230.101623815584));
#5956=CARTESIAN_POINT('Ctrl Pts',(51.4841501309524,-83.1497574550908,230.513388521466));
#5957=CARTESIAN_POINT('Ctrl Pts',(70.4030257343967,-67.848052946182,230.925153227348));
#5958=CARTESIAN_POINT('Ctrl Pts',(89.8673409024667,-41.8925763554323,231.474172835191));
#5959=CARTESIAN_POINT('Ctrl Pts',(100.880316756966,-1.86447614404777,232.160447344996));
#5960=CARTESIAN_POINT('Ctrl Pts',(91.3539604231322,38.5432332528648,232.846721854799));
#5961=CARTESIAN_POINT('Ctrl Pts',(72.8620319890664,65.2002194441885,233.395741462643));
#5962=CARTESIAN_POINT('Ctrl Pts',(54.5214977646336,81.1905546295129,233.807506168524));
#5963=CARTESIAN_POINT('Ctrl Pts',(32.7799805103634,92.1163242801527,234.219270874408));
#5964=CARTESIAN_POINT('Ctrl Pts',(1.10772013935721,99.1458515050868,234.76829048225));
#5965=CARTESIAN_POINT('Ctrl Pts',(-39.9000559272969,92.6730819454937,235.454564992055));
#5966=CARTESIAN_POINT('Ctrl Pts',(-72.7841411752741,67.3319813161153,236.140839501858));
#5967=CARTESIAN_POINT('Ctrl Pts',(-89.4439958441481,39.4932390236368,236.689859109701));
#5968=CARTESIAN_POINT('Ctrl Pts',(-96.448718213724,16.1908812137117,237.101623815583));
#5969=CARTESIAN_POINT('Ctrl Pts',(-97.4370898346363,-8.121443572609,237.513388521466));
#5970=CARTESIAN_POINT('Ctrl Pts',(-90.7808916973806,-39.8742600834716,238.062408129309));
#5971=CARTESIAN_POINT('Ctrl Pts',(-67.9742364986007,-74.5641854559539,238.748682639113));
#5972=CARTESIAN_POINT('Ctrl Pts',(-31.3279595720589,-94.0727689803346,239.434957148917));
#5973=CARTESIAN_POINT('Ctrl Pts',(0.903561503821277,-97.7707926619953,239.98397675676));
#5974=CARTESIAN_POINT('Ctrl Pts',(25.0209787707449,-94.5433789374001,240.395741462642));
#5975=CARTESIAN_POINT('Ctrl Pts',(47.5776185888052,-85.4184671518064,240.807506168525));
#5976=CARTESIAN_POINT('Ctrl Pts',(73.7604282553008,-66.2610454050531,241.356525776368));
#5977=CARTESIAN_POINT('Ctrl Pts',(95.9592676186229,-31.1790560853773,242.042800286172));
#5978=CARTESIAN_POINT('Ctrl Pts',(98.6207052614852,10.2510198664924,242.729074795976));
#5979=CARTESIAN_POINT('Ctrl Pts',(88.6988172554942,41.1395690135728,243.278094403819));
#5980=CARTESIAN_POINT('Ctrl Pts',(75.8136008827299,61.7802379466201,243.689859109701));
#5981=CARTESIAN_POINT('Ctrl Pts',(58.1992266437211,78.5671326905776,244.101623815583));
#5982=CARTESIAN_POINT('Ctrl Pts',(29.9497345560732,94.520581433869,244.650643423427));
#5983=CARTESIAN_POINT('Ctrl Pts',(-11.1645839468153,100.277946955311,245.336917933231));
#5984=CARTESIAN_POINT('Ctrl Pts',(-50.0057821245511,85.6186233753374,246.023192443034));
#5985=CARTESIAN_POINT('Ctrl Pts',(-74.0545967993537,63.8424703001947,246.572212050878));
#5986=CARTESIAN_POINT('Ctrl Pts',(-87.5454133196221,43.5924361127407,246.98397675676));
#5987=CARTESIAN_POINT('Ctrl Pts',(-95.5752561460729,20.6231601302664,247.395741462642));
#5988=CARTESIAN_POINT('Ctrl Pts',(-98.4603527570271,-11.6912723660712,247.944761070486));
#5989=CARTESIAN_POINT('Ctrl Pts',(-86.751694173749,-51.5214337752932,248.631035580289));
#5990=CARTESIAN_POINT('Ctrl Pts',(-57.3803049229208,-80.8617803509703,249.317310090094));
#5991=CARTESIAN_POINT('Ctrl Pts',(-27.6250555991022,-93.7912609164235,249.866329697936));
#5992=CARTESIAN_POINT('Ctrl Pts',(-3.61379238630982,-97.731470796952,250.278094403819));
#5993=CARTESIAN_POINT('Ctrl Pts',(20.6228946883179,-95.5753134225603,250.689859109701));
#5994=CARTESIAN_POINT('Ctrl Pts',(51.2517624040648,-84.8786413949537,251.238878717545));
#5995=CARTESIAN_POINT('Ctrl Pts',(82.7098022350339,-57.7875695502001,251.925153227348));
#5996=CARTESIAN_POINT('Ctrl Pts',(97.3280445916414,-18.930891435518,252.611427737152));
#5997=CARTESIAN_POINT('Ctrl Pts',(96.8373291930688,13.5083676252656,253.160447344996));
#5998=CARTESIAN_POINT('Ctrl Pts',(90.5257535606901,37.007942685538,253.572212050877));
#5999=CARTESIAN_POINT('Ctrl Pts',(78.5672943274191,58.1990084384153,253.98397675676));
#6000=CARTESIAN_POINT('Ctrl Pts',(56.1923767390521,81.6917603616932,254.532996364603));
#6001=CARTESIAN_POINT('Ctrl Pts',(18.5398752364825,99.1795725262681,255.219270874407));
#6002=CARTESIAN_POINT('Ctrl Pts',(-22.8873631865692,96.4743257086673,255.905545384211));
#6003=CARTESIAN_POINT('Ctrl Pts',(-52.2379133210214,82.6507394583469,256.454564992054));
#6004=CARTESIAN_POINT('Ctrl Pts',(-71.0439403633623,67.2105528707648,256.866329697936));
#6005=CARTESIAN_POINT('Ctrl Pts',(-85.4183350138035,47.5778558219652,257.278094403819));
#6006=CARTESIAN_POINT('Ctrl Pts',(-97.5943254885079,17.5064144535373,257.827114011662));
#6007=CARTESIAN_POINT('Ctrl Pts',(-97.999871592917,-24.0070770409352,258.513388521467));
#6008=CARTESIAN_POINT('Ctrl Pts',(-78.4525469910386,-60.6327039244896,259.19966303127));
#6009=CARTESIAN_POINT('Ctrl Pts',(-53.7560620539143,-81.6714767443432,259.748682639113));
#6010=CARTESIAN_POINT('Ctrl Pts',(-31.9349183065469,-92.4373348398853,260.160447344995));
#6011=CARTESIAN_POINT('Ctrl Pts',(-8.12171418533124,-97.4370672785149,260.572212050878));
#6012=CARTESIAN_POINT('Ctrl Pts',(24.2948965905298,-96.1295215541583,261.121231658721));
#6013=CARTESIAN_POINT('Ctrl Pts',(62.2818570894603,-79.3806327624424,261.807506168525));
#6014=CARTESIAN_POINT('Ctrl Pts',(87.5881699339153,-46.4697686910898,262.493780678329));
#6015=CARTESIAN_POINT('Ctrl Pts',(96.5712169019234,-15.2952406724404,263.042800286172));
#6016=CARTESIAN_POINT('Ctrl Pts',(97.3810709867959,9.02368511258922,263.454564992055));
#6017=CARTESIAN_POINT('Ctrl Pts',(92.1164153198835,32.7797246748859,263.866329697936));
#6018=CARTESIAN_POINT('Ctrl Pts',(77.5580173055406,61.7728165636669,264.41534930578));
#6019=CARTESIAN_POINT('Ctrl Pts',(46.6352371232379,89.4732878502751,265.101623815583));
#6020=CARTESIAN_POINT('Ctrl Pts',(6.21747657455929,98.9569093071351,265.787898325388));
#6021=CARTESIAN_POINT('Ctrl Pts',(-25.887440697358,94.2856549814719,266.336917933231));
#6022=CARTESIAN_POINT('Ctrl Pts',(-48.3764813410764,84.9953877137444,266.748682639113));
#6023=CARTESIAN_POINT('Ctrl Pts',(-67.8478574149595,70.4032141690228,267.160447344995));
#6024=CARTESIAN_POINT('Ctrl Pts',(-88.2579734041685,45.1846992377967,267.709466952839));
#6025=CARTESIAN_POINT('Ctrl Pts',(-100.742526378221,5.59088178198039,268.395741462642));
#6026=CARTESIAN_POINT('Ctrl Pts',(-92.715801423303,-35.1412447298635,269.082015972447));
#6027=CARTESIAN_POINT('Ctrl Pts',(-75.221517471199,-62.4633302851432,269.631035580289));
#6028=CARTESIAN_POINT('Ctrl Pts',(-57.4843755929725,-79.120455272327,270.042800286172));
#6029=CARTESIAN_POINT('Ctrl Pts',(-36.16143005106,-90.8421449411526,270.454564992054));
#6030=CARTESIAN_POINT('Ctrl Pts',(-4.77055151422788,-99.0372089310939,271.003584599897));
#6031=CARTESIAN_POINT('Ctrl Pts',(36.4483972792923,-94.0841586970305,271.689859109701));
#6032=CARTESIAN_POINT('Ctrl Pts',(70.246416285267,-69.9754807696237,272.376133619505));
#6033=CARTESIAN_POINT('Ctrl Pts',(87.9235766205461,-42.7713572757408,272.925153227348));
#6034=CARTESIAN_POINT('Ctrl Pts',(95.7845721083441,-19.7437485649392,273.336917933231));
#6035=CARTESIAN_POINT('Ctrl Pts',(97.6706458534464,4.51545054436951,273.748682639113));
#6036=CARTESIAN_POINT('Ctrl Pts',(92.1923071252669,36.4925383093099,274.297702246956));
#6037=CARTESIAN_POINT('Ctrl Pts',(70.6830734675905,72.0015126183809,274.98397675676));
#6038=CARTESIAN_POINT('Ctrl Pts',(34.7826930594523,92.8509078959846,275.670251266564));
#6039=CARTESIAN_POINT('Ctrl Pts',(2.70983466143189,97.7374089920658,276.219270874407));
#6040=CARTESIAN_POINT('Ctrl Pts',(-21.5103750022737,95.4033742875647,276.631035580289));
#6041=CARTESIAN_POINT('Ctrl Pts',(-44.3887787453153,87.1181956173471,277.042800286172));
#6042=CARTESIAN_POINT('Ctrl Pts',(-71.2616241107783,68.9413519595766,277.591819894015));
#6043=CARTESIAN_POINT('Ctrl Pts',(-94.7415880399367,34.703600513676,278.278094403819));
#6044=CARTESIAN_POINT('Ctrl Pts',(-98.9321930055535,-6.59983462802914,278.964368913623));
#6045=CARTESIAN_POINT('Ctrl Pts',(-90.1583439164461,-37.8339208577282,279.513388521466));
#6046=CARTESIAN_POINT('Ctrl Pts',(-78.0448395926422,-58.9366152542697,279.925153227349));
#6047=CARTESIAN_POINT('Ctrl Pts',(-61.0623908994195,-76.3629352638044,280.33691793323));
#6048=CARTESIAN_POINT('Ctrl Pts',(-33.4225319819713,-93.3493247172914,280.885937541074));
#6049=CARTESIAN_POINT('Ctrl Pts',(7.45279414596453,-100.622048960031,281.572212050878));
#6050=CARTESIAN_POINT('Ctrl Pts',(46.8059818054647,-87.4078822868771,282.258486560682));
#6051=CARTESIAN_POINT('Ctrl Pts',(71.6475217661464,-66.5353746797787,282.807506168525));
#6052=CARTESIAN_POINT('Ctrl Pts',(85.8692314108664,-46.7974416051478,283.219270874407));
#6053=CARTESIAN_POINT('Ctrl Pts',(94.7585967844552,-24.1409554743593,283.631035580289));
#6054=CARTESIAN_POINT('Ctrl Pts',(96.778118209882,-8.04808126218447,283.905545384211));
#6055=CARTESIAN_POINT('Ctrl Pts',(96.7781182098821,-1.32765255728912E-12,
284.042800286172));
#6056=CARTESIAN_POINT('Ctrl Pts',(98.8478419323279,0.,5.04076611379352));
#6057=CARTESIAN_POINT('Ctrl Pts',(98.8478419323279,8.22017777328158,5.1780210157543));
#6058=CARTESIAN_POINT('Ctrl Pts',(96.785130460644,24.6572557326636,5.45253081967587));
#6059=CARTESIAN_POINT('Ctrl Pts',(87.7056546495778,47.7982577583937,5.86429552555822));
#6060=CARTESIAN_POINT('Ctrl Pts',(73.1797955713924,67.9583217813499,6.27606023144058));
#6061=CARTESIAN_POINT('Ctrl Pts',(47.80698753576,89.2772092542722,6.82507983928371));
#6062=CARTESIAN_POINT('Ctrl Pts',(7.61218167206848,102.773981552473,7.51135434908764));
#6063=CARTESIAN_POINT('Ctrl Pts',(-34.1373155362161,95.3457186242747,8.19762885889155));
#6064=CARTESIAN_POINT('Ctrl Pts',(-62.3682881552389,77.9960545254708,8.7466484667347));
#6065=CARTESIAN_POINT('Ctrl Pts',(-79.713928214193,60.1970499115922,9.15841317261703));
#6066=CARTESIAN_POINT('Ctrl Pts',(-92.0864953067794,38.6430476789657,9.57017787849941));
#6067=CARTESIAN_POINT('Ctrl Pts',(-101.047984370014,6.74098046619526,10.1191974863425));
#6068=CARTESIAN_POINT('Ctrl Pts',(-96.7677579623897,-35.4457813168907,10.8054719961465));
#6069=CARTESIAN_POINT('Ctrl Pts',(-72.7856450015573,-70.4157508831519,11.4917465059504));
#6070=CARTESIAN_POINT('Ctrl Pts',(-45.338089499431,-88.9813295434952,12.0407661137935));
#6071=CARTESIAN_POINT('Ctrl Pts',(-21.9704018579786,-97.4436973589361,12.4525308196759));
#6072=CARTESIAN_POINT('Ctrl Pts',(2.76778793833179,-99.8276483716539,12.8642955255582));
#6073=CARTESIAN_POINT('Ctrl Pts',(35.5265653963735,-94.8366432091309,13.4133151334014));
#6074=CARTESIAN_POINT('Ctrl Pts',(72.1947213135835,-73.5413569693436,14.0995896432053));
#6075=CARTESIAN_POINT('Ctrl Pts',(94.16395741785,-37.2729778722199,14.7858641530092));
#6076=CARTESIAN_POINT('Ctrl Pts',(99.7594574200348,-4.61201922396514,15.3348837608523));
#6077=CARTESIAN_POINT('Ctrl Pts',(97.8330475778408,20.1659938567432,15.7466484667347));
#6078=CARTESIAN_POINT('Ctrl Pts',(89.8039346566389,43.6860774050133,16.158413172617));
#6079=CARTESIAN_POINT('Ctrl Pts',(71.7487256594501,71.4719958415592,16.7074327804602));
#6080=CARTESIAN_POINT('Ctrl Pts',(37.2278928294174,96.0962686529373,17.3937072902641));
#6081=CARTESIAN_POINT('Ctrl Pts',(-4.87257585424131,101.155246195301,18.079981800068));
#6082=CARTESIAN_POINT('Ctrl Pts',(-36.9347884403172,92.7849202901768,18.6290014079112));
#6083=CARTESIAN_POINT('Ctrl Pts',(-58.7137524194218,80.8125473096255,19.0407661137935));
#6084=CARTESIAN_POINT('Ctrl Pts',(-76.8302257415001,63.7991884198717,19.4525308196759));
#6085=CARTESIAN_POINT('Ctrl Pts',(-94.6986473103786,35.8927851524197,20.001550427519));
#6086=CARTESIAN_POINT('Ctrl Pts',(-102.897034035126,-5.71044993299998,20.6878249373229));
#6087=CARTESIAN_POINT('Ctrl Pts',(-90.1454829427754,-46.1510317686818,21.3740994471268));
#6088=CARTESIAN_POINT('Ctrl Pts',(-69.2988705427865,-71.908876866307,21.92311905497));
#6089=CARTESIAN_POINT('Ctrl Pts',(-49.4110742107484,-86.81312268838,22.3348837608523));
#6090=CARTESIAN_POINT('Ctrl Pts',(-26.4410766960315,-96.3020741928709,22.7466484667347));
#6091=CARTESIAN_POINT('Ctrl Pts',(6.35044525589035,-101.073229261288,23.2956680745778));
#6092=CARTESIAN_POINT('Ctrl Pts',(47.6325912603223,-91.386788441259,23.9819425843818));
#6093=CARTESIAN_POINT('Ctrl Pts',(79.2166946104146,-63.0939071801102,24.6682170941856));
#6094=CARTESIAN_POINT('Ctrl Pts',(94.0864425692326,-33.4807609734818,25.2172367020288));
#6095=CARTESIAN_POINT('Ctrl Pts',(99.463689624838,-9.21666814932336,25.6290014079112));
#6096=CARTESIAN_POINT('Ctrl Pts',(98.636515775517,15.6223489387067,26.0407661137935));
#6097=CARTESIAN_POINT('Ctrl Pts',(89.4613548694269,47.4635840743133,26.5897857216366));
#6098=CARTESIAN_POINT('Ctrl Pts',(63.6138341880082,81.0782890278265,27.2760602314406));
#6099=CARTESIAN_POINT('Ctrl Pts',(24.8144739985023,98.1853742083344,27.9623347412445));
#6100=CARTESIAN_POINT('Ctrl Pts',(-8.29540742123084,99.5208834688087,28.5113543490876));
#6101=CARTESIAN_POINT('Ctrl Pts',(-32.6178873414476,94.4142253632459,28.92311905497));
#6102=CARTESIAN_POINT('Ctrl Pts',(-54.9057041312358,83.4181256355571,29.3348837608523));
#6103=CARTESIAN_POINT('Ctrl Pts',(-80.1303549562786,61.9294117752933,29.8839033686955));
#6104=CARTESIAN_POINT('Ctrl Pts',(-100.095724072633,24.5204990600612,30.5701778784994));
#6105=CARTESIAN_POINT('Ctrl Pts',(-99.6815048465697,-17.8808114965822,31.2564523883033));
#6106=CARTESIAN_POINT('Ctrl Pts',(-87.2451152569008,-48.5953690644129,31.8054719961465));
#6107=CARTESIAN_POINT('Ctrl Pts',(-72.5633058090435,-68.6479364265554,32.2172367020288));
#6108=CARTESIAN_POINT('Ctrl Pts',(-53.35508784778,-84.4183311340143,32.6290014079112));
#6109=CARTESIAN_POINT('Ctrl Pts',(-23.3768386941317,-98.5375524402832,33.1780210157542));
#6110=CARTESIAN_POINT('Ctrl Pts',(18.9363741589418,-101.300654417885,33.8642955255583));
#6111=CARTESIAN_POINT('Ctrl Pts',(57.3941225190747,-83.4388430439832,34.5505700353621));
#6112=CARTESIAN_POINT('Ctrl Pts',(80.2475563110746,-59.4436686014356,35.0995896432053));
#6113=CARTESIAN_POINT('Ctrl Pts',(92.4617624757476,-37.799404829172,35.5113543490876));
#6114=CARTESIAN_POINT('Ctrl Pts',(98.9083192180501,-13.7972613281279,35.9231190549699));
#6115=CARTESIAN_POINT('Ctrl Pts',(99.4095291924662,19.3357527390405,36.4721386628132));
#6116=CARTESIAN_POINT('Ctrl Pts',(84.4786570436542,59.0234305668496,37.158413172617));
#6117=CARTESIAN_POINT('Ctrl Pts',(52.3478468333464,86.6938796003822,37.844687682421));
#6118=CARTESIAN_POINT('Ctrl Pts',(21.0639416434718,97.6193136276669,38.3937072902641));
#6119=CARTESIAN_POINT('Ctrl Pts',(-3.6910779542484,99.8215831826807,38.8054719961465));
#6120=CARTESIAN_POINT('Ctrl Pts',(-28.215852712797,95.7971068789978,39.2172367020287));
#6121=CARTESIAN_POINT('Ctrl Pts',(-58.6074560651078,82.5911128501701,39.766256309872));
#6122=CARTESIAN_POINT('Ctrl Pts',(-88.6069900062658,52.6232854714389,40.4525308196758));
#6123=CARTESIAN_POINT('Ctrl Pts',(-100.566053214848,11.9413051649044,41.1388053294798));
#6124=CARTESIAN_POINT('Ctrl Pts',(-97.619255126249,-21.0642127622339,41.6878249373229));
#6125=CARTESIAN_POINT('Ctrl Pts',(-89.4176838503018,-44.5247160620782,42.0995896432053));
#6126=CARTESIAN_POINT('Ctrl Pts',(-75.6383489799803,-65.207823106427,42.5113543490876));
#6127=CARTESIAN_POINT('Ctrl Pts',(-51.0752196734234,-87.4496870409758,43.0603739569308));
#6128=CARTESIAN_POINT('Ctrl Pts',(-11.4033528407928,-102.422518987611,43.7466484667347));
#6129=CARTESIAN_POINT('Ctrl Pts',(30.5902478997723,-96.5420248476463,44.4329229765386));
#6130=CARTESIAN_POINT('Ctrl Pts',(59.4438914733393,-80.2473912174236,44.9819425843818));
#6131=CARTESIAN_POINT('Ctrl Pts',(77.4349716133605,-63.1014872788212,45.393707290264));
#6132=CARTESIAN_POINT('Ctrl Pts',(90.5957548031782,-42.0193912656858,45.8054719961465));
#6133=CARTESIAN_POINT('Ctrl Pts',(100.729835062515,-10.4702510252458,46.3544916039895));
#6134=CARTESIAN_POINT('Ctrl Pts',(98.0114791748356,31.8458600408251,47.0407661137936));
#6135=CARTESIAN_POINT('Ctrl Pts',(75.3378892657204,67.6781225303946,47.7270406235973));
#6136=CARTESIAN_POINT('Ctrl Pts',(48.59512675772,87.245250220843,48.2760602314406));
#6137=CARTESIAN_POINT('Ctrl Pts',(25.5560843739383,96.5653099049204,48.6878249373229));
#6138=CARTESIAN_POINT('Ctrl Pts',(0.922885321165586,99.8617459960539,49.0995896432053));
#6139=CARTESIAN_POINT('Ctrl Pts',(-31.9979480188413,96.084635352571,49.6486092510484));
#6140=CARTESIAN_POINT('Ctrl Pts',(-69.4279524046182,76.1588358411627,50.3348837608523));
#6141=CARTESIAN_POINT('Ctrl Pts',(-92.7223570675107,40.7270220872838,51.0211582706563));
#6142=CARTESIAN_POINT('Ctrl Pts',(-99.5209065073212,8.29513102111161,51.5701778784994));
#6143=CARTESIAN_POINT('Ctrl Pts',(-98.5113972963398,-16.5371438974173,51.9819425843817));
#6144=CARTESIAN_POINT('Ctrl Pts',(-91.3568699881515,-40.3378524052082,52.3937072902641));
#6145=CARTESIAN_POINT('Ctrl Pts',(-74.340723038973,-68.7719617743725,52.9427268981073));
#6146=CARTESIAN_POINT('Ctrl Pts',(-40.7533696081923,-94.6550142219477,53.6290014079111));
#6147=CARTESIAN_POINT('Ctrl Pts',(1.13141014999755,-101.266212229576,54.3152759177151));
#6148=CARTESIAN_POINT('Ctrl Pts',(33.481022280327,-94.0863495825013,54.8642955255582));
#6149=CARTESIAN_POINT('Ctrl Pts',(55.687509662716,-82.9269183867705,55.2760602314406));
#6150=CARTESIAN_POINT('Ctrl Pts',(74.4202796473468,-66.5946094508188,55.6878249373229));
#6151=CARTESIAN_POINT('Ctrl Pts',(93.3076816002378,-39.3675295470988,56.2368445451661));
#6152=CARTESIAN_POINT('Ctrl Pts',(103.037771237192,1.90435034884224,56.92311905497));
#6153=CARTESIAN_POINT('Ctrl Pts',(91.7892688214992,42.7885026317536,57.6093935647739));
#6154=CARTESIAN_POINT('Ctrl Pts',(71.9086844017663,69.2990702556937,58.158413172617));
#6155=CARTESIAN_POINT('Ctrl Pts',(52.5852044687194,84.9280212682724,58.5701778784994));
#6156=CARTESIAN_POINT('Ctrl Pts',(29.9815250666351,95.2592682387133,58.9819425843817));
#6157=CARTESIAN_POINT('Ctrl Pts',(-2.61130091443027,101.238860798546,59.5309621922249));
#6158=CARTESIAN_POINT('Ctrl Pts',(-44.2231822079821,93.0844724278906,60.2172367020287));
#6159=CARTESIAN_POINT('Ctrl Pts',(-76.8311798997091,65.9779934786711,60.9035112118327));
#6160=CARTESIAN_POINT('Ctrl Pts',(-92.7850228689381,36.934530752495,61.4525308196759));
#6161=CARTESIAN_POINT('Ctrl Pts',(-99.0551921993833,12.88570618571,61.8642955255582));
#6162=CARTESIAN_POINT('Ctrl Pts',(-99.1464221848053,-11.9669126615304,62.2760602314406));
#6163=CARTESIAN_POINT('Ctrl Pts',(-91.1541087424567,-44.1254381011842,62.8250798392836));
#6164=CARTESIAN_POINT('Ctrl Pts',(-66.5663541126703,-78.6722908775744,63.5113543490878));
#6165=CARTESIAN_POINT('Ctrl Pts',(-28.4256240002615,-97.2013874821176,64.1976288588914));
#6166=CARTESIAN_POINT('Ctrl Pts',(4.61229629216803,-99.7594444331446,64.7466484667348));
#6167=CARTESIAN_POINT('Ctrl Pts',(29.1068640952949,-95.5550259698525,65.158413172617));
#6168=CARTESIAN_POINT('Ctrl Pts',(51.7857820190431,-85.3900041654324,65.5701778784994));
#6169=CARTESIAN_POINT('Ctrl Pts',(77.7872461217402,-64.8480544738918,66.1191974863425));
#6170=CARTESIAN_POINT('Ctrl Pts',(99.121295507111,-28.2024401208663,66.8054719961465));
#6171=CARTESIAN_POINT('Ctrl Pts',(100.274151169,14.1852189122886,67.4917465059503));
#6172=CARTESIAN_POINT('Ctrl Pts',(88.9812038406644,45.3383435268925,68.0407661137935));
#6173=CARTESIAN_POINT('Ctrl Pts',(75.0503936162849,65.919731064393,68.4525308196759));
#6174=CARTESIAN_POINT('Ctrl Pts',(56.4380334430479,82.3891279950078,68.8642955255582));
#6175=CARTESIAN_POINT('Ctrl Pts',(27.0019840280628,97.6064479775866,69.4133151334014));
#6176=CARTESIAN_POINT('Ctrl Pts',(-15.1802306844396,101.931199581611,70.0995896432051));
#6177=CARTESIAN_POINT('Ctrl Pts',(-54.2717354274795,85.5026582156526,70.7858641530093));
#6178=CARTESIAN_POINT('Ctrl Pts',(-77.9962193724304,62.3683396789116,71.3348837608523));
#6179=CARTESIAN_POINT('Ctrl Pts',(-91.0018719684513,41.1901908686861,71.7466484667348));
#6180=CARTESIAN_POINT('Ctrl Pts',(-98.3309412911315,17.4426493256167,72.158413172617));
#6181=CARTESIAN_POINT('Ctrl Pts',(-100.056123518342,-15.6492164255997,72.7074327804603));
#6182=CARTESIAN_POINT('Ctrl Pts',(-86.6019674602317,-55.8615080694755,73.393707290264));
#6183=CARTESIAN_POINT('Ctrl Pts',(-55.5155652414132,-84.7003414643615,74.0799818000681));
#6184=CARTESIAN_POINT('Ctrl Pts',(-24.6567362460602,-96.774301280808,74.6290014079111));
#6185=CARTESIAN_POINT('Ctrl Pts',(-3.16253787035398E-13,-99.8898019097104,
75.0407661137936));
#6186=CARTESIAN_POINT('Ctrl Pts',(24.6567362460595,-96.7743012808082,75.4525308196759));
#6187=CARTESIAN_POINT('Ctrl Pts',(55.5155652414127,-84.7003414643618,76.001550427519));
#6188=CARTESIAN_POINT('Ctrl Pts',(86.6019674602311,-55.8615080694761,76.687824937323));
#6189=CARTESIAN_POINT('Ctrl Pts',(100.056123518342,-15.6492164256003,77.3740994471268));
#6190=CARTESIAN_POINT('Ctrl Pts',(98.3309412911316,17.4426493256161,77.92311905497));
#6191=CARTESIAN_POINT('Ctrl Pts',(91.0018719684516,41.1901908686854,78.3348837608524));
#6192=CARTESIAN_POINT('Ctrl Pts',(77.9962193724307,62.3683396789111,78.7466484667347));
#6193=CARTESIAN_POINT('Ctrl Pts',(54.2717354274803,85.5026582156522,79.2956680745778));
#6194=CARTESIAN_POINT('Ctrl Pts',(15.1802306844404,101.931199581611,79.9819425843817));
#6195=CARTESIAN_POINT('Ctrl Pts',(-27.0019840280616,97.6064479775868,80.6682170941857));
#6196=CARTESIAN_POINT('Ctrl Pts',(-56.4380334430467,82.3891279950086,81.2172367020287));
#6197=CARTESIAN_POINT('Ctrl Pts',(-75.0503936162843,65.9197310643939,81.6290014079112));
#6198=CARTESIAN_POINT('Ctrl Pts',(-88.9812038406638,45.3383435268933,82.0407661137934));
#6199=CARTESIAN_POINT('Ctrl Pts',(-100.274151169,14.1852189122892,82.5897857216367));
#6200=CARTESIAN_POINT('Ctrl Pts',(-99.1212955071111,-28.2024401208654,83.2760602314405));
#6201=CARTESIAN_POINT('Ctrl Pts',(-77.7872461217407,-64.8480544738916,83.9623347412445));
#6202=CARTESIAN_POINT('Ctrl Pts',(-51.7857820190437,-85.3900041654317,84.5113543490876));
#6203=CARTESIAN_POINT('Ctrl Pts',(-29.1068640952956,-95.5550259698526,84.92311905497));
#6204=CARTESIAN_POINT('Ctrl Pts',(-4.61229629216867,-99.7594444331443,85.3348837608523));
#6205=CARTESIAN_POINT('Ctrl Pts',(28.4256240002607,-97.2013874821181,85.8839033686955));
#6206=CARTESIAN_POINT('Ctrl Pts',(66.5663541126698,-78.6722908775746,86.5701778784994));
#6207=CARTESIAN_POINT('Ctrl Pts',(91.1541087424563,-44.1254381011849,87.2564523883033));
#6208=CARTESIAN_POINT('Ctrl Pts',(99.1464221848054,-11.9669126615311,87.8054719961465));
#6209=CARTESIAN_POINT('Ctrl Pts',(99.0551921993832,12.8857061857093,88.2172367020288));
#6210=CARTESIAN_POINT('Ctrl Pts',(92.7850228689386,36.9345307524944,88.6290014079112));
#6211=CARTESIAN_POINT('Ctrl Pts',(76.8311798997094,65.9779934786706,89.1780210157542));
#6212=CARTESIAN_POINT('Ctrl Pts',(44.2231822079828,93.0844724278902,89.8642955255582));
#6213=CARTESIAN_POINT('Ctrl Pts',(2.61130091443092,101.238860798546,90.5505700353621));
#6214=CARTESIAN_POINT('Ctrl Pts',(-29.9815250666345,95.2592682387133,91.0995896432053));
#6215=CARTESIAN_POINT('Ctrl Pts',(-52.5852044687189,84.928021268273,91.5113543490876));
#6216=CARTESIAN_POINT('Ctrl Pts',(-71.9086844017657,69.2990702556941,91.92311905497));
#6217=CARTESIAN_POINT('Ctrl Pts',(-91.7892688214991,42.7885026317543,92.4721386628131));
#6218=CARTESIAN_POINT('Ctrl Pts',(-103.037771237192,1.90435034884278,93.1584131726171));
#6219=CARTESIAN_POINT('Ctrl Pts',(-93.3076816002381,-39.3675295470984,93.844687682421));
#6220=CARTESIAN_POINT('Ctrl Pts',(-74.420279647347,-66.5946094508183,94.3937072902641));
#6221=CARTESIAN_POINT('Ctrl Pts',(-55.6875096627167,-82.9269183867702,94.8054719961465));
#6222=CARTESIAN_POINT('Ctrl Pts',(-33.4810222803275,-94.086349582501,95.2172367020288));
#6223=CARTESIAN_POINT('Ctrl Pts',(-1.13141014999835,-101.266212229576,95.7662563098719));
#6224=CARTESIAN_POINT('Ctrl Pts',(40.7533696081918,-94.6550142219481,96.4525308196758));
#6225=CARTESIAN_POINT('Ctrl Pts',(74.3407230389725,-68.7719617743729,97.1388053294797));
#6226=CARTESIAN_POINT('Ctrl Pts',(91.3568699881513,-40.3378524052089,97.6878249373229));
#6227=CARTESIAN_POINT('Ctrl Pts',(98.5113972963394,-16.5371438974179,98.0995896432053));
#6228=CARTESIAN_POINT('Ctrl Pts',(99.5209065073215,8.29513102111088,98.5113543490875));
#6229=CARTESIAN_POINT('Ctrl Pts',(92.7223570675107,40.7270220872832,99.0603739569309));
#6230=CARTESIAN_POINT('Ctrl Pts',(69.4279524046188,76.1588358411621,99.7466484667345));
#6231=CARTESIAN_POINT('Ctrl Pts',(31.9979480188419,96.0846353525709,100.432922976539));
#6232=CARTESIAN_POINT('Ctrl Pts',(-0.922885321164845,99.8617459960538,100.981942584382));
#6233=CARTESIAN_POINT('Ctrl Pts',(-25.5560843739377,96.5653099049206,101.393707290264));
#6234=CARTESIAN_POINT('Ctrl Pts',(-48.5951267577193,87.2452502208434,101.805471996146));
#6235=CARTESIAN_POINT('Ctrl Pts',(-75.3378892657197,67.6781225303952,102.35449160399));
#6236=CARTESIAN_POINT('Ctrl Pts',(-98.0114791748353,31.8458600408262,103.040766113793));
#6237=CARTESIAN_POINT('Ctrl Pts',(-100.729835062515,-10.4702510252448,103.727040623598));
#6238=CARTESIAN_POINT('Ctrl Pts',(-90.5957548031786,-42.0193912656848,104.27606023144));
#6239=CARTESIAN_POINT('Ctrl Pts',(-77.4349716133611,-63.1014872788206,104.687824937323));
#6240=CARTESIAN_POINT('Ctrl Pts',(-59.4438914733397,-80.2473912174234,105.099589643205));
#6241=CARTESIAN_POINT('Ctrl Pts',(-30.5902478997728,-96.5420248476459,105.648609251049));
#6242=CARTESIAN_POINT('Ctrl Pts',(11.4033528407923,-102.422518987611,106.334883760852));
#6243=CARTESIAN_POINT('Ctrl Pts',(51.0752196734226,-87.4496870409759,107.021158270656));
#6244=CARTESIAN_POINT('Ctrl Pts',(75.63834897998,-65.2078231064278,107.570177878499));
#6245=CARTESIAN_POINT('Ctrl Pts',(89.4176838503013,-44.5247160620786,107.981942584382));
#6246=CARTESIAN_POINT('Ctrl Pts',(97.619255126249,-21.0642127622346,108.393707290264));
#6247=CARTESIAN_POINT('Ctrl Pts',(100.566053214848,11.9413051649037,108.942726898107));
#6248=CARTESIAN_POINT('Ctrl Pts',(88.6069900062663,52.6232854714383,109.629001407911));
#6249=CARTESIAN_POINT('Ctrl Pts',(58.6074560651083,82.5911128501697,110.315275917715));
#6250=CARTESIAN_POINT('Ctrl Pts',(28.2158527127974,95.7971068789977,110.864295525558));
#6251=CARTESIAN_POINT('Ctrl Pts',(3.69107795424835,99.8215831826809,111.276060231441));
#6252=CARTESIAN_POINT('Ctrl Pts',(-21.063941643472,97.6193136276667,111.687824937323));
#6253=CARTESIAN_POINT('Ctrl Pts',(-52.3478468333466,86.693879600382,112.236844545166));
#6254=CARTESIAN_POINT('Ctrl Pts',(-84.4786570436542,59.0234305668497,112.92311905497));
#6255=CARTESIAN_POINT('Ctrl Pts',(-99.4095291924658,19.3357527390409,113.609393564774));
#6256=CARTESIAN_POINT('Ctrl Pts',(-98.9083192180503,-13.7972613281273,114.158413172617));
#6257=CARTESIAN_POINT('Ctrl Pts',(-92.4617624757477,-37.7994048291718,114.570177878499));
#6258=CARTESIAN_POINT('Ctrl Pts',(-80.2475563110747,-59.4436686014355,114.981942584382));
#6259=CARTESIAN_POINT('Ctrl Pts',(-57.3941225190748,-83.4388430439832,115.530962192225));
#6260=CARTESIAN_POINT('Ctrl Pts',(-18.9363741589422,-101.300654417884,116.217236702029));
#6261=CARTESIAN_POINT('Ctrl Pts',(23.3768386941312,-98.5375524402834,116.903511211833));
#6262=CARTESIAN_POINT('Ctrl Pts',(53.3550878477794,-84.4183311340144,117.452530819676));
#6263=CARTESIAN_POINT('Ctrl Pts',(72.5633058090435,-68.6479364265558,117.864295525558));
#6264=CARTESIAN_POINT('Ctrl Pts',(87.2451152569005,-48.595369064413,118.276060231441));
#6265=CARTESIAN_POINT('Ctrl Pts',(99.6815048465698,-17.8808114965824,118.825079839284));
#6266=CARTESIAN_POINT('Ctrl Pts',(100.095724072633,24.5204990600605,119.511354349088));
#6267=CARTESIAN_POINT('Ctrl Pts',(80.1303549562791,61.9294117752926,120.197628858892));
#6268=CARTESIAN_POINT('Ctrl Pts',(54.9057041312366,83.4181256355565,120.746648466735));
#6269=CARTESIAN_POINT('Ctrl Pts',(32.6178873414483,94.4142253632459,121.158413172617));
#6270=CARTESIAN_POINT('Ctrl Pts',(8.29540742123134,99.5208834688085,121.570177878499));
#6271=CARTESIAN_POINT('Ctrl Pts',(-24.8144739985019,98.1853742083346,122.119197486342));
#6272=CARTESIAN_POINT('Ctrl Pts',(-63.6138341880074,81.0782890278268,122.805471996146));
#6273=CARTESIAN_POINT('Ctrl Pts',(-89.4613548694265,47.4635840743143,123.49174650595));
#6274=CARTESIAN_POINT('Ctrl Pts',(-98.6365157755167,15.6223489387078,124.040766113794));
#6275=CARTESIAN_POINT('Ctrl Pts',(-99.4636896248383,-9.21666814932262,124.452530819676));
#6276=CARTESIAN_POINT('Ctrl Pts',(-94.0864425692327,-33.480760973481,124.864295525558));
#6277=CARTESIAN_POINT('Ctrl Pts',(-79.2166946104153,-63.09390718011,125.413315133401));
#6278=CARTESIAN_POINT('Ctrl Pts',(-47.6325912603224,-91.3867884412574,126.099589643206));
#6279=CARTESIAN_POINT('Ctrl Pts',(-6.35044525589301,-101.07322926129,126.785864153009));
#6280=CARTESIAN_POINT('Ctrl Pts',(26.4410766960322,-96.3020741928687,127.334883760852));
#6281=CARTESIAN_POINT('Ctrl Pts',(49.4110742107434,-86.8131226883865,127.746648466735));
#6282=CARTESIAN_POINT('Ctrl Pts',(69.2988705427936,-71.9088768662968,128.158413172617));
#6283=CARTESIAN_POINT('Ctrl Pts',(90.1454829427581,-46.151031768706,128.70743278046));
#6284=CARTESIAN_POINT('Ctrl Pts',(102.897034035163,-5.7104499329499,129.393707290264));
#6285=CARTESIAN_POINT('Ctrl Pts',(94.6986473103229,35.8927851523404,130.079981800068));
#6286=CARTESIAN_POINT('Ctrl Pts',(76.8302257415764,63.7991884199754,130.629001407911));
#6287=CARTESIAN_POINT('Ctrl Pts',(58.7137524192605,80.8125473093991,131.040766113793));
#6288=CARTESIAN_POINT('Ctrl Pts',(36.9347884406175,92.7849202905925,131.452530819676));
#6289=CARTESIAN_POINT('Ctrl Pts',(4.87257585358789,101.155246194391,132.001550427519));
#6290=CARTESIAN_POINT('Ctrl Pts',(-37.2278928279849,96.0962686549268,132.687824937323));
#6291=CARTESIAN_POINT('Ctrl Pts',(-71.7487256616291,71.4719958385309,133.374099447127));
#6292=CARTESIAN_POINT('Ctrl Pts',(-89.8039346537073,43.6860774090874,133.92311905497));
#6293=CARTESIAN_POINT('Ctrl Pts',(-97.8330475841517,20.1659938479754,134.334883760852));
#6294=CARTESIAN_POINT('Ctrl Pts',(-99.7594574084009,-4.61201920779934,134.746648466735));
#6295=CARTESIAN_POINT('Ctrl Pts',(-94.1639574432905,-37.2729779075682,135.295668074578));
#6296=CARTESIAN_POINT('Ctrl Pts',(-72.1947212579537,-73.5413568920481,135.981942584382));
#6297=CARTESIAN_POINT('Ctrl Pts',(-35.5265654811145,-94.8366433268752,136.668217094186));
#6298=CARTESIAN_POINT('Ctrl Pts',(-2.76778782441244,-99.8276482133678,137.217236702029));
#6299=CARTESIAN_POINT('Ctrl Pts',(21.9704016126864,-97.4436976997587,137.629001407911));
#6300=CARTESIAN_POINT('Ctrl Pts',(45.3380899516016,-88.9813289152233,138.040766113794));
#6301=CARTESIAN_POINT('Ctrl Pts',(72.7856440127833,-70.4157522570101,138.589785721637));
#6302=CARTESIAN_POINT('Ctrl Pts',(96.7677601245007,-35.4457783127323,139.276060231441));
#6303=CARTESIAN_POINT('Ctrl Pts',(101.047981076464,6.74097588995138,139.962334741244));
#6304=CARTESIAN_POINT('Ctrl Pts',(92.0864997343732,38.6430538309108,140.511354349088));
#6305=CARTESIAN_POINT('Ctrl Pts',(79.7139186806338,60.1970366651654,140.92311905497));
#6306=CARTESIAN_POINT('Ctrl Pts',(62.3683057296379,77.9960789439899,141.334883760852));
#6307=CARTESIAN_POINT('Ctrl Pts',(34.1372771031706,95.3456652270259,141.883903368695));
#6308=CARTESIAN_POINT('Ctrl Pts',(-7.61209760101607,102.774098321847,142.5701778785));
#6309=CARTESIAN_POINT('Ctrl Pts',(-47.8071157404198,89.2770313443385,143.256452388303));
#6310=CARTESIAN_POINT('Ctrl Pts',(-73.1796222310445,67.9585611980487,143.805471996146));
#6311=CARTESIAN_POINT('Ctrl Pts',(-87.7060410383309,47.7977389459348,144.217236702029));
#6312=CARTESIAN_POINT('Ctrl Pts',(-96.7843076104347,24.6582402934179,144.629001407911));
#6313=CARTESIAN_POINT('Ctrl Pts',(-99.8812261840202,7.20103157899234E-13,
145.040766113794));
#6314=CARTESIAN_POINT('Ctrl Pts',(-96.7843076104352,-24.6582402934167,145.452530819676));
#6315=CARTESIAN_POINT('Ctrl Pts',(-87.7060410383313,-47.7977389459335,145.864295525558));
#6316=CARTESIAN_POINT('Ctrl Pts',(-73.1796222310456,-67.9585611980477,146.276060231441));
#6317=CARTESIAN_POINT('Ctrl Pts',(-47.807115740421,-89.2770313443379,146.825079839283));
#6318=CARTESIAN_POINT('Ctrl Pts',(-7.61209760101751,-102.774098321847,147.511354349088));
#6319=CARTESIAN_POINT('Ctrl Pts',(34.1372771031694,-95.3456652270263,148.197628858891));
#6320=CARTESIAN_POINT('Ctrl Pts',(62.3683057296368,-77.9960789439908,148.746648466735));
#6321=CARTESIAN_POINT('Ctrl Pts',(79.713918680633,-60.1970366651665,149.158413172617));
#6322=CARTESIAN_POINT('Ctrl Pts',(92.0864997343726,-38.6430538309121,149.5701778785));
#6323=CARTESIAN_POINT('Ctrl Pts',(101.047981076464,-6.74097588995273,150.119197486343));
#6324=CARTESIAN_POINT('Ctrl Pts',(96.7677601245009,35.4457783127309,150.805471996146));
#6325=CARTESIAN_POINT('Ctrl Pts',(72.7856440127844,70.4157522570092,151.49174650595));
#6326=CARTESIAN_POINT('Ctrl Pts',(45.3380899516028,88.9813289152227,152.040766113793));
#6327=CARTESIAN_POINT('Ctrl Pts',(21.9704016126878,97.4436976997583,152.452530819676));
#6328=CARTESIAN_POINT('Ctrl Pts',(-2.76778782441116,99.8276482133679,152.864295525558));
#6329=CARTESIAN_POINT('Ctrl Pts',(-35.5265654811131,94.8366433268757,153.413315133401));
#6330=CARTESIAN_POINT('Ctrl Pts',(-72.1947212579529,73.541356892049,154.099589643205));
#6331=CARTESIAN_POINT('Ctrl Pts',(-94.16395744329,37.2729779075697,154.785864153009));
#6332=CARTESIAN_POINT('Ctrl Pts',(-99.7594574084007,4.61201920780111,155.334883760852));
#6333=CARTESIAN_POINT('Ctrl Pts',(-97.8330475841522,-20.1659938479727,155.746648466735));
#6334=CARTESIAN_POINT('Ctrl Pts',(-89.8039346537087,-43.6860774090845,156.158413172617));
#6335=CARTESIAN_POINT('Ctrl Pts',(-71.7487256616314,-71.471995838529,156.70743278046));
#6336=CARTESIAN_POINT('Ctrl Pts',(-37.2278928279865,-96.096268654926,157.393707290264));
#6337=CARTESIAN_POINT('Ctrl Pts',(4.87257585358644,-101.155246194392,158.079981800068));
#6338=CARTESIAN_POINT('Ctrl Pts',(36.9347884406162,-92.7849202905929,158.629001407911));
#6339=CARTESIAN_POINT('Ctrl Pts',(58.7137524192594,-80.8125473094,159.040766113794));
#6340=CARTESIAN_POINT('Ctrl Pts',(76.8302257415756,-63.7991884199765,159.452530819676));
#6341=CARTESIAN_POINT('Ctrl Pts',(94.6986473103224,-35.8927851523416,160.001550427519));
#6342=CARTESIAN_POINT('Ctrl Pts',(102.897034035163,5.71044993294842,160.687824937323));
#6343=CARTESIAN_POINT('Ctrl Pts',(90.1454829427589,46.1510317687048,161.374099447127));
#6344=CARTESIAN_POINT('Ctrl Pts',(69.2988705427945,71.9088768662958,161.92311905497));
#6345=CARTESIAN_POINT('Ctrl Pts',(49.4110742107446,86.8131226883858,162.334883760853));
#6346=CARTESIAN_POINT('Ctrl Pts',(26.4410766960335,96.3020741928683,162.746648466734));
#6347=CARTESIAN_POINT('Ctrl Pts',(-6.35044525589158,101.07322926129,163.295668074578));
#6348=CARTESIAN_POINT('Ctrl Pts',(-47.6325912603212,91.3867884412579,163.981942584382));
#6349=CARTESIAN_POINT('Ctrl Pts',(-79.2166946104144,63.0939071801112,164.668217094186));
#6350=CARTESIAN_POINT('Ctrl Pts',(-94.0864425692324,33.4807609734822,165.217236702029));
#6351=CARTESIAN_POINT('Ctrl Pts',(-99.463689624838,9.21666814932401,165.629001407911));
#6352=CARTESIAN_POINT('Ctrl Pts',(-98.6365157755172,-15.6223489387065,166.040766113794));
#6353=CARTESIAN_POINT('Ctrl Pts',(-89.4613548694269,-47.463584074313,166.589785721637));
#6354=CARTESIAN_POINT('Ctrl Pts',(-63.6138341880087,-81.0782890278261,167.27606023144));
#6355=CARTESIAN_POINT('Ctrl Pts',(-24.8144739985032,-98.1853742083341,167.962334741245));
#6356=CARTESIAN_POINT('Ctrl Pts',(8.2954074212299,-99.5208834688087,168.511354349087));
#6357=CARTESIAN_POINT('Ctrl Pts',(32.617887341447,-94.4142253632462,168.92311905497));
#6358=CARTESIAN_POINT('Ctrl Pts',(54.9057041312354,-83.4181256355573,169.334883760852));
#6359=CARTESIAN_POINT('Ctrl Pts',(80.1303549562783,-61.9294117752936,169.883903368696));
#6360=CARTESIAN_POINT('Ctrl Pts',(100.095724072632,-24.5204990600619,170.570177878499));
#6361=CARTESIAN_POINT('Ctrl Pts',(99.6815048465702,17.880811496581,171.256452388304));
#6362=CARTESIAN_POINT('Ctrl Pts',(87.2451152569012,48.5953690644118,171.805471996146));
#6363=CARTESIAN_POINT('Ctrl Pts',(72.5633058090444,68.6479364265548,172.217236702029));
#6364=CARTESIAN_POINT('Ctrl Pts',(53.3550878477807,84.4183311340138,172.629001407911));
#6365=CARTESIAN_POINT('Ctrl Pts',(23.3768386941325,98.537552440283,173.178021015754));
#6366=CARTESIAN_POINT('Ctrl Pts',(-18.9363741589407,101.300654417885,173.864295525558));
#6367=CARTESIAN_POINT('Ctrl Pts',(-57.3941225190737,83.438843043984,174.550570035362));
#6368=CARTESIAN_POINT('Ctrl Pts',(-80.2475563110738,59.4436686014366,175.099589643205));
#6369=CARTESIAN_POINT('Ctrl Pts',(-92.4617624757472,37.7994048291731,175.511354349087));
#6370=CARTESIAN_POINT('Ctrl Pts',(-98.9083192180501,13.7972613281287,175.92311905497));
#6371=CARTESIAN_POINT('Ctrl Pts',(-99.4095291924662,-19.3357527390396,176.472138662813));
#6372=CARTESIAN_POINT('Ctrl Pts',(-84.478657043655,-59.0234305668485,177.158413172617));
#6373=CARTESIAN_POINT('Ctrl Pts',(-52.3478468333478,-86.6938796003814,177.844687682421));
#6374=CARTESIAN_POINT('Ctrl Pts',(-21.0639416434734,-97.6193136276665,178.393707290264));
#6375=CARTESIAN_POINT('Ctrl Pts',(3.69107795424699,-99.8215831826808,178.805471996146));
#6376=CARTESIAN_POINT('Ctrl Pts',(28.2158527127959,-95.7971068789981,179.217236702029));
#6377=CARTESIAN_POINT('Ctrl Pts',(58.6074560651068,-82.5911128501706,179.766256309872));
#6378=CARTESIAN_POINT('Ctrl Pts',(88.6069900062656,-52.6232854714399,180.452530819676));
#6379=CARTESIAN_POINT('Ctrl Pts',(100.566053214848,-11.9413051649045,181.13880532948));
#6380=CARTESIAN_POINT('Ctrl Pts',(97.619255126249,21.0642127622341,181.687824937323));
#6381=CARTESIAN_POINT('Ctrl Pts',(89.4176838503017,44.5247160620782,182.099589643205));
#6382=CARTESIAN_POINT('Ctrl Pts',(75.6383489799805,65.2078231064269,182.511354349088));
#6383=CARTESIAN_POINT('Ctrl Pts',(51.0752196734235,87.4496870409756,183.060373956931));
#6384=CARTESIAN_POINT('Ctrl Pts',(11.4033528407929,102.422518987611,183.746648466735));
#6385=CARTESIAN_POINT('Ctrl Pts',(-30.5902478997723,96.5420248476461,184.432922976539));
#6386=CARTESIAN_POINT('Ctrl Pts',(-59.4438914733392,80.2473912174237,184.981942584382));
#6387=CARTESIAN_POINT('Ctrl Pts',(-77.4349716133602,63.1014872788214,185.393707290264));
#6388=CARTESIAN_POINT('Ctrl Pts',(-90.595754803178,42.0193912656862,185.805471996146));
#6389=CARTESIAN_POINT('Ctrl Pts',(-100.729835062514,10.4702510252464,186.354491603989));
#6390=CARTESIAN_POINT('Ctrl Pts',(-98.0114791748359,-31.8458600408249,187.040766113794));
#6391=CARTESIAN_POINT('Ctrl Pts',(-75.3378892657204,-67.6781225303943,187.727040623597));
#6392=CARTESIAN_POINT('Ctrl Pts',(-48.5951267577203,-87.2452502208429,188.276060231441));
#6393=CARTESIAN_POINT('Ctrl Pts',(-25.5560843739389,-96.5653099049202,188.687824937323));
#6394=CARTESIAN_POINT('Ctrl Pts',(-0.922885321166456,-99.8617459960538,
189.099589643205));
#6395=CARTESIAN_POINT('Ctrl Pts',(31.9979480188403,-96.0846353525713,189.648609251048));
#6396=CARTESIAN_POINT('Ctrl Pts',(69.4279524046179,-76.1588358411632,190.334883760852));
#6397=CARTESIAN_POINT('Ctrl Pts',(92.7223570675102,-40.7270220872842,191.021158270656));
#6398=CARTESIAN_POINT('Ctrl Pts',(99.5209065073212,-8.29513102111203,191.570177878499));
#6399=CARTESIAN_POINT('Ctrl Pts',(98.5113972963399,16.5371438974165,191.981942584382));
#6400=CARTESIAN_POINT('Ctrl Pts',(91.3568699881518,40.3378524052075,192.393707290264));
#6401=CARTESIAN_POINT('Ctrl Pts',(74.3407230389737,68.7719617743716,192.942726898107));
#6402=CARTESIAN_POINT('Ctrl Pts',(40.753369608193,94.6550142219478,193.629001407912));
#6403=CARTESIAN_POINT('Ctrl Pts',(-1.13141014999714,101.266212229576,194.315275917715));
#6404=CARTESIAN_POINT('Ctrl Pts',(-33.4810222803265,94.0863495825014,194.864295525558));
#6405=CARTESIAN_POINT('Ctrl Pts',(-55.6875096627154,82.9269183867709,195.276060231441));
#6406=CARTESIAN_POINT('Ctrl Pts',(-74.4202796473461,66.5946094508196,195.687824937323));
#6407=CARTESIAN_POINT('Ctrl Pts',(-93.3076816002373,39.3675295470998,196.236844545166));
#6408=CARTESIAN_POINT('Ctrl Pts',(-103.037771237192,-1.90435034884106,196.92311905497));
#6409=CARTESIAN_POINT('Ctrl Pts',(-91.7892688214996,-42.7885026317528,197.609393564774));
#6410=CARTESIAN_POINT('Ctrl Pts',(-71.908684401767,-69.2990702556928,198.158413172617));
#6411=CARTESIAN_POINT('Ctrl Pts',(-52.5852044687206,-84.9280212682717,198.570177878499));
#6412=CARTESIAN_POINT('Ctrl Pts',(-29.9815250666367,-95.2592682387128,198.981942584382));
#6413=CARTESIAN_POINT('Ctrl Pts',(2.61130091442857,-101.238860798546,199.530962192225));
#6414=CARTESIAN_POINT('Ctrl Pts',(44.2231822079809,-93.0844724278912,200.217236702029));
#6415=CARTESIAN_POINT('Ctrl Pts',(76.8311798997082,-65.9779934786721,200.903511211832));
#6416=CARTESIAN_POINT('Ctrl Pts',(92.7850228689378,-36.934530752496,201.452530819676));
#6417=CARTESIAN_POINT('Ctrl Pts',(99.0551921993829,-12.8857061857114,201.864295525558));
#6418=CARTESIAN_POINT('Ctrl Pts',(99.1464221848056,11.9669126615288,202.276060231441));
#6419=CARTESIAN_POINT('Ctrl Pts',(91.1541087424573,44.1254381011832,202.825079839284));
#6420=CARTESIAN_POINT('Ctrl Pts',(66.5663541126707,78.6722908775741,203.511354349088));
#6421=CARTESIAN_POINT('Ctrl Pts',(28.4256240002616,97.2013874821176,204.197628858892));
#6422=CARTESIAN_POINT('Ctrl Pts',(-4.61229629216779,99.7594444331445,204.746648466735));
#6423=CARTESIAN_POINT('Ctrl Pts',(-29.106864095295,95.5550259698526,205.158413172617));
#6424=CARTESIAN_POINT('Ctrl Pts',(-51.7857820190433,85.3900041654322,205.570177878499));
#6425=CARTESIAN_POINT('Ctrl Pts',(-77.7872461217404,64.8480544738917,206.119197486343));
#6426=CARTESIAN_POINT('Ctrl Pts',(-99.121295507111,28.2024401208662,206.805471996146));
#6427=CARTESIAN_POINT('Ctrl Pts',(-100.274151169,-14.1852189122883,207.49174650595));
#6428=CARTESIAN_POINT('Ctrl Pts',(-88.9812038406644,-45.3383435268923,208.040766113793));
#6429=CARTESIAN_POINT('Ctrl Pts',(-75.050393616285,-65.919731064393,208.452530819676));
#6430=CARTESIAN_POINT('Ctrl Pts',(-56.4380334430477,-82.3891279950081,208.864295525558));
#6431=CARTESIAN_POINT('Ctrl Pts',(-27.0019840280627,-97.6064479775864,209.413315133401));
#6432=CARTESIAN_POINT('Ctrl Pts',(15.1802306844389,-101.931199581611,210.099589643206));
#6433=CARTESIAN_POINT('Ctrl Pts',(54.2717354274789,-85.502658215653,210.785864153009));
#6434=CARTESIAN_POINT('Ctrl Pts',(77.9962193724296,-62.3683396789124,211.334883760852));
#6435=CARTESIAN_POINT('Ctrl Pts',(91.0018719684512,-41.1901908686866,211.746648466735));
#6436=CARTESIAN_POINT('Ctrl Pts',(98.3309412911313,-17.4426493256172,212.158413172617));
#6437=CARTESIAN_POINT('Ctrl Pts',(100.056123518342,15.6492164255993,212.70743278046));
#6438=CARTESIAN_POINT('Ctrl Pts',(86.6019674602319,55.8615080694749,213.393707290264));
#6439=CARTESIAN_POINT('Ctrl Pts',(55.5155652414141,84.700341464361,214.079981800068));
#6440=CARTESIAN_POINT('Ctrl Pts',(24.656736246061,96.7743012808077,214.629001407911));
#6441=CARTESIAN_POINT('Ctrl Pts',(1.02848920657731E-12,99.8898019097105,
215.040766113794));
#6442=CARTESIAN_POINT('Ctrl Pts',(-24.656736246059,96.7743012808083,215.452530819676));
#6443=CARTESIAN_POINT('Ctrl Pts',(-55.5155652414123,84.700341464362,216.001550427519));
#6444=CARTESIAN_POINT('Ctrl Pts',(-86.6019674602312,55.8615080694764,216.687824937323));
#6445=CARTESIAN_POINT('Ctrl Pts',(-100.056123518342,15.6492164255999,217.374099447127));
#6446=CARTESIAN_POINT('Ctrl Pts',(-98.3309412911315,-17.4426493256175,217.92311905497));
#6447=CARTESIAN_POINT('Ctrl Pts',(-91.0018719684507,-41.1901908686874,218.334883760852));
#6448=CARTESIAN_POINT('Ctrl Pts',(-77.9962193724294,-62.3683396789126,218.746648466735));
#6449=CARTESIAN_POINT('Ctrl Pts',(-54.2717354274793,-85.5026582156525,219.295668074577));
#6450=CARTESIAN_POINT('Ctrl Pts',(-15.1802306844401,-101.931199581611,219.981942584382));
#6451=CARTESIAN_POINT('Ctrl Pts',(27.0019840280621,-97.6064479775868,220.668217094185));
#6452=CARTESIAN_POINT('Ctrl Pts',(56.438033443048,-82.3891279950078,221.217236702029));
#6453=CARTESIAN_POINT('Ctrl Pts',(75.0503936162854,-65.9197310643924,221.629001407911));
#6454=CARTESIAN_POINT('Ctrl Pts',(88.9812038406647,-45.3383435268921,222.040766113794));
#6455=CARTESIAN_POINT('Ctrl Pts',(100.274151169,-14.1852189122889,222.589785721636));
#6456=CARTESIAN_POINT('Ctrl Pts',(99.1212955071117,28.2024401208651,223.276060231441));
#6457=CARTESIAN_POINT('Ctrl Pts',(77.7872461217407,64.8480544738913,223.962334741244));
#6458=CARTESIAN_POINT('Ctrl Pts',(51.7857820190432,85.3900041654324,224.511354349088));
#6459=CARTESIAN_POINT('Ctrl Pts',(29.1068640952941,95.5550259698529,224.92311905497));
#6460=CARTESIAN_POINT('Ctrl Pts',(4.61229629216749,99.7594444331445,225.334883760852));
#6461=CARTESIAN_POINT('Ctrl Pts',(-28.4256240002609,97.2013874821175,225.883903368696));
#6462=CARTESIAN_POINT('Ctrl Pts',(-66.5663541126696,78.6722908775751,226.570177878499));
#6463=CARTESIAN_POINT('Ctrl Pts',(-91.1541087424563,44.125438101185,227.256452388303));
#6464=CARTESIAN_POINT('Ctrl Pts',(-99.1464221848055,11.9669126615304,227.805471996146));
#6465=CARTESIAN_POINT('Ctrl Pts',(-99.0551921993831,-12.8857061857108,228.217236702029));
#6466=CARTESIAN_POINT('Ctrl Pts',(-92.785022868938,-36.9345307524954,228.629001407911));
#6467=CARTESIAN_POINT('Ctrl Pts',(-76.8311798997091,-65.9779934786708,229.178021015754));
#6468=CARTESIAN_POINT('Ctrl Pts',(-44.2231822079833,-93.0844724278899,229.864295525559));
#6469=CARTESIAN_POINT('Ctrl Pts',(-2.61130091443113,-101.238860798546,230.550570035362));
#6470=CARTESIAN_POINT('Ctrl Pts',(29.9815250666352,-95.2592682387132,231.099589643206));
#6471=CARTESIAN_POINT('Ctrl Pts',(52.5852044687201,-84.9280212682722,231.511354349087));
#6472=CARTESIAN_POINT('Ctrl Pts',(71.9086844017665,-69.2990702556933,231.92311905497));
#6473=CARTESIAN_POINT('Ctrl Pts',(91.7892688214987,-42.7885026317541,232.472138662813));
#6474=CARTESIAN_POINT('Ctrl Pts',(103.037771237192,-1.90435034884371,233.158413172618));
#6475=CARTESIAN_POINT('Ctrl Pts',(93.3076816002383,39.3675295470974,233.84468768242));
#6476=CARTESIAN_POINT('Ctrl Pts',(74.4202796473473,66.5946094508185,234.393707290264));
#6477=CARTESIAN_POINT('Ctrl Pts',(55.6875096627159,82.9269183867705,234.805471996146));
#6478=CARTESIAN_POINT('Ctrl Pts',(33.4810222803271,94.0863495825012,235.217236702029));
#6479=CARTESIAN_POINT('Ctrl Pts',(1.13141014999872,101.266212229576,235.766256309872));
#6480=CARTESIAN_POINT('Ctrl Pts',(-40.7533696081906,94.6550142219486,236.452530819676));
#6481=CARTESIAN_POINT('Ctrl Pts',(-74.340723038972,68.7719617743737,237.13880532948));
#6482=CARTESIAN_POINT('Ctrl Pts',(-91.3568699881514,40.3378524052089,237.687824937323));
#6483=CARTESIAN_POINT('Ctrl Pts',(-98.5113972963397,16.5371438974172,238.099589643205));
#6484=CARTESIAN_POINT('Ctrl Pts',(-99.5209065073213,-8.2951310211114,238.511354349088));
#6485=CARTESIAN_POINT('Ctrl Pts',(-92.7223570675107,-40.7270220872827,239.06037395693));
#6486=CARTESIAN_POINT('Ctrl Pts',(-69.4279524046199,-76.1588358411614,239.746648466735));
#6487=CARTESIAN_POINT('Ctrl Pts',(-31.9979480188428,-96.0846353525707,240.432922976538));
#6488=CARTESIAN_POINT('Ctrl Pts',(0.922885321164838,-99.8617459960539,240.981942584382));
#6489=CARTESIAN_POINT('Ctrl Pts',(25.5560843739384,-96.5653099049204,241.393707290264));
#6490=CARTESIAN_POINT('Ctrl Pts',(48.5951267577197,-87.2452502208432,241.805471996147));
#6491=CARTESIAN_POINT('Ctrl Pts',(75.3378892657192,-67.6781225303954,242.354491603989));
#6492=CARTESIAN_POINT('Ctrl Pts',(98.0114791748352,-31.8458600408274,243.040766113794));
#6493=CARTESIAN_POINT('Ctrl Pts',(100.729835062515,10.4702510252439,243.727040623597));
#6494=CARTESIAN_POINT('Ctrl Pts',(90.5957548031789,42.0193912656848,244.276060231441));
#6495=CARTESIAN_POINT('Ctrl Pts',(77.4349716133606,63.101487278821,244.687824937323));
#6496=CARTESIAN_POINT('Ctrl Pts',(59.4438914733398,80.2473912174233,245.099589643205));
#6497=CARTESIAN_POINT('Ctrl Pts',(30.5902478997737,96.5420248476455,245.648609251048));
#6498=CARTESIAN_POINT('Ctrl Pts',(-11.4033528407903,102.422518987611,246.334883760852));
#6499=CARTESIAN_POINT('Ctrl Pts',(-51.0752196734213,87.449687040977,247.021158270656));
#6500=CARTESIAN_POINT('Ctrl Pts',(-75.6383489799797,65.2078231064282,247.5701778785));
#6501=CARTESIAN_POINT('Ctrl Pts',(-89.4176838503013,44.5247160620788,247.981942584382));
#6502=CARTESIAN_POINT('Ctrl Pts',(-97.619255126249,21.0642127622347,248.393707290264));
#6503=CARTESIAN_POINT('Ctrl Pts',(-100.566053214848,-11.9413051649024,248.942726898107));
#6504=CARTESIAN_POINT('Ctrl Pts',(-88.6069900062675,-52.6232854714368,249.629001407911));
#6505=CARTESIAN_POINT('Ctrl Pts',(-58.6074560651097,-82.5911128501687,250.315275917715));
#6506=CARTESIAN_POINT('Ctrl Pts',(-28.2158527127983,-95.7971068789974,250.864295525558));
#6507=CARTESIAN_POINT('Ctrl Pts',(-3.69107795424907,-99.8215831826809,251.276060231441));
#6508=CARTESIAN_POINT('Ctrl Pts',(21.0639416434709,-97.619313627667,251.687824937323));
#6509=CARTESIAN_POINT('Ctrl Pts',(52.3478468333445,-86.6938796003829,252.236844545166));
#6510=CARTESIAN_POINT('Ctrl Pts',(84.478657043653,-59.023430566852,252.92311905497));
#6511=CARTESIAN_POINT('Ctrl Pts',(99.4095291924653,-19.335752739043,253.609393564774));
#6512=CARTESIAN_POINT('Ctrl Pts',(98.9083192180507,13.7972613281262,254.158413172617));
#6513=CARTESIAN_POINT('Ctrl Pts',(92.4617624757479,37.7994048291712,254.570177878499));
#6514=CARTESIAN_POINT('Ctrl Pts',(80.2475563110753,59.4436686014345,254.981942584382));
#6515=CARTESIAN_POINT('Ctrl Pts',(57.3941225190765,83.4388430439818,255.530962192225));
#6516=CARTESIAN_POINT('Ctrl Pts',(18.9363741589447,101.300654417884,256.217236702029));
#6517=CARTESIAN_POINT('Ctrl Pts',(-23.3768386941291,98.5375524402841,256.903511211832));
#6518=CARTESIAN_POINT('Ctrl Pts',(-53.3550878477786,84.4183311340151,257.452530819676));
#6519=CARTESIAN_POINT('Ctrl Pts',(-72.5633058090429,68.6479364265563,257.864295525558));
#6520=CARTESIAN_POINT('Ctrl Pts',(-87.2451152569,48.595369064414,258.276060231441));
#6521=CARTESIAN_POINT('Ctrl Pts',(-99.6815048465694,17.8808114965844,258.825079839283));
#6522=CARTESIAN_POINT('Ctrl Pts',(-100.095724072634,-24.5204990600578,259.511354349088));
#6523=CARTESIAN_POINT('Ctrl Pts',(-80.1303549562805,-61.9294117752911,260.197628858891));
#6524=CARTESIAN_POINT('Ctrl Pts',(-54.9057041312376,-83.4181256355559,260.746648466735));
#6525=CARTESIAN_POINT('Ctrl Pts',(-32.6178873414489,-94.4142253632457,261.158413172617));
#6526=CARTESIAN_POINT('Ctrl Pts',(-8.29540742123243,-99.5208834688083,261.570177878499));
#6527=CARTESIAN_POINT('Ctrl Pts',(24.8144739985006,-98.1853742083349,262.119197486343));
#6528=CARTESIAN_POINT('Ctrl Pts',(63.6138341880072,-81.0782890278275,262.805471996146));
#6529=CARTESIAN_POINT('Ctrl Pts',(89.4613548694262,-47.4635840743144,263.491746505951));
#6530=CARTESIAN_POINT('Ctrl Pts',(98.6365157755167,-15.622348938708,264.040766113793));
#6531=CARTESIAN_POINT('Ctrl Pts',(99.4636896248383,9.21666814932184,264.452530819676));
#6532=CARTESIAN_POINT('Ctrl Pts',(94.0864425692329,33.480760973481,264.864295525558));
#6533=CARTESIAN_POINT('Ctrl Pts',(79.2166946104146,63.0939071801102,265.413315133402));
#6534=CARTESIAN_POINT('Ctrl Pts',(47.6325912603221,91.3867884412592,266.099589643205));
#6535=CARTESIAN_POINT('Ctrl Pts',(6.35044525589085,101.073229261287,266.785864153009));
#6536=CARTESIAN_POINT('Ctrl Pts',(-26.44107669603,96.3020741928713,267.334883760852));
#6537=CARTESIAN_POINT('Ctrl Pts',(-49.4110742107469,86.813122688381,267.746648466735));
#6538=CARTESIAN_POINT('Ctrl Pts',(-69.2988705427858,71.9088768663077,268.158413172617));
#6539=CARTESIAN_POINT('Ctrl Pts',(-90.1454829427754,46.151031768682,268.70743278046));
#6540=CARTESIAN_POINT('Ctrl Pts',(-102.897034035127,5.71044993299975,269.393707290264));
#6541=CARTESIAN_POINT('Ctrl Pts',(-94.6986473103786,-35.8927851524189,270.079981800068));
#6542=CARTESIAN_POINT('Ctrl Pts',(-76.8302257415011,-63.7991884198705,270.629001407911));
#6543=CARTESIAN_POINT('Ctrl Pts',(-58.7137524194234,-80.8125473096244,271.040766113794));
#6544=CARTESIAN_POINT('Ctrl Pts',(-36.9347884403184,-92.7849202901764,271.452530819676));
#6545=CARTESIAN_POINT('Ctrl Pts',(-4.8725758542417,-101.155246195301,272.001550427519));
#6546=CARTESIAN_POINT('Ctrl Pts',(37.2278928294173,-96.0962686529376,272.687824937324));
#6547=CARTESIAN_POINT('Ctrl Pts',(71.7487256594492,-71.4719958415595,273.374099447126));
#6548=CARTESIAN_POINT('Ctrl Pts',(89.8039346566382,-43.6860774050151,273.92311905497));
#6549=CARTESIAN_POINT('Ctrl Pts',(97.8330475778403,-20.1659938567452,274.334883760852));
#6550=CARTESIAN_POINT('Ctrl Pts',(99.7594574200351,4.61201922396366,274.746648466735));
#6551=CARTESIAN_POINT('Ctrl Pts',(94.16395741785,37.2729778722196,275.295668074577));
#6552=CARTESIAN_POINT('Ctrl Pts',(72.1947213135839,73.5413569693432,275.981942584382));
#6553=CARTESIAN_POINT('Ctrl Pts',(35.5265653963743,94.8366432091306,276.668217094185));
#6554=CARTESIAN_POINT('Ctrl Pts',(2.76778793833392,99.8276483716535,277.217236702029));
#6555=CARTESIAN_POINT('Ctrl Pts',(-21.9704018579764,97.4436973589369,277.629001407911));
#6556=CARTESIAN_POINT('Ctrl Pts',(-45.3380894994295,88.9813295434958,278.040766113794));
#6557=CARTESIAN_POINT('Ctrl Pts',(-72.7856450015568,70.4157508831527,278.589785721637));
#6558=CARTESIAN_POINT('Ctrl Pts',(-96.7677579623896,35.4457813168912,279.276060231441));
#6559=CARTESIAN_POINT('Ctrl Pts',(-101.047984370013,-6.74098046619389,279.962334741244));
#6560=CARTESIAN_POINT('Ctrl Pts',(-92.0864953067803,-38.6430476789636,280.511354349088));
#6561=CARTESIAN_POINT('Ctrl Pts',(-79.7139282141946,-60.1970499115902,280.92311905497));
#6562=CARTESIAN_POINT('Ctrl Pts',(-62.3682881552403,-77.9960545254697,281.334883760852));
#6563=CARTESIAN_POINT('Ctrl Pts',(-34.1373155362172,-95.3457186242744,281.883903368696));
#6564=CARTESIAN_POINT('Ctrl Pts',(7.61218167206784,-102.773981552473,282.5701778785));
#6565=CARTESIAN_POINT('Ctrl Pts',(47.8069875357585,-89.2772092542725,283.256452388303));
#6566=CARTESIAN_POINT('Ctrl Pts',(73.1797955713907,-67.9583217813518,283.805471996147));
#6567=CARTESIAN_POINT('Ctrl Pts',(87.7056546495764,-47.7982577583961,284.217236702029));
#6568=CARTESIAN_POINT('Ctrl Pts',(96.7851304606437,-24.6572557326656,284.629001407911));
#6569=CARTESIAN_POINT('Ctrl Pts',(98.8478419323278,-8.22017777328316,284.903511211833));
#6570=CARTESIAN_POINT('Ctrl Pts',(98.8478419323279,-1.35604610372105E-12,
285.040766113793));
#6571=CARTESIAN_POINT('Ctrl Pts',(101.150640703358,0.,5.04114218482211));
#6572=CARTESIAN_POINT('Ctrl Pts',(101.150640703358,8.41173299751726,5.17839708678289));
#6573=CARTESIAN_POINT('Ctrl Pts',(99.0398754821015,25.2316435088235,5.45290689070446));
#6574=CARTESIAN_POINT('Ctrl Pts',(89.7488805793627,48.9118022872438,5.86467159658682));
#6575=CARTESIAN_POINT('Ctrl Pts',(74.8846212915269,69.5414982704404,6.27643630246917));
#6576=CARTESIAN_POINT('Ctrl Pts',(48.9207181948405,91.3570524327064,6.82545591031231));
#6577=CARTESIAN_POINT('Ctrl Pts',(7.78951809395322,105.168241511193,7.51173042011622));
#6578=CARTESIAN_POINT('Ctrl Pts',(-34.9325920614931,97.5669322371788,8.19800492992015));
#6579=CARTESIAN_POINT('Ctrl Pts',(-63.8212446842588,79.8130809569561,8.74702453776329));
#6580=CARTESIAN_POINT('Ctrl Pts',(-81.5709756958292,61.5994248307315,9.15878924364564));
#6581=CARTESIAN_POINT('Ctrl Pts',(-94.2317790486952,39.5432913419577,9.57055394952799));
#6582=CARTESIAN_POINT('Ctrl Pts',(-103.402038537242,6.89802118315616,10.1195735573711));
#6583=CARTESIAN_POINT('Ctrl Pts',(-99.0220982671953,-36.2715404789984,10.8058480671751));
#6584=CARTESIAN_POINT('Ctrl Pts',(-74.4812884327305,-72.056184271395,11.492122576979));
#6585=CARTESIAN_POINT('Ctrl Pts',(-46.3943037246399,-91.054274124716,12.0411421848221));
#6586=CARTESIAN_POINT('Ctrl Pts',(-22.4822331069827,-99.7137846067832,12.4529068907045));
#6587=CARTESIAN_POINT('Ctrl Pts',(2.832267430633,-102.153273109538,12.8646715965868));
#6588=CARTESIAN_POINT('Ctrl Pts',(36.3542064407746,-97.0459954902735,13.41369120443));
#6589=CARTESIAN_POINT('Ctrl Pts',(73.8765983507129,-75.2546057705526,14.0999657142338));
#6590=CARTESIAN_POINT('Ctrl Pts',(96.3576385461193,-38.141304037439,14.7862402240378));
#6591=CARTESIAN_POINT('Ctrl Pts',(102.083493549248,-4.71946266475538,15.3352598318809));
#6592=CARTESIAN_POINT('Ctrl Pts',(100.112205294633,20.6357888971788,15.7470245377633));
#6593=CARTESIAN_POINT('Ctrl Pts',(91.89604295479,44.7038056971029,16.1587892436456));
#6594=CARTESIAN_POINT('Ctrl Pts',(73.4202126038454,73.1370359777843,16.7078088514888));
#6595=CARTESIAN_POINT('Ctrl Pts',(38.0951686766159,98.3349656747676,17.3940833612927));
#6596=CARTESIAN_POINT('Ctrl Pts',(-4.98608932575009,103.511799176843,18.0803578710966));
#6597=CARTESIAN_POINT('Ctrl Pts',(-37.7952360107037,94.9464748192001,18.6293774789398));
#6598=CARTESIAN_POINT('Ctrl Pts',(-60.0815714255924,82.6951886601216,19.0411421848221));
#6599=CARTESIAN_POINT('Ctrl Pts',(-78.6200933395869,65.2854797724561,19.4529068907045));
#6600=CARTESIAN_POINT('Ctrl Pts',(-96.9047847877532,36.7289577984008,20.0019264985476));
#6601=CARTESIAN_POINT('Ctrl Pts',(-105.294164401219,-5.84348285340411,20.6882010083515));
#6602=CARTESIAN_POINT('Ctrl Pts',(-92.2455480860956,-47.2261846214002,21.3744755181554));
#6603=CARTESIAN_POINT('Ctrl Pts',(-70.9132846847658,-73.5840947571261,21.9234951259986));
#6604=CARTESIAN_POINT('Ctrl Pts',(-50.5621743131226,-88.8355558374306,22.3352598318809));
#6605=CARTESIAN_POINT('Ctrl Pts',(-27.0570585700921,-98.5455657427501,22.7470245377633));
#6606=CARTESIAN_POINT('Ctrl Pts',(6.49838776272588,-103.427871543577,23.2960441456064));
#6607=CARTESIAN_POINT('Ctrl Pts',(48.7422591141773,-93.5157715328167,23.9823186554104));
#6608=CARTESIAN_POINT('Ctrl Pts',(81.0621583395952,-64.563768019493,24.6685931652142));
#6609=CARTESIAN_POINT('Ctrl Pts',(96.2783178806566,-34.260742141666,25.2176127730574));
#6610=CARTESIAN_POINT('Ctrl Pts',(101.780835429467,-9.43138332845479,25.6293774789397));
#6611=CARTESIAN_POINT('Ctrl Pts',(100.934391408068,15.9862934137038,26.0411421848221));
#6612=CARTESIAN_POINT('Ctrl Pts',(91.545482292148,48.5693146693204,26.5901617926652));
#6613=CARTESIAN_POINT('Ctrl Pts',(65.0958074544446,82.9671212034272,27.2764363024693));
#6614=CARTESIAN_POINT('Ctrl Pts',(25.3925618870231,100.472739866907,27.962710812273));
#6615=CARTESIAN_POINT('Ctrl Pts',(-8.48866054281014,101.83936168405,28.5117304201163));
#6616=CARTESIAN_POINT('Ctrl Pts',(-33.3777666611691,96.6137368334415,28.9234951259986));
#6617=CARTESIAN_POINT('Ctrl Pts',(-56.1848093248777,85.3614675784865,29.3352598318809));
#6618=CARTESIAN_POINT('Ctrl Pts',(-81.9971036814741,63.3721440650321,29.8842794397241));
#6619=CARTESIAN_POINT('Ctrl Pts',(-102.427594003972,25.0917383911048,30.570553949528));
#6620=CARTESIAN_POINT('Ctrl Pts',(-102.003724961524,-18.2973700165701,31.2568284593319));
#6621=CARTESIAN_POINT('Ctrl Pts',(-89.2776122772149,-49.7274661741898,31.8058480671751));
#6622=CARTESIAN_POINT('Ctrl Pts',(-74.2537695376632,-70.2471861476068,32.2176127730574));
#6623=CARTESIAN_POINT('Ctrl Pts',(-54.5980692657068,-86.3849742633693,32.6293774789397));
#6624=CARTESIAN_POINT('Ctrl Pts',(-23.9214348569115,-100.833122583485,33.1783970867829));
#6625=CARTESIAN_POINT('Ctrl Pts',(19.377523487936,-103.660594887376,33.8646715965868));
#6626=CARTESIAN_POINT('Ctrl Pts',(58.7311989004867,-85.3826676279269,34.5509461063907));
#6627=CARTESIAN_POINT('Ctrl Pts',(82.1170354058007,-60.8284920262565,35.0999657142338));
#6628=CARTESIAN_POINT('Ctrl Pts',(94.6157885913825,-38.6799948479796,35.5117304201163));
#6629=CARTESIAN_POINT('Ctrl Pts',(101.212526892062,-14.118687833845,35.9234951259985));
#6630=CARTESIAN_POINT('Ctrl Pts',(101.72541325405,19.7862061508092,36.4725147338417));
#6631=CARTESIAN_POINT('Ctrl Pts',(86.4467055494736,60.3984639587203,37.1587892436457));
#6632=CARTESIAN_POINT('Ctrl Pts',(53.5673631626599,88.7135348148706,37.8450637534495));
#6633=CARTESIAN_POINT('Ctrl Pts',(21.5546556335946,99.8934921130653,38.3940833612927));
#6634=CARTESIAN_POINT('Ctrl Pts',(-3.77706677920062,102.147066618452,38.8058480671751));
#6635=CARTESIAN_POINT('Ctrl Pts',(-28.8731804771711,98.028834508825,39.2176127730574));
#6636=CARTESIAN_POINT('Ctrl Pts',(-59.9727987489906,84.5151883732306,39.7666323809006));
#6637=CARTESIAN_POINT('Ctrl Pts',(-90.6712138041993,53.8492185291798,40.4529068907044));
#6638=CARTESIAN_POINT('Ctrl Pts',(-102.90888012157,12.219494575221,41.1391814005084));
#6639=CARTESIAN_POINT('Ctrl Pts',(-99.8934322487751,-21.5549330684474,41.6882010083515));
#6640=CARTESIAN_POINT('Ctrl Pts',(-91.5007938955344,-45.5619816151127,42.0999657142339));
#6641=CARTESIAN_POINT('Ctrl Pts',(-77.4004501414105,-66.7269305747905,42.5117304201163));
#6642=CARTESIAN_POINT('Ctrl Pts',(-52.2650883725757,-89.4869498472064,43.0607500279593));
#6643=CARTESIAN_POINT('Ctrl Pts',(-11.6690098990963,-104.8085948618,43.7470245377633));
#6644=CARTESIAN_POINT('Ctrl Pts',(31.302890521928,-98.7911063837315,44.4332990475671));
#6645=CARTESIAN_POINT('Ctrl Pts',(60.8287200902731,-82.1168664660624,44.9823186554104));
#6646=CARTESIAN_POINT('Ctrl Pts',(79.2389276126028,-64.5715247072083,45.3940833612926));
#6647=CARTESIAN_POINT('Ctrl Pts',(92.70630965944,-42.9982917725101,45.8058480671751));
#6648=CARTESIAN_POINT('Ctrl Pts',(103.076477496517,-10.7141701712988,46.3548676750182));
#6649=CARTESIAN_POINT('Ctrl Pts',(100.294793705315,32.5877539044728,47.0411421848221));
#6650=CARTESIAN_POINT('Ctrl Pts',(77.0929907977483,69.2547790799153,47.7274166946261));
#6651=CARTESIAN_POINT('Ctrl Pts',(49.7272182226234,89.2777503853311,48.2764363024692));
#6652=CARTESIAN_POINT('Ctrl Pts',(26.151449113706,98.8149338989921,48.6882010083515));
#6653=CARTESIAN_POINT('Ctrl Pts',(0.944385225886175,102.188165080752,49.0999657142339));
#6654=CARTESIAN_POINT('Ctrl Pts',(-32.7433849847157,98.3230613604574,49.648985322077));
#6655=CARTESIAN_POINT('Ctrl Pts',(-71.045373689161,77.9330624722119,50.335259831881));
#6656=CARTESIAN_POINT('Ctrl Pts',(-94.8824540987461,41.6758150460062,51.0215343416848));
#6657=CARTESIAN_POINT('Ctrl Pts',(-101.839385259277,8.48837770356342,51.570553949528));
#6658=CARTESIAN_POINT('Ctrl Pts',(-100.806358118871,-16.9223998008226,51.9823186554103));
#6659=CARTESIAN_POINT('Ctrl Pts',(-93.4851560874865,-41.2775791117183,52.3940833612927));
#6660=CARTESIAN_POINT('Ctrl Pts',(-76.0725941886621,-70.3741008394189,52.9431029691358));
#6661=CARTESIAN_POINT('Ctrl Pts',(-41.7027763692757,-96.8601352054827,53.6293774789397));
#6662=CARTESIAN_POINT('Ctrl Pts',(1.1577679323427,-103.625350320105,54.3156519887437));
#6663=CARTESIAN_POINT('Ctrl Pts',(34.2610095360199,-96.2782227276691,54.8646715965868));
#6664=CARTESIAN_POINT('Ctrl Pts',(56.9848281099998,-84.8588169696154,55.2764363024692));
#6665=CARTESIAN_POINT('Ctrl Pts',(76.1540041795317,-68.1460240472602,55.6882010083515));
#6666=CARTESIAN_POINT('Ctrl Pts',(95.4814145853621,-40.2846512250976,56.2372206161946));
#6667=CARTESIAN_POINT('Ctrl Pts',(105.438180273306,1.94871485450265,56.9234951259986));
#6668=CARTESIAN_POINT('Ctrl Pts',(93.9276282566053,43.7853206638768,57.6097696358025));
#6669=CARTESIAN_POINT('Ctrl Pts',(73.5838978088543,70.9134890502645,58.1587892436456));
#6670=CARTESIAN_POINT('Ctrl Pts',(53.8102503762246,86.9065383423879,58.570553949528));
#6671=CARTESIAN_POINT('Ctrl Pts',(30.6799866387584,97.478466164951,58.9823186554103));
#6672=CARTESIAN_POINT('Ctrl Pts',(-2.67213482257624,103.597361699223,59.5313382632536));
#6673=CARTESIAN_POINT('Ctrl Pts',(-45.253423108024,95.2530054430639,60.2176127730573));
#6674=CARTESIAN_POINT('Ctrl Pts',(-78.6210697262461,67.5150431433642,60.9038872828614));
#6675=CARTESIAN_POINT('Ctrl Pts',(-94.9465797876906,37.7949723196829,61.4529068907044));
#6676=CARTESIAN_POINT('Ctrl Pts',(-101.362821484978,13.1858967390721,61.8646715965868));
#6677=CARTESIAN_POINT('Ctrl Pts',(-101.456176800546,-12.2456986343072,62.2764363024692));
#6678=CARTESIAN_POINT('Ctrl Pts',(-93.2776712349,-45.1534019155093,62.8254559103123));
#6679=CARTESIAN_POINT('Ctrl Pts',(-68.1171104614789,-80.5050719601496,63.5117304201162));
#6680=CARTESIAN_POINT('Ctrl Pts',(-29.0878386802579,-99.4658297932554,64.1980049299201));
#6681=CARTESIAN_POINT('Ctrl Pts',(4.7197461871339,-102.08348025981,64.7470245377633));
#6682=CARTESIAN_POINT('Ctrl Pts',(29.784949216395,-97.7811139862176,65.1587892436456));
#6683=CARTESIAN_POINT('Ctrl Pts',(52.99220426215,-87.3792837774749,65.570553949528));
#6684=CARTESIAN_POINT('Ctrl Pts',(79.5994088485052,-66.3587806286256,66.1195735573711));
#6685=CARTESIAN_POINT('Ctrl Pts',(101.430464761741,-28.8594554201465,66.8058480671751));
#6686=CARTESIAN_POINT('Ctrl Pts',(102.610177809178,14.5156834327013,67.4921225769789));
#6687=CARTESIAN_POINT('Ctrl Pts',(91.0541454734147,46.3945636700266,68.0411421848222));
#6688=CARTESIAN_POINT('Ctrl Pts',(76.7987975349379,67.455423424633,68.4529068907044));
#6689=CARTESIAN_POINT('Ctrl Pts',(57.752836391816,84.3084979982803,68.8646715965868));
#6690=CARTESIAN_POINT('Ctrl Pts',(27.6310330231612,99.8803267396666,69.4136912044299));
#6691=CARTESIAN_POINT('Ctrl Pts',(-15.5338753961571,104.305829482857,70.0999657142338));
#6692=CARTESIAN_POINT('Ctrl Pts',(-55.5360714332127,87.4945622614038,70.786240224038));
#6693=CARTESIAN_POINT('Ctrl Pts',(-79.8132504234346,63.8212974082478,71.3352598318808));
#6694=CARTESIAN_POINT('Ctrl Pts',(-93.121887892257,42.1497739921682,71.7470245377635));
#6695=CARTESIAN_POINT('Ctrl Pts',(-100.621698138554,17.8490002448207,72.1587892436455));
#6696=CARTESIAN_POINT('Ctrl Pts',(-102.387070899367,-16.0137868162928,72.7078088514889));
#6697=CARTESIAN_POINT('Ctrl Pts',(-88.6194814528253,-57.1628800530778,73.3940833612925));
#6698=CARTESIAN_POINT('Ctrl Pts',(-56.8088780028438,-86.6735544189088,74.0803578710967));
#6699=CARTESIAN_POINT('Ctrl Pts',(-25.2311494129546,-99.0287940213707,74.6293774789397));
#6700=CARTESIAN_POINT('Ctrl Pts',(-3.34856950978656E-13,-102.216874596169,
75.0411421848221));
#6701=CARTESIAN_POINT('Ctrl Pts',(25.2311494129539,-99.0287940213708,75.4529068907045));
#6702=CARTESIAN_POINT('Ctrl Pts',(56.8088780028433,-86.6735544189094,76.0019264985476));
#6703=CARTESIAN_POINT('Ctrl Pts',(88.6194814528249,-57.1628800530782,76.6882010083515));
#6704=CARTESIAN_POINT('Ctrl Pts',(102.387070899366,-16.0137868162936,77.3744755181554));
#6705=CARTESIAN_POINT('Ctrl Pts',(100.621698138554,17.8490002448201,77.9234951259986));
#6706=CARTESIAN_POINT('Ctrl Pts',(93.1218878922572,42.1497739921675,78.3352598318809));
#6707=CARTESIAN_POINT('Ctrl Pts',(79.813250423435,63.8212974082471,78.7470245377633));
#6708=CARTESIAN_POINT('Ctrl Pts',(55.5360714332133,87.4945622614035,79.2960441456065));
#6709=CARTESIAN_POINT('Ctrl Pts',(15.5338753961581,104.305829482857,79.9823186554102));
#6710=CARTESIAN_POINT('Ctrl Pts',(-27.6310330231601,99.8803267396669,80.6685931652143));
#6711=CARTESIAN_POINT('Ctrl Pts',(-57.7528363918148,84.308497998281,81.2176127730573));
#6712=CARTESIAN_POINT('Ctrl Pts',(-76.7987975349372,67.455423424634,81.6293774789398));
#6713=CARTESIAN_POINT('Ctrl Pts',(-91.0541454734141,46.3945636700274,82.041142184822));
#6714=CARTESIAN_POINT('Ctrl Pts',(-102.610177809178,14.5156834327021,82.5901617926654));
#6715=CARTESIAN_POINT('Ctrl Pts',(-101.430464761741,-28.8594554201458,83.276436302469));
#6716=CARTESIAN_POINT('Ctrl Pts',(-79.5994088485057,-66.358780628625,83.9627108122731));
#6717=CARTESIAN_POINT('Ctrl Pts',(-52.9922042621505,-87.3792837774745,84.5117304201162));
#6718=CARTESIAN_POINT('Ctrl Pts',(-29.7849492163958,-97.7811139862173,84.9234951259986));
#6719=CARTESIAN_POINT('Ctrl Pts',(-4.71974618713456,-102.08348025981,85.3352598318809));
#6720=CARTESIAN_POINT('Ctrl Pts',(29.0878386802572,-99.4658297932554,85.884279439724));
#6721=CARTESIAN_POINT('Ctrl Pts',(68.1171104614785,-80.5050719601503,86.5705539495282));
#6722=CARTESIAN_POINT('Ctrl Pts',(93.2776712348994,-45.1534019155098,87.2568284593316));
#6723=CARTESIAN_POINT('Ctrl Pts',(101.456176800546,-12.245698634308,87.8058480671753));
#6724=CARTESIAN_POINT('Ctrl Pts',(101.362821484978,13.1858967390714,88.2176127730572));
#6725=CARTESIAN_POINT('Ctrl Pts',(94.9465797876908,37.7949723196823,88.6293774789399));
#6726=CARTESIAN_POINT('Ctrl Pts',(78.6210697262466,67.5150431433636,89.1783970867827));
#6727=CARTESIAN_POINT('Ctrl Pts',(45.2534231080247,95.2530054430637,89.8646715965869));
#6728=CARTESIAN_POINT('Ctrl Pts',(2.67213482257693,103.597361699222,90.5509461063907));
#6729=CARTESIAN_POINT('Ctrl Pts',(-30.6799866387578,97.4784661649513,91.0999657142339));
#6730=CARTESIAN_POINT('Ctrl Pts',(-53.810250376224,86.9065383423883,91.5117304201163));
#6731=CARTESIAN_POINT('Ctrl Pts',(-73.5838978088537,70.913489050265,91.9234951259984));
#6732=CARTESIAN_POINT('Ctrl Pts',(-93.9276282566052,43.7853206638775,92.472514733842));
#6733=CARTESIAN_POINT('Ctrl Pts',(-105.438180273305,1.94871485450313,93.1587892436453));
#6734=CARTESIAN_POINT('Ctrl Pts',(-95.4814145853625,-40.2846512250971,93.8450637534499));
#6735=CARTESIAN_POINT('Ctrl Pts',(-76.1540041795319,-68.1460240472599,94.3940833612925));
#6736=CARTESIAN_POINT('Ctrl Pts',(-56.9848281100006,-84.8588169696149,94.8058480671752));
#6737=CARTESIAN_POINT('Ctrl Pts',(-34.2610095360204,-96.278222727669,95.2176127730573));
#6738=CARTESIAN_POINT('Ctrl Pts',(-1.15776793234345,-103.625350320104,95.7666323809006));
#6739=CARTESIAN_POINT('Ctrl Pts',(41.7027763692751,-96.860135205483,96.4529068907044));
#6740=CARTESIAN_POINT('Ctrl Pts',(76.0725941886617,-70.3741008394194,97.1391814005084));
#6741=CARTESIAN_POINT('Ctrl Pts',(93.4851560874862,-41.277579111719,97.6882010083514));
#6742=CARTESIAN_POINT('Ctrl Pts',(100.806358118871,-16.9223998008233,98.0999657142339));
#6743=CARTESIAN_POINT('Ctrl Pts',(101.839385259277,8.48837770356269,98.5117304201162));
#6744=CARTESIAN_POINT('Ctrl Pts',(94.8824540987464,41.6758150460056,99.0607500279593));
#6745=CARTESIAN_POINT('Ctrl Pts',(71.0453736891615,77.9330624722114,99.7470245377634));
#6746=CARTESIAN_POINT('Ctrl Pts',(32.7433849847164,98.3230613604572,100.433299047567));
#6747=CARTESIAN_POINT('Ctrl Pts',(-0.944385225885488,102.188165080752,100.982318655411));
#6748=CARTESIAN_POINT('Ctrl Pts',(-26.1514491137053,98.8149338989923,101.394083361293));
#6749=CARTESIAN_POINT('Ctrl Pts',(-49.7272182226228,89.2777503853314,101.805848067175));
#6750=CARTESIAN_POINT('Ctrl Pts',(-77.0929907977475,69.2547790799161,102.354867675018));
#6751=CARTESIAN_POINT('Ctrl Pts',(-100.294793705315,32.5877539044737,103.041142184822));
#6752=CARTESIAN_POINT('Ctrl Pts',(-103.076477496517,-10.7141701712977,103.727416694626));
#6753=CARTESIAN_POINT('Ctrl Pts',(-92.7063096594405,-42.998291772509,104.276436302469));
#6754=CARTESIAN_POINT('Ctrl Pts',(-79.2389276126034,-64.5715247072079,104.688201008352));
#6755=CARTESIAN_POINT('Ctrl Pts',(-60.8287200902735,-82.1168664660619,105.099965714234));
#6756=CARTESIAN_POINT('Ctrl Pts',(-31.3028905219285,-98.7911063837315,105.648985322077));
#6757=CARTESIAN_POINT('Ctrl Pts',(11.6690098990958,-104.8085948618,106.335259831881));
#6758=CARTESIAN_POINT('Ctrl Pts',(52.265088372575,-89.4869498472066,107.021534341685));
#6759=CARTESIAN_POINT('Ctrl Pts',(77.40045014141,-66.7269305747911,107.570553949528));
#6760=CARTESIAN_POINT('Ctrl Pts',(91.5007938955341,-45.5619816151133,107.98231865541));
#6761=CARTESIAN_POINT('Ctrl Pts',(99.8934322487751,-21.5549330684482,108.394083361293));
#6762=CARTESIAN_POINT('Ctrl Pts',(102.90888012157,12.2194945752203,108.943102969136));
#6763=CARTESIAN_POINT('Ctrl Pts',(90.6712138041999,53.8492185291792,109.62937747894));
#6764=CARTESIAN_POINT('Ctrl Pts',(59.9727987489911,84.5151883732301,110.315651988744));
#6765=CARTESIAN_POINT('Ctrl Pts',(28.8731804771716,98.0288345088249,110.864671596587));
#6766=CARTESIAN_POINT('Ctrl Pts',(3.7770667792005,102.147066618452,111.276436302469));
#6767=CARTESIAN_POINT('Ctrl Pts',(-21.5546556335947,99.8934921130653,111.688201008351));
#6768=CARTESIAN_POINT('Ctrl Pts',(-53.5673631626603,88.7135348148705,112.237220616195));
#6769=CARTESIAN_POINT('Ctrl Pts',(-86.4467055494732,60.3984639587204,112.923495125999));
#6770=CARTESIAN_POINT('Ctrl Pts',(-101.72541325405,19.7862061508096,113.609769635803));
#6771=CARTESIAN_POINT('Ctrl Pts',(-101.212526892062,-14.1186878338444,114.158789243646));
#6772=CARTESIAN_POINT('Ctrl Pts',(-94.6157885913829,-38.6799948479794,114.570553949528));
#6773=CARTESIAN_POINT('Ctrl Pts',(-82.1170354058008,-60.8284920262564,114.98231865541));
#6774=CARTESIAN_POINT('Ctrl Pts',(-58.7311989004868,-85.3826676279269,115.531338263253));
#6775=CARTESIAN_POINT('Ctrl Pts',(-19.3775234879364,-103.660594887376,116.217612773057));
#6776=CARTESIAN_POINT('Ctrl Pts',(23.921434856911,-100.833122583485,116.903887282861));
#6777=CARTESIAN_POINT('Ctrl Pts',(54.5980692657063,-86.3849742633696,117.452906890704));
#6778=CARTESIAN_POINT('Ctrl Pts',(74.253769537663,-70.2471861476071,117.864671596587));
#6779=CARTESIAN_POINT('Ctrl Pts',(89.2776122772148,-49.7274661741899,118.276436302469));
#6780=CARTESIAN_POINT('Ctrl Pts',(102.003724961524,-18.2973700165705,118.825455910312));
#6781=CARTESIAN_POINT('Ctrl Pts',(102.427594003972,25.0917383911043,119.511730420116));
#6782=CARTESIAN_POINT('Ctrl Pts',(81.9971036814746,63.3721440650311,120.19800492992));
#6783=CARTESIAN_POINT('Ctrl Pts',(56.1848093248786,85.3614675784861,120.747024537763));
#6784=CARTESIAN_POINT('Ctrl Pts',(33.3777666611698,96.6137368334412,121.158789243646));
#6785=CARTESIAN_POINT('Ctrl Pts',(8.48866054281063,101.83936168405,121.570553949528));
#6786=CARTESIAN_POINT('Ctrl Pts',(-25.3925618870226,100.472739866907,122.119573557371));
#6787=CARTESIAN_POINT('Ctrl Pts',(-65.0958074544439,82.9671212034277,122.805848067175));
#6788=CARTESIAN_POINT('Ctrl Pts',(-91.5454822921476,48.5693146693213,123.492122576979));
#6789=CARTESIAN_POINT('Ctrl Pts',(-100.934391408067,15.986293413705,124.041142184822));
#6790=CARTESIAN_POINT('Ctrl Pts',(-101.780835429468,-9.43138332845401,124.452906890705));
#6791=CARTESIAN_POINT('Ctrl Pts',(-96.2783178806565,-34.2607421416653,124.864671596587));
#6792=CARTESIAN_POINT('Ctrl Pts',(-81.0621583395961,-64.5637680194928,125.41369120443));
#6793=CARTESIAN_POINT('Ctrl Pts',(-48.7422591141773,-93.515771532815,126.099965714234));
#6794=CARTESIAN_POINT('Ctrl Pts',(-6.49838776272867,-103.427871543579,126.786240224038));
#6795=CARTESIAN_POINT('Ctrl Pts',(27.0570585700929,-98.5455657427476,127.335259831881));
#6796=CARTESIAN_POINT('Ctrl Pts',(50.5621743131174,-88.8355558374374,127.747024537763));
#6797=CARTESIAN_POINT('Ctrl Pts',(70.913284684773,-73.5840947571153,128.158789243646));
#6798=CARTESIAN_POINT('Ctrl Pts',(92.2455480860781,-47.2261846214258,128.707808851489));
#6799=CARTESIAN_POINT('Ctrl Pts',(105.294164401256,-5.84348285335118,129.394083361293));
#6800=CARTESIAN_POINT('Ctrl Pts',(96.9047847876966,36.7289577983171,130.080357871097));
#6801=CARTESIAN_POINT('Ctrl Pts',(78.6200933396647,65.2854797725655,130.62937747894));
#6802=CARTESIAN_POINT('Ctrl Pts',(60.0815714254275,82.6951886598829,131.041142184822));
#6803=CARTESIAN_POINT('Ctrl Pts',(37.7952360110108,94.9464748196386,131.452906890704));
#6804=CARTESIAN_POINT('Ctrl Pts',(4.98608932508151,103.511799175883,132.001926498548));
#6805=CARTESIAN_POINT('Ctrl Pts',(-38.09516867515,98.3349656768668,132.688201008351));
#6806=CARTESIAN_POINT('Ctrl Pts',(-73.4202126060752,73.1370359745886,133.374475518156));
#6807=CARTESIAN_POINT('Ctrl Pts',(-91.89604295179,44.7038057014019,133.923495125998));
#6808=CARTESIAN_POINT('Ctrl Pts',(-100.112205301091,20.6357888879269,134.335259831881));
#6809=CARTESIAN_POINT('Ctrl Pts',(-102.083493537343,-4.71946264769719,134.747024537763));
#6810=CARTESIAN_POINT('Ctrl Pts',(-96.3576385721527,-38.1413040747386,135.296044145606));
#6811=CARTESIAN_POINT('Ctrl Pts',(-73.8765982937872,-75.2546056889903,135.98231865541));
#6812=CARTESIAN_POINT('Ctrl Pts',(-36.3542065274897,-97.0459956145175,136.668593165214));
#6813=CARTESIAN_POINT('Ctrl Pts',(-2.83226731405979,-102.153272942514,137.217612773057));
#6814=CARTESIAN_POINT('Ctrl Pts',(22.4822328559762,-99.7137849664206,137.62937747894));
#6815=CARTESIAN_POINT('Ctrl Pts',(46.3943041873444,-91.0542734617604,138.041142184822));
#6816=CARTESIAN_POINT('Ctrl Pts',(74.4812874209217,-72.0561857210972,138.590161792665));
#6817=CARTESIAN_POINT('Ctrl Pts',(99.0221004796755,-36.2715373089948,139.276436302469));
#6818=CARTESIAN_POINT('Ctrl Pts',(103.402035166964,6.89801635427985,139.962710812273));
#6819=CARTESIAN_POINT('Ctrl Pts',(94.231783579436,39.5432978335223,140.511730420116));
#6820=CARTESIAN_POINT('Ctrl Pts',(81.5709659401724,61.5994108530316,140.923495125999));
#6821=CARTESIAN_POINT('Ctrl Pts',(63.8212626680781,79.8131067235173,141.335259831881));
#6822=CARTESIAN_POINT('Ctrl Pts',(34.9325527330959,97.5668758919802,141.884279439724));
#6823=CARTESIAN_POINT('Ctrl Pts',(-7.78943206434791,105.168364728506,142.570553949528));
#6824=CARTESIAN_POINT('Ctrl Pts',(-48.9208493862073,91.3568646926645,143.256828459332));
#6825=CARTESIAN_POINT('Ctrl Pts',(-74.8844439129731,69.5417509586807,143.805848067175));
#6826=CARTESIAN_POINT('Ctrl Pts',(-89.7492759695822,48.911254146176,144.217612773057));
#6827=CARTESIAN_POINT('Ctrl Pts',(-99.0390334624455,25.2326884991999,144.62937747894));
#6828=CARTESIAN_POINT('Ctrl Pts',(-102.208099086951,7.01081565049066E-13,
145.041142184822));
#6829=CARTESIAN_POINT('Ctrl Pts',(-99.0390334624458,-25.2326884991985,145.452906890705));
#6830=CARTESIAN_POINT('Ctrl Pts',(-89.7492759695829,-48.9112541461748,145.864671596587));
#6831=CARTESIAN_POINT('Ctrl Pts',(-74.8844439129741,-69.5417509586795,146.276436302469));
#6832=CARTESIAN_POINT('Ctrl Pts',(-48.9208493862086,-91.356864692664,146.825455910312));
#6833=CARTESIAN_POINT('Ctrl Pts',(-7.78943206434934,-105.168364728505,147.511730420116));
#6834=CARTESIAN_POINT('Ctrl Pts',(34.9325527330946,-97.5668758919808,148.19800492992));
#6835=CARTESIAN_POINT('Ctrl Pts',(63.8212626680771,-79.8131067235181,148.747024537763));
#6836=CARTESIAN_POINT('Ctrl Pts',(81.5709659401714,-61.5994108530328,149.158789243645));
#6837=CARTESIAN_POINT('Ctrl Pts',(94.2317835794356,-39.5432978335235,149.570553949528));
#6838=CARTESIAN_POINT('Ctrl Pts',(103.402035166964,-6.89801635428126,150.119573557371));
#6839=CARTESIAN_POINT('Ctrl Pts',(99.022100479676,36.2715373089933,150.805848067175));
#6840=CARTESIAN_POINT('Ctrl Pts',(74.4812874209228,72.0561857210962,151.492122576979));
#6841=CARTESIAN_POINT('Ctrl Pts',(46.3943041873456,91.0542734617598,152.041142184822));
#6842=CARTESIAN_POINT('Ctrl Pts',(22.4822328559776,99.7137849664203,152.452906890704));
#6843=CARTESIAN_POINT('Ctrl Pts',(-2.8322673140584,102.153272942514,152.864671596587));
#6844=CARTESIAN_POINT('Ctrl Pts',(-36.3542065274884,97.0459956145182,153.41369120443));
#6845=CARTESIAN_POINT('Ctrl Pts',(-73.8765982937861,75.2546056889911,154.099965714234));
#6846=CARTESIAN_POINT('Ctrl Pts',(-96.3576385721522,38.14130407474,154.786240224038));
#6847=CARTESIAN_POINT('Ctrl Pts',(-102.083493537343,4.71946264769903,155.335259831881));
#6848=CARTESIAN_POINT('Ctrl Pts',(-100.112205301092,-20.6357888879241,155.747024537763));
#6849=CARTESIAN_POINT('Ctrl Pts',(-91.8960429517915,-44.7038057013988,156.158789243646));
#6850=CARTESIAN_POINT('Ctrl Pts',(-73.4202126060773,-73.1370359745868,156.707808851489));
#6851=CARTESIAN_POINT('Ctrl Pts',(-38.0951686751519,-98.3349656768661,157.394083361293));
#6852=CARTESIAN_POINT('Ctrl Pts',(4.9860893250801,-103.511799175883,158.080357871097));
#6853=CARTESIAN_POINT('Ctrl Pts',(37.7952360110095,-94.9464748196391,158.62937747894));
#6854=CARTESIAN_POINT('Ctrl Pts',(60.0815714254263,-82.6951886598837,159.041142184822));
#6855=CARTESIAN_POINT('Ctrl Pts',(78.620093339664,-65.2854797725667,159.452906890704));
#6856=CARTESIAN_POINT('Ctrl Pts',(96.904784787696,-36.7289577983184,160.001926498548));
#6857=CARTESIAN_POINT('Ctrl Pts',(105.294164401257,5.84348285334973,160.688201008352));
#6858=CARTESIAN_POINT('Ctrl Pts',(92.2455480860788,47.2261846214245,161.374475518156));
#6859=CARTESIAN_POINT('Ctrl Pts',(70.9132846847739,73.5840947571144,161.923495125998));
#6860=CARTESIAN_POINT('Ctrl Pts',(50.5621743131187,88.8355558374366,162.335259831881));
#6861=CARTESIAN_POINT('Ctrl Pts',(27.0570585700942,98.5455657427474,162.747024537763));
#6862=CARTESIAN_POINT('Ctrl Pts',(-6.49838776272726,103.427871543579,163.296044145607));
#6863=CARTESIAN_POINT('Ctrl Pts',(-48.742259114176,93.5157715328157,163.98231865541));
#6864=CARTESIAN_POINT('Ctrl Pts',(-81.0621583395953,64.5637680194939,164.668593165215));
#6865=CARTESIAN_POINT('Ctrl Pts',(-96.278317880656,34.2607421416666,165.217612773057));
#6866=CARTESIAN_POINT('Ctrl Pts',(-101.780835429468,9.43138332845539,165.62937747894));
#6867=CARTESIAN_POINT('Ctrl Pts',(-100.934391408068,-15.9862934137035,166.041142184822));
#6868=CARTESIAN_POINT('Ctrl Pts',(-91.5454822921481,-48.5693146693201,166.590161792665));
#6869=CARTESIAN_POINT('Ctrl Pts',(-65.0958074544452,-82.9671212034267,167.276436302469));
#6870=CARTESIAN_POINT('Ctrl Pts',(-25.3925618870239,-100.472739866907,167.962710812273));
#6871=CARTESIAN_POINT('Ctrl Pts',(8.48866054280916,-101.839361684051,168.511730420116));
#6872=CARTESIAN_POINT('Ctrl Pts',(33.3777666611685,-96.6137368334416,168.923495125998));
#6873=CARTESIAN_POINT('Ctrl Pts',(56.1848093248773,-85.361467578487,169.335259831881));
#6874=CARTESIAN_POINT('Ctrl Pts',(81.9971036814738,-63.3721440650322,169.884279439724));
#6875=CARTESIAN_POINT('Ctrl Pts',(102.427594003972,-25.0917383911057,170.570553949528));
#6876=CARTESIAN_POINT('Ctrl Pts',(102.003724961525,18.2973700165691,171.256828459332));
#6877=CARTESIAN_POINT('Ctrl Pts',(89.2776122772154,49.7274661741886,171.805848067175));
#6878=CARTESIAN_POINT('Ctrl Pts',(74.253769537664,70.2471861476061,172.217612773057));
#6879=CARTESIAN_POINT('Ctrl Pts',(54.5980692657076,86.3849742633688,172.62937747894));
#6880=CARTESIAN_POINT('Ctrl Pts',(23.9214348569123,100.833122583485,173.178397086783));
#6881=CARTESIAN_POINT('Ctrl Pts',(-19.3775234879348,103.660594887376,173.864671596587));
#6882=CARTESIAN_POINT('Ctrl Pts',(-58.7311989004857,85.3826676279277,174.550946106391));
#6883=CARTESIAN_POINT('Ctrl Pts',(-82.1170354058,60.8284920262575,175.099965714234));
#6884=CARTESIAN_POINT('Ctrl Pts',(-94.6157885913821,38.6799948479807,175.511730420116));
#6885=CARTESIAN_POINT('Ctrl Pts',(-101.212526892062,14.1186878338458,175.923495125999));
#6886=CARTESIAN_POINT('Ctrl Pts',(-101.72541325405,-19.7862061508082,176.472514733841));
#6887=CARTESIAN_POINT('Ctrl Pts',(-86.4467055494744,-60.3984639587193,177.158789243646));
#6888=CARTESIAN_POINT('Ctrl Pts',(-53.5673631626614,-88.7135348148697,177.845063753449));
#6889=CARTESIAN_POINT('Ctrl Pts',(-21.5546556335961,-99.893492113065,178.394083361293));
#6890=CARTESIAN_POINT('Ctrl Pts',(3.77706677919913,-102.147066618452,178.805848067175));
#6891=CARTESIAN_POINT('Ctrl Pts',(28.87318047717,-98.0288345088252,179.217612773057));
#6892=CARTESIAN_POINT('Ctrl Pts',(59.9727987489896,-84.5151883732313,179.7666323809));
#6893=CARTESIAN_POINT('Ctrl Pts',(90.671213804199,-53.8492185291807,180.452906890705));
#6894=CARTESIAN_POINT('Ctrl Pts',(102.90888012157,-12.2194945752213,181.139181400508));
#6895=CARTESIAN_POINT('Ctrl Pts',(99.893432248775,21.5549330684477,181.688201008352));
#6896=CARTESIAN_POINT('Ctrl Pts',(91.5007938955344,45.5619816151127,182.099965714234));
#6897=CARTESIAN_POINT('Ctrl Pts',(77.4004501414107,66.7269305747904,182.511730420116));
#6898=CARTESIAN_POINT('Ctrl Pts',(52.2650883725759,89.4869498472062,183.060750027959));
#6899=CARTESIAN_POINT('Ctrl Pts',(11.6690098990964,104.808594861801,183.747024537763));
#6900=CARTESIAN_POINT('Ctrl Pts',(-31.302890521928,98.7911063837314,184.433299047567));
#6901=CARTESIAN_POINT('Ctrl Pts',(-60.828720090273,82.1168664660624,184.98231865541));
#6902=CARTESIAN_POINT('Ctrl Pts',(-79.2389276126025,64.5715247072086,185.394083361293));
#6903=CARTESIAN_POINT('Ctrl Pts',(-92.7063096594399,42.9982917725106,185.805848067175));
#6904=CARTESIAN_POINT('Ctrl Pts',(-103.076477496517,10.7141701712993,186.354867675018));
#6905=CARTESIAN_POINT('Ctrl Pts',(-100.294793705315,-32.5877539044724,187.041142184822));
#6906=CARTESIAN_POINT('Ctrl Pts',(-77.0929907977483,-69.2547790799152,187.727416694626));
#6907=CARTESIAN_POINT('Ctrl Pts',(-49.7272182226237,-89.2777503853308,188.276436302469));
#6908=CARTESIAN_POINT('Ctrl Pts',(-26.1514491137067,-98.814933898992,188.688201008351));
#6909=CARTESIAN_POINT('Ctrl Pts',(-0.944385225887079,-102.188165080752,
189.099965714234));
#6910=CARTESIAN_POINT('Ctrl Pts',(32.7433849847147,-98.3230613604576,189.648985322077));
#6911=CARTESIAN_POINT('Ctrl Pts',(71.0453736891606,-77.9330624722125,190.335259831881));
#6912=CARTESIAN_POINT('Ctrl Pts',(94.8824540987459,-41.6758150460066,191.021534341685));
#6913=CARTESIAN_POINT('Ctrl Pts',(101.839385259277,-8.48837770356391,191.570553949528));
#6914=CARTESIAN_POINT('Ctrl Pts',(100.806358118871,16.922399800822,191.982318655411));
#6915=CARTESIAN_POINT('Ctrl Pts',(93.4851560874869,41.2775791117174,192.394083361292));
#6916=CARTESIAN_POINT('Ctrl Pts',(76.0725941886628,70.3741008394183,192.943102969136));
#6917=CARTESIAN_POINT('Ctrl Pts',(41.7027763692765,96.8601352054824,193.62937747894));
#6918=CARTESIAN_POINT('Ctrl Pts',(-1.15776793234229,103.625350320105,194.315651988744));
#6919=CARTESIAN_POINT('Ctrl Pts',(-34.2610095360194,96.2782227276691,194.864671596587));
#6920=CARTESIAN_POINT('Ctrl Pts',(-56.9848281099993,84.8588169696159,195.276436302469));
#6921=CARTESIAN_POINT('Ctrl Pts',(-76.1540041795309,68.146024047261,195.688201008352));
#6922=CARTESIAN_POINT('Ctrl Pts',(-95.4814145853617,40.2846512250987,196.237220616194));
#6923=CARTESIAN_POINT('Ctrl Pts',(-105.438180273305,-1.94871485450155,196.923495125999));
#6924=CARTESIAN_POINT('Ctrl Pts',(-93.9276282566058,-43.7853206638759,197.609769635802));
#6925=CARTESIAN_POINT('Ctrl Pts',(-73.583897808855,-70.9134890502637,198.158789243646));
#6926=CARTESIAN_POINT('Ctrl Pts',(-53.8102503762259,-86.9065383423871,198.570553949528));
#6927=CARTESIAN_POINT('Ctrl Pts',(-30.6799866387599,-97.4784661649505,198.98231865541));
#6928=CARTESIAN_POINT('Ctrl Pts',(2.67213482257446,-103.597361699223,199.531338263253));
#6929=CARTESIAN_POINT('Ctrl Pts',(45.2534231080229,-95.2530054430646,200.217612773057));
#6930=CARTESIAN_POINT('Ctrl Pts',(78.6210697262453,-67.515043143365,200.903887282861));
#6931=CARTESIAN_POINT('Ctrl Pts',(94.9465797876902,-37.7949723196841,201.452906890704));
#6932=CARTESIAN_POINT('Ctrl Pts',(101.362821484977,-13.1858967390734,201.864671596587));
#6933=CARTESIAN_POINT('Ctrl Pts',(101.456176800546,12.2456986343055,202.276436302469));
#6934=CARTESIAN_POINT('Ctrl Pts',(93.2776712349003,45.1534019155083,202.825455910312));
#6935=CARTESIAN_POINT('Ctrl Pts',(68.1171104614796,80.5050719601495,203.511730420116));
#6936=CARTESIAN_POINT('Ctrl Pts',(29.087838680258,99.4658297932553,204.19800492992));
#6937=CARTESIAN_POINT('Ctrl Pts',(-4.71974618713361,102.08348025981,204.747024537763));
#6938=CARTESIAN_POINT('Ctrl Pts',(-29.7849492163952,97.7811139862177,205.158789243646));
#6939=CARTESIAN_POINT('Ctrl Pts',(-52.9922042621502,87.3792837774747,205.570553949528));
#6940=CARTESIAN_POINT('Ctrl Pts',(-79.5994088485055,66.3587806286254,206.119573557371));
#6941=CARTESIAN_POINT('Ctrl Pts',(-101.430464761741,28.8594554201465,206.805848067175));
#6942=CARTESIAN_POINT('Ctrl Pts',(-102.610177809178,-14.5156834327011,207.492122576979));
#6943=CARTESIAN_POINT('Ctrl Pts',(-91.0541454734146,-46.3945636700264,208.041142184822));
#6944=CARTESIAN_POINT('Ctrl Pts',(-76.7987975349381,-67.4554234246331,208.452906890704));
#6945=CARTESIAN_POINT('Ctrl Pts',(-57.7528363918157,-84.3084979982805,208.864671596587));
#6946=CARTESIAN_POINT('Ctrl Pts',(-27.6310330231612,-99.8803267396664,209.41369120443));
#6947=CARTESIAN_POINT('Ctrl Pts',(15.5338753961567,-104.305829482857,210.099965714234));
#6948=CARTESIAN_POINT('Ctrl Pts',(55.536071433212,-87.4945622614042,210.786240224038));
#6949=CARTESIAN_POINT('Ctrl Pts',(79.8132504234339,-63.8212974082485,211.335259831881));
#6950=CARTESIAN_POINT('Ctrl Pts',(93.1218878922568,-42.1497739921688,211.747024537763));
#6951=CARTESIAN_POINT('Ctrl Pts',(100.621698138554,-17.8490002448212,212.158789243646));
#6952=CARTESIAN_POINT('Ctrl Pts',(102.387070899367,16.0137868162924,212.707808851489));
#6953=CARTESIAN_POINT('Ctrl Pts',(88.6194814528258,57.162880053077,213.394083361293));
#6954=CARTESIAN_POINT('Ctrl Pts',(56.8088780028447,86.6735544189084,214.080357871097));
#6955=CARTESIAN_POINT('Ctrl Pts',(25.2311494129555,99.0287940213704,214.62937747894));
#6956=CARTESIAN_POINT('Ctrl Pts',(1.06835312931287E-12,102.216874596169,
215.041142184822));
#6957=CARTESIAN_POINT('Ctrl Pts',(-25.2311494129535,99.0287940213711,215.452906890705));
#6958=CARTESIAN_POINT('Ctrl Pts',(-56.8088780028428,86.6735544189094,216.001926498547));
#6959=CARTESIAN_POINT('Ctrl Pts',(-88.619481452825,57.1628800530786,216.688201008352));
#6960=CARTESIAN_POINT('Ctrl Pts',(-102.387070899367,16.0137868162931,217.374475518155));
#6961=CARTESIAN_POINT('Ctrl Pts',(-100.621698138554,-17.8490002448216,217.923495125999));
#6962=CARTESIAN_POINT('Ctrl Pts',(-93.1218878922563,-42.1497739921695,218.335259831881));
#6963=CARTESIAN_POINT('Ctrl Pts',(-79.8132504234338,-63.8212974082487,218.747024537763));
#6964=CARTESIAN_POINT('Ctrl Pts',(-55.5360714332122,-87.4945622614037,219.296044145606));
#6965=CARTESIAN_POINT('Ctrl Pts',(-15.5338753961579,-104.305829482857,219.982318655411));
#6966=CARTESIAN_POINT('Ctrl Pts',(27.6310330231607,-99.8803267396668,220.668593165214));
#6967=CARTESIAN_POINT('Ctrl Pts',(57.7528363918161,-84.3084979982803,221.217612773058));
#6968=CARTESIAN_POINT('Ctrl Pts',(76.7987975349385,-67.4554234246325,221.62937747894));
#6969=CARTESIAN_POINT('Ctrl Pts',(91.0541454734148,-46.3945636700261,222.041142184822));
#6970=CARTESIAN_POINT('Ctrl Pts',(102.610177809178,-14.5156834327017,222.590161792665));
#6971=CARTESIAN_POINT('Ctrl Pts',(101.430464761742,28.8594554201454,223.276436302469));
#6972=CARTESIAN_POINT('Ctrl Pts',(79.5994088485059,66.3587806286249,223.962710812273));
#6973=CARTESIAN_POINT('Ctrl Pts',(52.99220426215,87.379283777475,224.511730420116));
#6974=CARTESIAN_POINT('Ctrl Pts',(29.7849492163943,97.7811139862178,224.923495125999));
#6975=CARTESIAN_POINT('Ctrl Pts',(4.71974618713332,102.08348025981,225.335259831881));
#6976=CARTESIAN_POINT('Ctrl Pts',(-29.0878386802574,99.4658297932555,225.884279439724));
#6977=CARTESIAN_POINT('Ctrl Pts',(-68.1171104614782,80.5050719601503,226.570553949528));
#6978=CARTESIAN_POINT('Ctrl Pts',(-93.2776712348995,45.1534019155103,227.256828459332));
#6979=CARTESIAN_POINT('Ctrl Pts',(-101.456176800546,12.2456986343071,227.805848067175));
#6980=CARTESIAN_POINT('Ctrl Pts',(-101.362821484978,-13.1858967390727,228.217612773057));
#6981=CARTESIAN_POINT('Ctrl Pts',(-94.9465797876904,-37.7949723196835,228.62937747894));
#6982=CARTESIAN_POINT('Ctrl Pts',(-78.6210697262461,-67.5150431433636,229.178397086783));
#6983=CARTESIAN_POINT('Ctrl Pts',(-45.2534231080253,-95.2530054430635,229.864671596587));
#6984=CARTESIAN_POINT('Ctrl Pts',(-2.67213482257711,-103.597361699223,230.550946106391));
#6985=CARTESIAN_POINT('Ctrl Pts',(30.6799866387585,-97.4784661649511,231.099965714234));
#6986=CARTESIAN_POINT('Ctrl Pts',(53.8102503762253,-86.9065383423875,231.511730420116));
#6987=CARTESIAN_POINT('Ctrl Pts',(73.5838978088545,-70.9134890502642,231.923495125999));
#6988=CARTESIAN_POINT('Ctrl Pts',(93.9276282566049,-43.7853206638773,232.472514733842));
#6989=CARTESIAN_POINT('Ctrl Pts',(105.438180273305,-1.94871485450422,233.158789243646));
#6990=CARTESIAN_POINT('Ctrl Pts',(95.4814145853629,40.2846512250963,233.845063753449));
#6991=CARTESIAN_POINT('Ctrl Pts',(76.154004179532,68.1460240472599,234.394083361293));
#6992=CARTESIAN_POINT('Ctrl Pts',(56.9848281099999,84.8588169696155,234.805848067175));
#6993=CARTESIAN_POINT('Ctrl Pts',(34.2610095360199,96.2782227276689,235.217612773057));
#6994=CARTESIAN_POINT('Ctrl Pts',(1.15776793234394,103.625350320104,235.766632380901));
#6995=CARTESIAN_POINT('Ctrl Pts',(-41.7027763692741,96.8601352054835,236.452906890704));
#6996=CARTESIAN_POINT('Ctrl Pts',(-76.072594188661,70.3741008394202,237.139181400508));
#6997=CARTESIAN_POINT('Ctrl Pts',(-93.4851560874863,41.277579111719,237.688201008352));
#6998=CARTESIAN_POINT('Ctrl Pts',(-100.806358118871,16.9223998008226,238.099965714233));
#6999=CARTESIAN_POINT('Ctrl Pts',(-101.839385259277,-8.48837770356322,238.511730420117));
#7000=CARTESIAN_POINT('Ctrl Pts',(-94.8824540987463,-41.6758150460051,239.060750027959));
#7001=CARTESIAN_POINT('Ctrl Pts',(-71.0453736891625,-77.9330624722106,239.747024537764));
#7002=CARTESIAN_POINT('Ctrl Pts',(-32.7433849847173,-98.3230613604569,240.433299047567));
#7003=CARTESIAN_POINT('Ctrl Pts',(0.944385225885491,-102.188165080752,240.982318655411));
#7004=CARTESIAN_POINT('Ctrl Pts',(26.151449113706,-98.8149338989921,241.394083361292));
#7005=CARTESIAN_POINT('Ctrl Pts',(49.7272182226232,-89.2777503853311,241.805848067175));
#7006=CARTESIAN_POINT('Ctrl Pts',(77.092990797747,-69.2547790799162,242.354867675017));
#7007=CARTESIAN_POINT('Ctrl Pts',(100.294793705315,-32.5877539044749,243.041142184823));
#7008=CARTESIAN_POINT('Ctrl Pts',(103.076477496518,10.7141701712967,243.727416694625));
#7009=CARTESIAN_POINT('Ctrl Pts',(92.7063096594406,42.9982917725092,244.27643630247));
#7010=CARTESIAN_POINT('Ctrl Pts',(79.238927612603,64.5715247072081,244.688201008351));
#7011=CARTESIAN_POINT('Ctrl Pts',(60.8287200902735,82.116866466062,245.099965714234));
#7012=CARTESIAN_POINT('Ctrl Pts',(31.3028905219295,98.7911063837307,245.648985322077));
#7013=CARTESIAN_POINT('Ctrl Pts',(-11.6690098990937,104.808594861801,246.335259831881));
#7014=CARTESIAN_POINT('Ctrl Pts',(-52.2650883725737,89.4869498472075,247.021534341685));
#7015=CARTESIAN_POINT('Ctrl Pts',(-77.4004501414097,66.7269305747917,247.570553949528));
#7016=CARTESIAN_POINT('Ctrl Pts',(-91.5007938955341,45.5619816151133,247.98231865541));
#7017=CARTESIAN_POINT('Ctrl Pts',(-99.8934322487749,21.5549330684483,248.394083361293));
#7018=CARTESIAN_POINT('Ctrl Pts',(-102.90888012157,-12.2194945752191,248.943102969136));
#7019=CARTESIAN_POINT('Ctrl Pts',(-90.6712138042009,-53.8492185291775,249.62937747894));
#7020=CARTESIAN_POINT('Ctrl Pts',(-59.9727987489925,-84.5151883732293,250.315651988743));
#7021=CARTESIAN_POINT('Ctrl Pts',(-28.8731804771725,-98.0288345088247,250.864671596587));
#7022=CARTESIAN_POINT('Ctrl Pts',(-3.77706677920123,-102.147066618452,251.276436302469));
#7023=CARTESIAN_POINT('Ctrl Pts',(21.5546556335936,-99.8934921130655,251.688201008352));
#7024=CARTESIAN_POINT('Ctrl Pts',(53.5673631626582,-88.7135348148714,252.237220616194));
#7025=CARTESIAN_POINT('Ctrl Pts',(86.446705549472,-60.3984639587227,252.923495125999));
#7026=CARTESIAN_POINT('Ctrl Pts',(101.72541325405,-19.7862061508118,253.609769635802));
#7027=CARTESIAN_POINT('Ctrl Pts',(101.212526892062,14.1186878338433,254.158789243646));
#7028=CARTESIAN_POINT('Ctrl Pts',(94.6157885913829,38.6799948479787,254.570553949528));
#7029=CARTESIAN_POINT('Ctrl Pts',(82.1170354058015,60.8284920262555,254.982318655411));
#7030=CARTESIAN_POINT('Ctrl Pts',(58.7311989004884,85.3826676279253,255.531338263253));
#7031=CARTESIAN_POINT('Ctrl Pts',(19.3775234879392,103.660594887376,256.217612773058));
#7032=CARTESIAN_POINT('Ctrl Pts',(-23.9214348569089,100.833122583486,256.903887282861));
#7033=CARTESIAN_POINT('Ctrl Pts',(-54.5980692657053,86.3849742633704,257.452906890705));
#7034=CARTESIAN_POINT('Ctrl Pts',(-74.2537695376626,70.2471861476076,257.864671596587));
#7035=CARTESIAN_POINT('Ctrl Pts',(-89.277612277214,49.7274661741909,258.276436302469));
#7036=CARTESIAN_POINT('Ctrl Pts',(-102.003724961524,18.2973700165726,258.825455910312));
#7037=CARTESIAN_POINT('Ctrl Pts',(-102.427594003973,-25.0917383911016,259.511730420117));
#7038=CARTESIAN_POINT('Ctrl Pts',(-81.997103681476,-63.3721440650294,260.19800492992));
#7039=CARTESIAN_POINT('Ctrl Pts',(-56.1848093248796,-85.3614675784856,260.747024537764));
#7040=CARTESIAN_POINT('Ctrl Pts',(-33.3777666611704,-96.613736833441,261.158789243645));
#7041=CARTESIAN_POINT('Ctrl Pts',(-8.48866054281181,-101.83936168405,261.570553949528));
#7042=CARTESIAN_POINT('Ctrl Pts',(25.3925618870215,-100.472739866908,262.119573557371));
#7043=CARTESIAN_POINT('Ctrl Pts',(65.0958074544434,-82.9671212034281,262.805848067175));
#7044=CARTESIAN_POINT('Ctrl Pts',(91.5454822921476,-48.5693146693217,263.492122576979));
#7045=CARTESIAN_POINT('Ctrl Pts',(100.934391408067,-15.9862934137051,264.041142184822));
#7046=CARTESIAN_POINT('Ctrl Pts',(101.780835429468,9.43138332845316,264.452906890705));
#7047=CARTESIAN_POINT('Ctrl Pts',(96.2783178806568,34.2607421416653,264.864671596587));
#7048=CARTESIAN_POINT('Ctrl Pts',(81.0621583395953,64.5637680194929,265.41369120443));
#7049=CARTESIAN_POINT('Ctrl Pts',(48.7422591141771,93.5157715328169,266.099965714234));
#7050=CARTESIAN_POINT('Ctrl Pts',(6.49838776272643,103.427871543577,266.786240224038));
#7051=CARTESIAN_POINT('Ctrl Pts',(-27.0570585700906,98.5455657427505,267.335259831881));
#7052=CARTESIAN_POINT('Ctrl Pts',(-50.5621743131211,88.8355558374315,267.747024537763));
#7053=CARTESIAN_POINT('Ctrl Pts',(-70.9132846847651,73.5840947571269,268.158789243646));
#7054=CARTESIAN_POINT('Ctrl Pts',(-92.2455480860956,47.2261846214004,268.707808851488));
#7055=CARTESIAN_POINT('Ctrl Pts',(-105.294164401219,5.84348285340396,269.394083361293));
#7056=CARTESIAN_POINT('Ctrl Pts',(-96.9047847877533,-36.7289577984001,270.080357871096));
#7057=CARTESIAN_POINT('Ctrl Pts',(-78.6200933395878,-65.2854797724547,270.62937747894));
#7058=CARTESIAN_POINT('Ctrl Pts',(-60.0815714255942,-82.6951886601206,271.041142184822));
#7059=CARTESIAN_POINT('Ctrl Pts',(-37.7952360107047,-94.9464748191996,271.452906890704));
#7060=CARTESIAN_POINT('Ctrl Pts',(-4.98608932575058,-103.511799176843,272.001926498548));
#7061=CARTESIAN_POINT('Ctrl Pts',(38.0951686766159,-98.3349656747679,272.688201008351));
#7062=CARTESIAN_POINT('Ctrl Pts',(73.4202126038444,-73.1370359777845,273.374475518155));
#7063=CARTESIAN_POINT('Ctrl Pts',(91.8960429547892,-44.7038056971047,273.923495125999));
#7064=CARTESIAN_POINT('Ctrl Pts',(100.112205294633,-20.6357888971808,274.335259831881));
#7065=CARTESIAN_POINT('Ctrl Pts',(102.083493549248,4.71946266475392,274.747024537763));
#7066=CARTESIAN_POINT('Ctrl Pts',(96.3576385461198,38.1413040374385,275.296044145606));
#7067=CARTESIAN_POINT('Ctrl Pts',(73.876598350713,75.2546057705524,275.98231865541));
#7068=CARTESIAN_POINT('Ctrl Pts',(36.3542064407756,97.0459954902728,276.668593165214));
#7069=CARTESIAN_POINT('Ctrl Pts',(2.83226743063509,102.153273109538,277.217612773057));
#7070=CARTESIAN_POINT('Ctrl Pts',(-22.4822331069804,99.7137846067837,277.62937747894));
#7071=CARTESIAN_POINT('Ctrl Pts',(-46.3943037246384,91.0542741247167,278.041142184822));
#7072=CARTESIAN_POINT('Ctrl Pts',(-74.48128843273,72.0561842713958,278.590161792665));
#7073=CARTESIAN_POINT('Ctrl Pts',(-99.0220982671951,36.2715404789987,279.276436302469));
#7074=CARTESIAN_POINT('Ctrl Pts',(-103.402038537242,-6.89802118315473,279.962710812273));
#7075=CARTESIAN_POINT('Ctrl Pts',(-94.2317790486961,-39.5432913419556,280.511730420116));
#7076=CARTESIAN_POINT('Ctrl Pts',(-81.5709756958308,-61.5994248307294,280.923495125999));
#7077=CARTESIAN_POINT('Ctrl Pts',(-63.8212446842604,-79.8130809569549,281.335259831881));
#7078=CARTESIAN_POINT('Ctrl Pts',(-34.932592061494,-97.5669322371785,281.884279439724));
#7079=CARTESIAN_POINT('Ctrl Pts',(7.7895180939524,-105.168241511193,282.570553949528));
#7080=CARTESIAN_POINT('Ctrl Pts',(48.920718194839,-91.3570524327067,283.256828459332));
#7081=CARTESIAN_POINT('Ctrl Pts',(74.8846212915251,-69.5414982704424,283.805848067175));
#7082=CARTESIAN_POINT('Ctrl Pts',(89.7488805793614,-48.9118022872461,284.217612773057));
#7083=CARTESIAN_POINT('Ctrl Pts',(99.039875482101,-25.2316435088257,284.62937747894));
#7084=CARTESIAN_POINT('Ctrl Pts',(101.150640703358,-8.41173299751888,284.903887282861));
#7085=CARTESIAN_POINT('Ctrl Pts',(101.150640703358,-1.38763709488549E-12,
285.041142184822));
#7086=CARTESIAN_POINT('Ctrl Pts',(103.22360081495,0.,4.04294573411056));
#7087=CARTESIAN_POINT('Ctrl Pts',(103.22360081495,8.58405428484268,4.18020063607135));
#7088=CARTESIAN_POINT('Ctrl Pts',(101.069578011951,25.7487814897019,4.45471043999292));
#7089=CARTESIAN_POINT('Ctrl Pts',(91.5881753995181,49.914169421217,4.86647514587526));
#7090=CARTESIAN_POINT('Ctrl Pts',(76.4192910853081,70.9666766454523,5.27823985175763));
#7091=CARTESIAN_POINT('Ctrl Pts',(49.9232891794945,93.2292978236479,5.82725945960074));
#7092=CARTESIAN_POINT('Ctrl Pts',(7.9491548514173,107.323542063061,6.51353396940469));
#7093=CARTESIAN_POINT('Ctrl Pts',(-35.6484933097153,99.5664464874954,7.19980847920858));
#7094=CARTESIAN_POINT('Ctrl Pts',(-65.1291839477446,81.4487545289888,7.74882808705176));
#7095=CARTESIAN_POINT('Ctrl Pts',(-83.2426742407453,62.8618300640419,8.16059279293407));
#7096=CARTESIAN_POINT('Ctrl Pts',(-96.1629454541084,40.3536835391413,8.57235749881647));
#7097=CARTESIAN_POINT('Ctrl Pts',(-105.521138325979,7.0393876101159,9.12137710665955));
#7098=CARTESIAN_POINT('Ctrl Pts',(-101.051436474514,-37.0148817390598,9.80765161646352));
#7099=CARTESIAN_POINT('Ctrl Pts',(-76.0076924071144,-73.5328887211505,10.4939261262674));
#7100=CARTESIAN_POINT('Ctrl Pts',(-47.3450988986253,-92.9203213830725,11.0429457341106));
#7101=CARTESIAN_POINT('Ctrl Pts',(-22.9429792982696,-101.757298102857,11.4547104399929));
#7102=CARTESIAN_POINT('Ctrl Pts',(2.89031132801457,-104.246780954136,11.8664751458753));
#7103=CARTESIAN_POINT('Ctrl Pts',(37.0992419572706,-99.0348358644717,12.4154947537184));
#7104=CARTESIAN_POINT('Ctrl Pts',(75.3906099328075,-76.7968579459761,13.1017692635223));
#7105=CARTESIAN_POINT('Ctrl Pts',(98.33237187222,-38.9229639603398,13.7880437733263));
#7106=CARTESIAN_POINT('Ctrl Pts',(104.175571352296,-4.81618234661026,14.3370633811694));
#7107=CARTESIAN_POINT('Ctrl Pts',(102.163883927772,21.0586944460013,14.7488280870517));
#7108=CARTESIAN_POINT('Ctrl Pts',(93.7793412723671,45.619956157626,15.1605927929341));
#7109=CARTESIAN_POINT('Ctrl Pts',(74.9248711117312,74.6358911229008,15.7096124007772));
#7110=CARTESIAN_POINT('Ctrl Pts',(38.8758831096823,100.35022193028,16.3958869105811));
#7111=CARTESIAN_POINT('Ctrl Pts',(-5.08827319935937,105.633148377176,17.0821614203851));
#7112=CARTESIAN_POINT('Ctrl Pts',(-38.5698036863368,96.8922880505309,17.6311810282282));
#7113=CARTESIAN_POINT('Ctrl Pts',(-61.3128706061119,84.3899265907976,18.0429457341106));
#7114=CARTESIAN_POINT('Ctrl Pts',(-80.2313171176012,66.6234267641295,18.4547104399929));
#7115=CARTESIAN_POINT('Ctrl Pts',(-98.8907312146928,37.4816733909735,19.0037300478361));
#7116=CARTESIAN_POINT('Ctrl Pts',(-107.45204102236,-5.963237970954,19.69000455764));
#7117=CARTESIAN_POINT('Ctrl Pts',(-94.1360090888613,-48.1940281887986,20.3762790674439));
#7118=CARTESIAN_POINT('Ctrl Pts',(-72.3665667352932,-75.0921118316444,20.925298675287));
#7119=CARTESIAN_POINT('Ctrl Pts',(-51.5983849567494,-90.6561331710159,21.3370633811694));
#7120=CARTESIAN_POINT('Ctrl Pts',(-27.611560279254,-100.565137992007,21.7488280870517));
#7121=CARTESIAN_POINT('Ctrl Pts',(6.63156436475358,-105.547500748552,22.2978476948949));
#7122=CARTESIAN_POINT('Ctrl Pts',(49.7411727956923,-95.4322642296927,22.9841222046987));
#7123=CARTESIAN_POINT('Ctrl Pts',(82.7234292878475,-65.8869244011815,23.6703967145028));
#7124=CARTESIAN_POINT('Ctrl Pts',(98.2514256256003,-34.9628746379051,24.2194163223458));
#7125=CARTESIAN_POINT('Ctrl Pts',(103.8667106202,-9.6246681292339,24.6311810282282));
#7126=CARTESIAN_POINT('Ctrl Pts',(103.002919751753,16.3139131731872,25.0429457341105));
#7127=CARTESIAN_POINT('Ctrl Pts',(93.4215962926976,49.5646840634911,25.5919653419537));
#7128=CARTESIAN_POINT('Ctrl Pts',(66.4298673412297,84.6674320628785,26.2782398517576));
#7129=CARTESIAN_POINT('Ctrl Pts',(25.9129517486881,102.531807220295,26.9645143615616));
#7130=CARTESIAN_POINT('Ctrl Pts',(-8.66262537964892,103.926436299625,27.5135339694047));
#7131=CARTESIAN_POINT('Ctrl Pts',(-34.0618036422651,98.5937185843722,27.925298675287));
#7132=CARTESIAN_POINT('Ctrl Pts',(-57.3362490764999,87.1108476726391,28.3370633811694));
#7133=CARTESIAN_POINT('Ctrl Pts',(-83.677535204358,64.6708795541936,28.8860829890125));
#7134=CARTESIAN_POINT('Ctrl Pts',(-104.526723729896,25.6059632388528,29.5723574988164));
#7135=CARTESIAN_POINT('Ctrl Pts',(-104.094168003791,-18.672352497429,30.2586320086204));
#7136=CARTESIAN_POINT('Ctrl Pts',(-91.1072490231811,-50.7465704834939,30.8076516164635));
#7137=CARTESIAN_POINT('Ctrl Pts',(-75.7755107873146,-71.6868173137866,31.2194163223458));
#7138=CARTESIAN_POINT('Ctrl Pts',(-55.7169906978478,-88.1553298898262,31.6311810282282));
#7139=CARTESIAN_POINT('Ctrl Pts',(-24.4116757483742,-102.899575545023,32.1802006360714));
#7140=CARTESIAN_POINT('Ctrl Pts',(19.7746424085144,-105.784993475969,32.8664751458752));
#7141=CARTESIAN_POINT('Ctrl Pts',(59.9348238284174,-87.1324821914661,33.5527496556792));
#7142=CARTESIAN_POINT('Ctrl Pts',(83.7999247844026,-62.0750984416183,34.1017692635223));
#7143=CARTESIAN_POINT('Ctrl Pts',(96.5548248081873,-39.4726945864975,34.5135339694047));
#7144=CARTESIAN_POINT('Ctrl Pts',(103.286755286285,-14.4080332745073,34.925298675287));
#7145=CARTESIAN_POINT('Ctrl Pts',(103.810152634291,20.1917005285528,35.4743182831302));
#7146=CARTESIAN_POINT('Ctrl Pts',(88.2183262840192,61.6362574686505,36.1605927929341));
#7147=CARTESIAN_POINT('Ctrl Pts',(54.6651615191235,90.5316114750958,36.846867302738));
#7148=CARTESIAN_POINT('Ctrl Pts',(21.9963922458083,101.940688483925,37.3958869105812));
#7149=CARTESIAN_POINT('Ctrl Pts',(-3.85447319716946,104.240447274707,37.8076516164635));
#7150=CARTESIAN_POINT('Ctrl Pts',(-29.4649014095132,100.037816976061,38.2194163223458));
#7151=CARTESIAN_POINT('Ctrl Pts',(-61.2018687649861,86.2472249980428,38.768435930189));
#7152=CARTESIAN_POINT('Ctrl Pts',(-92.5294107288932,54.952793170677,39.4547104399928));
#7153=CARTESIAN_POINT('Ctrl Pts',(-105.017873224701,12.4699183457688,40.1409849497969));
#7154=CARTESIAN_POINT('Ctrl Pts',(-101.940627392789,-21.9966753663532,40.6900045576399));
#7155=CARTESIAN_POINT('Ctrl Pts',(-93.3759920614141,-46.4957193535638,41.1017692635224));
#7156=CARTESIAN_POINT('Ctrl Pts',(-78.9866788063678,-68.0944183582461,41.5135339694046));
#7157=CARTESIAN_POINT('Ctrl Pts',(-53.3361981813898,-91.3208767136249,42.0625535772478));
#7158=CARTESIAN_POINT('Ctrl Pts',(-11.908152151626,-106.956520322181,42.7488280870517));
#7159=CARTESIAN_POINT('Ctrl Pts',(31.9444054246345,-100.815710691619,43.4351025968557));
#7160=CARTESIAN_POINT('Ctrl Pts',(62.0753311795311,-83.7997523824485,43.9841222046988));
#7161=CARTESIAN_POINT('Ctrl Pts',(80.8628336510037,-65.8948400528353,44.3958869105811));
#7162=CARTESIAN_POINT('Ctrl Pts',(94.6062134136886,-43.8794897865932,44.8076516164635));
#7163=CARTESIAN_POINT('Ctrl Pts',(105.188905305258,-10.9337441378053,45.3566712243067));
#7164=CARTESIAN_POINT('Ctrl Pts',(102.35021426722,33.2556005290777,46.0429457341105));
#7165=CARTESIAN_POINT('Ctrl Pts',(78.6729184551102,70.6740720628518,46.7292202439145));
#7166=CARTESIAN_POINT('Ctrl Pts',(50.7463174504599,91.1073899616563,47.2782398517576));
#7167=CARTESIAN_POINT('Ctrl Pts',(26.6873914517485,100.840026523002,47.69000455764));
#7168=CARTESIAN_POINT('Ctrl Pts',(0.963739259529724,104.282388000313,48.1017692635223));
#7169=CARTESIAN_POINT('Ctrl Pts',(-33.4144210801853,100.338073651359,48.6507888713655));
#7170=CARTESIAN_POINT('Ctrl Pts',(-72.5013627441658,79.530206383074,49.3370633811693));
#7171=CARTESIAN_POINT('Ctrl Pts',(-96.8269553027824,42.5299104981728,50.0233378909733));
#7172=CARTESIAN_POINT('Ctrl Pts',(-103.926460357998,8.66233674395377,50.5723574988165));
#7173=CARTESIAN_POINT('Ctrl Pts',(-102.872262575059,-17.2692039291565,50.9841222046987));
#7174=CARTESIAN_POINT('Ctrl Pts',(-95.4010213578182,-42.1235131997943,51.3958869105812));
#7175=CARTESIAN_POINT('Ctrl Pts',(-77.6316100509634,-71.8163329687946,51.9449065184242));
#7176=CARTESIAN_POINT('Ctrl Pts',(-42.5574243611722,-98.8451665932052,52.6311810282282));
#7177=CARTESIAN_POINT('Ctrl Pts',(1.18149498662072,-105.749026613895,53.3174555380321));
#7178=CARTESIAN_POINT('Ctrl Pts',(34.963147512183,-98.2513285225674,53.8664751458753));
#7179=CARTESIAN_POINT('Ctrl Pts',(58.1526632795705,-86.5978958471368,54.2782398517576));
#7180=CARTESIAN_POINT('Ctrl Pts',(77.7146884411884,-69.5425944360517,54.6900045576399));
#7181=CARTESIAN_POINT('Ctrl Pts',(97.4381907605556,-41.1102364563761,55.2390241654831));
#7182=CARTESIAN_POINT('Ctrl Pts',(107.59900832566,1.98865140986363,55.9252986752871));
#7183=CARTESIAN_POINT('Ctrl Pts',(95.8525614591882,44.6826478837379,56.6115731850909));
#7184=CARTESIAN_POINT('Ctrl Pts',(75.0919108471564,72.3667752890156,57.160592792934));
#7185=CARTESIAN_POINT('Ctrl Pts',(54.9130264125312,88.6875827941843,57.5723574988165));
#7186=CARTESIAN_POINT('Ctrl Pts',(31.3087358793377,99.4761694982572,57.9841222046988));
#7187=CARTESIAN_POINT('Ctrl Pts',(-2.72689699572195,105.72046440006,58.5331418125418));
#7188=CARTESIAN_POINT('Ctrl Pts',(-46.1808373128541,97.2051006489839,59.2194163223459));
#7189=CARTESIAN_POINT('Ctrl Pts',(-80.2323135141249,68.8986823412521,59.9056908321496));
#7190=CARTESIAN_POINT('Ctrl Pts',(-96.8923951702074,38.5695345912875,60.454710439993));
#7191=CARTESIAN_POINT('Ctrl Pts',(-103.440129985208,13.4561257537931,60.8664751458752));
#7192=CARTESIAN_POINT('Ctrl Pts',(-103.535398505122,-12.4966594253708,61.2782398517577));
#7193=CARTESIAN_POINT('Ctrl Pts',(-95.1892843539827,-46.0787663069031,61.8272594596007));
#7194=CARTESIAN_POINT('Ctrl Pts',(-69.5130883012805,-82.1549260964541,62.5135339694046));
#7195=CARTESIAN_POINT('Ctrl Pts',(-29.683958772996,-101.504261741823,63.1998084792086));
#7196=CARTESIAN_POINT('Ctrl Pts',(4.81647168006931,-104.175557790507,63.7488280870517));
#7197=CARTESIAN_POINT('Ctrl Pts',(30.3953557469129,-99.7850197207839,64.1605927929341));
#7198=CARTESIAN_POINT('Ctrl Pts',(54.0782154321926,-89.1700165755145,64.5723574988164));
#7199=CARTESIAN_POINT('Ctrl Pts',(81.2307025140906,-67.7187236239496,65.1213771066596));
#7200=CARTESIAN_POINT('Ctrl Pts',(103.509159529163,-29.4508950740355,65.8076516164635));
#7201=CARTESIAN_POINT('Ctrl Pts',(104.713049369484,14.813164818279,66.4939261262674));
#7202=CARTESIAN_POINT('Ctrl Pts',(92.9201901197861,47.3453641712784,67.0429457341106));
#7203=CARTESIAN_POINT('Ctrl Pts',(78.3726960569955,68.8378407884532,67.4547104399929));
#7204=CARTESIAN_POINT('Ctrl Pts',(58.9364109627638,86.0362987537025,67.8664751458753));
#7205=CARTESIAN_POINT('Ctrl Pts',(28.1972976449255,101.927253302113,68.4154947537184));
#7206=CARTESIAN_POINT('Ctrl Pts',(-15.8522233952481,106.443451374533,69.1017692635222));
#7207=CARTESIAN_POINT('Ctrl Pts',(-56.6742160859316,89.2876575526246,69.7880437733264));
#7208=CARTESIAN_POINT('Ctrl Pts',(-81.4489265136092,65.1292377522478,70.3370633811693));
#7209=CARTESIAN_POINT('Ctrl Pts',(-95.0303084200415,43.0135826600208,70.7488280870518));
#7210=CARTESIAN_POINT('Ctrl Pts',(-102.68381821166,18.2147939291913,71.160592792934));
#7211=CARTESIAN_POINT('Ctrl Pts',(-104.485370153245,-16.3419700198286,71.7096124007773));
#7212=CARTESIAN_POINT('Ctrl Pts',(-90.435630603086,-58.3343641819948,72.395886910581));
#7213=CARTESIAN_POINT('Ctrl Pts',(-57.9731072876547,-88.4498241468215,73.0821614203852));
#7214=CARTESIAN_POINT('Ctrl Pts',(-25.7482313210769,-101.058269450078,73.6311810282281));
#7215=CARTESIAN_POINT('Ctrl Pts',(-3.85351253110359E-13,-104.311685882544,
74.0429457341106));
#7216=CARTESIAN_POINT('Ctrl Pts',(25.7482313210763,-101.058269450078,74.4547104399928));
#7217=CARTESIAN_POINT('Ctrl Pts',(57.973107287654,-88.4498241468219,75.0037300478361));
#7218=CARTESIAN_POINT('Ctrl Pts',(90.4356306030857,-58.3343641819954,75.6900045576398));
#7219=CARTESIAN_POINT('Ctrl Pts',(104.485370153245,-16.3419700198293,76.3762790674439));
#7220=CARTESIAN_POINT('Ctrl Pts',(102.68381821166,18.2147939291906,76.925298675287));
#7221=CARTESIAN_POINT('Ctrl Pts',(95.0303084200418,43.0135826600201,77.3370633811694));
#7222=CARTESIAN_POINT('Ctrl Pts',(81.4489265136097,65.1292377522473,77.7488280870517));
#7223=CARTESIAN_POINT('Ctrl Pts',(56.6742160859321,89.2876575526241,78.2978476948949));
#7224=CARTESIAN_POINT('Ctrl Pts',(15.8522233952492,106.443451374533,78.9841222046987));
#7225=CARTESIAN_POINT('Ctrl Pts',(-28.1972976449245,101.927253302113,79.6703967145028));
#7226=CARTESIAN_POINT('Ctrl Pts',(-58.9364109627624,86.0362987537034,80.2194163223457));
#7227=CARTESIAN_POINT('Ctrl Pts',(-78.3726960569951,68.8378407884542,80.6311810282283));
#7228=CARTESIAN_POINT('Ctrl Pts',(-92.9201901197852,47.3453641712793,81.0429457341105));
#7229=CARTESIAN_POINT('Ctrl Pts',(-104.713049369485,14.8131648182797,81.5919653419538));
#7230=CARTESIAN_POINT('Ctrl Pts',(-103.509159529162,-29.4508950740348,82.2782398517577));
#7231=CARTESIAN_POINT('Ctrl Pts',(-81.2307025140914,-67.718723623949,82.9645143615614));
#7232=CARTESIAN_POINT('Ctrl Pts',(-54.078215432193,-89.1700165755141,83.5135339694047));
#7233=CARTESIAN_POINT('Ctrl Pts',(-30.3953557469137,-99.7850197207838,83.925298675287));
#7234=CARTESIAN_POINT('Ctrl Pts',(-4.81647168006997,-104.175557790507,84.3370633811694));
#7235=CARTESIAN_POINT('Ctrl Pts',(29.6839587729953,-101.504261741824,84.8860829890125));
#7236=CARTESIAN_POINT('Ctrl Pts',(69.51308830128,-82.1549260964545,85.5723574988164));
#7237=CARTESIAN_POINT('Ctrl Pts',(95.1892843539824,-46.0787663069039,86.2586320086204));
#7238=CARTESIAN_POINT('Ctrl Pts',(103.535398505122,-12.4966594253715,86.8076516164635));
#7239=CARTESIAN_POINT('Ctrl Pts',(103.440129985208,13.4561257537924,87.2194163223458));
#7240=CARTESIAN_POINT('Ctrl Pts',(96.8923951702077,38.5695345912869,87.6311810282282));
#7241=CARTESIAN_POINT('Ctrl Pts',(80.2323135141253,68.8986823412515,88.1802006360713));
#7242=CARTESIAN_POINT('Ctrl Pts',(46.1808373128549,97.2051006489839,88.8664751458752));
#7243=CARTESIAN_POINT('Ctrl Pts',(2.72689699572261,105.72046440006,89.5527496556792));
#7244=CARTESIAN_POINT('Ctrl Pts',(-31.3087358793369,99.4761694982575,90.1017692635223));
#7245=CARTESIAN_POINT('Ctrl Pts',(-54.9130264125306,88.6875827941847,90.5135339694047));
#7246=CARTESIAN_POINT('Ctrl Pts',(-75.0919108471557,72.3667752890161,90.9252986752869));
#7247=CARTESIAN_POINT('Ctrl Pts',(-95.852561459188,44.6826478837386,91.4743182831303));
#7248=CARTESIAN_POINT('Ctrl Pts',(-107.59900832566,1.9886514098642,92.160592792934));
#7249=CARTESIAN_POINT('Ctrl Pts',(-97.4381907605559,-41.1102364563756,92.846867302738));
#7250=CARTESIAN_POINT('Ctrl Pts',(-77.7146884411887,-69.5425944360513,93.3958869105811));
#7251=CARTESIAN_POINT('Ctrl Pts',(-58.1526632795712,-86.5978958471363,93.8076516164635));
#7252=CARTESIAN_POINT('Ctrl Pts',(-34.9631475121836,-98.2513285225672,94.2194163223458));
#7253=CARTESIAN_POINT('Ctrl Pts',(-1.18149498662152,-105.749026613895,94.7684359301891));
#7254=CARTESIAN_POINT('Ctrl Pts',(42.5574243611717,-98.8451665932056,95.4547104399927));
#7255=CARTESIAN_POINT('Ctrl Pts',(77.6316100509627,-71.8163329687951,96.140984949797));
#7256=CARTESIAN_POINT('Ctrl Pts',(95.401021357818,-42.123513199795,96.6900045576399));
#7257=CARTESIAN_POINT('Ctrl Pts',(102.872262575059,-17.2692039291571,97.1017692635224));
#7258=CARTESIAN_POINT('Ctrl Pts',(103.926460357998,8.66233674395292,97.5135339694045));
#7259=CARTESIAN_POINT('Ctrl Pts',(96.8269553027825,42.5299104981724,98.0625535772479));
#7260=CARTESIAN_POINT('Ctrl Pts',(72.5013627441664,79.5302063830731,98.7488280870516));
#7261=CARTESIAN_POINT('Ctrl Pts',(33.414421080186,100.33807365136,99.4351025968557));
#7262=CARTESIAN_POINT('Ctrl Pts',(-0.963739259528971,104.282388000313,99.9841222046988));
#7263=CARTESIAN_POINT('Ctrl Pts',(-26.6873914517478,100.840026523002,100.395886910581));
#7264=CARTESIAN_POINT('Ctrl Pts',(-50.7463174504591,91.1073899616566,100.807651616464));
#7265=CARTESIAN_POINT('Ctrl Pts',(-78.6729184551095,70.6740720628527,101.356671224307));
#7266=CARTESIAN_POINT('Ctrl Pts',(-102.35021426722,33.2556005290787,102.042945734111));
#7267=CARTESIAN_POINT('Ctrl Pts',(-105.188905305258,-10.9337441378042,102.729220243914));
#7268=CARTESIAN_POINT('Ctrl Pts',(-94.6062134136891,-43.8794897865922,103.278239851758));
#7269=CARTESIAN_POINT('Ctrl Pts',(-80.8628336510042,-65.8948400528348,103.69000455764));
#7270=CARTESIAN_POINT('Ctrl Pts',(-62.0753311795315,-83.7997523824481,104.101769263522));
#7271=CARTESIAN_POINT('Ctrl Pts',(-31.944405424635,-100.815710691619,104.650788871365));
#7272=CARTESIAN_POINT('Ctrl Pts',(11.9081521516254,-106.956520322181,105.337063381169));
#7273=CARTESIAN_POINT('Ctrl Pts',(53.3361981813891,-91.3208767136252,106.023337890973));
#7274=CARTESIAN_POINT('Ctrl Pts',(78.9866788063674,-68.0944183582467,106.572357498816));
#7275=CARTESIAN_POINT('Ctrl Pts',(93.3759920614138,-46.4957193535644,106.984122204699));
#7276=CARTESIAN_POINT('Ctrl Pts',(101.940627392789,-21.9966753663539,107.395886910581));
#7277=CARTESIAN_POINT('Ctrl Pts',(105.017873224701,12.4699183457681,107.944906518424));
#7278=CARTESIAN_POINT('Ctrl Pts',(92.5294107288936,54.9527931706764,108.631181028228));
#7279=CARTESIAN_POINT('Ctrl Pts',(61.2018687649866,86.2472249980423,109.317455538032));
#7280=CARTESIAN_POINT('Ctrl Pts',(29.4649014095137,100.037816976061,109.866475145875));
#7281=CARTESIAN_POINT('Ctrl Pts',(3.85447319716938,104.240447274707,110.278239851757));
#7282=CARTESIAN_POINT('Ctrl Pts',(-21.9963922458085,101.940688483925,110.69000455764));
#7283=CARTESIAN_POINT('Ctrl Pts',(-54.6651615191238,90.5316114750957,111.239024165483));
#7284=CARTESIAN_POINT('Ctrl Pts',(-88.2183262840192,61.6362574686505,111.925298675287));
#7285=CARTESIAN_POINT('Ctrl Pts',(-103.810152634291,20.1917005285533,112.611573185091));
#7286=CARTESIAN_POINT('Ctrl Pts',(-103.286755286285,-14.4080332745067,113.160592792934));
#7287=CARTESIAN_POINT('Ctrl Pts',(-96.5548248081874,-39.4726945864972,113.572357498816));
#7288=CARTESIAN_POINT('Ctrl Pts',(-83.7999247844029,-62.0750984416183,113.984122204699));
#7289=CARTESIAN_POINT('Ctrl Pts',(-59.9348238284173,-87.1324821914658,114.533141812542));
#7290=CARTESIAN_POINT('Ctrl Pts',(-19.7746424085149,-105.784993475969,115.219416322346));
#7291=CARTESIAN_POINT('Ctrl Pts',(24.4116757483737,-102.899575545023,115.90569083215));
#7292=CARTESIAN_POINT('Ctrl Pts',(55.7169906978473,-88.1553298898265,116.454710439993));
#7293=CARTESIAN_POINT('Ctrl Pts',(75.7755107873144,-71.6868173137869,116.866475145875));
#7294=CARTESIAN_POINT('Ctrl Pts',(91.107249023181,-50.746570483494,117.278239851758));
#7295=CARTESIAN_POINT('Ctrl Pts',(104.09416800379,-18.6723524974292,117.827259459601));
#7296=CARTESIAN_POINT('Ctrl Pts',(104.526723729896,25.6059632388519,118.513533969405));
#7297=CARTESIAN_POINT('Ctrl Pts',(83.6775352043584,64.6708795541931,119.199808479209));
#7298=CARTESIAN_POINT('Ctrl Pts',(57.3362490765008,87.1108476726382,119.748828087052));
#7299=CARTESIAN_POINT('Ctrl Pts',(34.0618036422657,98.5937185843723,120.160592792934));
#7300=CARTESIAN_POINT('Ctrl Pts',(8.66262537964945,103.926436299625,120.572357498816));
#7301=CARTESIAN_POINT('Ctrl Pts',(-25.9129517486877,102.531807220295,121.12137710666));
#7302=CARTESIAN_POINT('Ctrl Pts',(-66.4298673412289,84.6674320628789,121.807651616463));
#7303=CARTESIAN_POINT('Ctrl Pts',(-93.4215962926972,49.5646840634922,122.493926126268));
#7304=CARTESIAN_POINT('Ctrl Pts',(-103.002919751752,16.3139131731883,123.042945734111));
#7305=CARTESIAN_POINT('Ctrl Pts',(-103.8667106202,-9.62466812923312,123.454710439993));
#7306=CARTESIAN_POINT('Ctrl Pts',(-98.2514256256004,-34.9628746379042,123.866475145875));
#7307=CARTESIAN_POINT('Ctrl Pts',(-82.7234292878482,-65.8869244011814,124.415494753718));
#7308=CARTESIAN_POINT('Ctrl Pts',(-49.7411727956924,-95.4322642296909,125.101769263522));
#7309=CARTESIAN_POINT('Ctrl Pts',(-6.63156436475632,-105.547500748554,125.788043773326));
#7310=CARTESIAN_POINT('Ctrl Pts',(27.6115602792546,-100.565137992004,126.337063381169));
#7311=CARTESIAN_POINT('Ctrl Pts',(51.5983849567443,-90.6561331710228,126.748828087052));
#7312=CARTESIAN_POINT('Ctrl Pts',(72.3665667353004,-75.0921118316337,127.160592792934));
#7313=CARTESIAN_POINT('Ctrl Pts',(94.1360090888435,-48.1940281888237,127.709612400777));
#7314=CARTESIAN_POINT('Ctrl Pts',(107.452041022398,-5.96323797090197,128.395886910581));
#7315=CARTESIAN_POINT('Ctrl Pts',(98.8907312146349,37.4816733908912,129.082161420385));
#7316=CARTESIAN_POINT('Ctrl Pts',(80.2313171176808,66.6234267642371,129.631181028228));
#7317=CARTESIAN_POINT('Ctrl Pts',(61.3128706059435,84.3899265905628,130.042945734111));
#7318=CARTESIAN_POINT('Ctrl Pts',(38.5698036866503,96.8922880509621,130.454710439993));
#7319=CARTESIAN_POINT('Ctrl Pts',(5.08827319867704,105.633148376232,131.003730047836));
#7320=CARTESIAN_POINT('Ctrl Pts',(-38.8758831081864,100.350221932344,131.69000455764));
#7321=CARTESIAN_POINT('Ctrl Pts',(-74.9248711140067,74.6358911197581,132.376279067444));
#7322=CARTESIAN_POINT('Ctrl Pts',(-93.7793412693057,45.6199561618539,132.925298675287));
#7323=CARTESIAN_POINT('Ctrl Pts',(-102.163883934362,21.0586944369027,133.337063381169));
#7324=CARTESIAN_POINT('Ctrl Pts',(-104.175571340147,-4.81618232983454,133.748828087052));
#7325=CARTESIAN_POINT('Ctrl Pts',(-98.3323718987868,-38.9229639970217,134.297847694895));
#7326=CARTESIAN_POINT('Ctrl Pts',(-75.3906098747152,-76.7968578657648,134.984122204699));
#7327=CARTESIAN_POINT('Ctrl Pts',(-37.0992420457628,-99.0348359866578,135.670396714503));
#7328=CARTESIAN_POINT('Ctrl Pts',(-2.89031120905234,-104.246780789879,136.219416322346));
#7329=CARTESIAN_POINT('Ctrl Pts',(22.942979042119,-101.757298456538,136.631181028228));
#7330=CARTESIAN_POINT('Ctrl Pts',(47.3450993708125,-92.9203207310982,137.04294573411));
#7331=CARTESIAN_POINT('Ctrl Pts',(76.0076913745696,-73.5328901468396,137.591965341954));
#7332=CARTESIAN_POINT('Ctrl Pts',(101.051438732337,-37.0148786215645,138.278239851758));
#7333=CARTESIAN_POINT('Ctrl Pts',(105.521134886631,7.03938286122546,138.964514361562));
#7334=CARTESIAN_POINT('Ctrl Pts',(96.1629500777014,40.353689923179,139.513533969405));
#7335=CARTESIAN_POINT('Ctrl Pts',(83.2426642851581,62.8618163178712,139.925298675287));
#7336=CARTESIAN_POINT('Ctrl Pts',(65.1292023001205,81.4487798687358,140.33706338117));
#7337=CARTESIAN_POINT('Ctrl Pts',(35.6484531753302,99.5663910757735,140.886082989012));
#7338=CARTESIAN_POINT('Ctrl Pts',(-7.94906705873921,107.323663237419,141.572357498817));
#7339=CARTESIAN_POINT('Ctrl Pts',(-49.9234230594699,93.2291132035112,142.25863200862));
#7340=CARTESIAN_POINT('Ctrl Pts',(-76.4191100715952,70.9669250833845,142.807651616463));
#7341=CARTESIAN_POINT('Ctrl Pts',(-91.5885788927822,49.9136311765929,143.219416322346));
#7342=CARTESIAN_POINT('Ctrl Pts',(-101.06871873612,25.7498019490344,143.631181028228));
#7343=CARTESIAN_POINT('Ctrl Pts',(-104.302730529872,7.39124750749403E-13,
144.042945734111));
#7344=CARTESIAN_POINT('Ctrl Pts',(-101.06871873612,-25.749801949033,144.454710439993));
#7345=CARTESIAN_POINT('Ctrl Pts',(-91.5885788927828,-49.9136311765916,144.866475145875));
#7346=CARTESIAN_POINT('Ctrl Pts',(-76.4191100715963,-70.9669250833835,145.278239851758));
#7347=CARTESIAN_POINT('Ctrl Pts',(-49.9234230594711,-93.2291132035107,145.827259459601));
#7348=CARTESIAN_POINT('Ctrl Pts',(-7.94906705874075,-107.323663237419,146.513533969405));
#7349=CARTESIAN_POINT('Ctrl Pts',(35.6484531753289,-99.566391075774,147.199808479209));
#7350=CARTESIAN_POINT('Ctrl Pts',(65.1292023001193,-81.4487798687367,147.748828087052));
#7351=CARTESIAN_POINT('Ctrl Pts',(83.2426642851572,-62.8618163178723,148.160592792934));
#7352=CARTESIAN_POINT('Ctrl Pts',(96.1629500777008,-40.3536899231804,148.572357498816));
#7353=CARTESIAN_POINT('Ctrl Pts',(105.521134886631,-7.03938286122678,149.12137710666));
#7354=CARTESIAN_POINT('Ctrl Pts',(101.051438732337,37.0148786215629,149.807651616463));
#7355=CARTESIAN_POINT('Ctrl Pts',(76.0076913745707,73.5328901468387,150.493926126268));
#7356=CARTESIAN_POINT('Ctrl Pts',(47.3450993708137,92.9203207310976,151.04294573411));
#7357=CARTESIAN_POINT('Ctrl Pts',(22.9429790421204,101.757298456537,151.454710439993));
#7358=CARTESIAN_POINT('Ctrl Pts',(-2.89031120905089,104.246780789879,151.866475145875));
#7359=CARTESIAN_POINT('Ctrl Pts',(-37.0992420457615,99.0348359866581,152.415494753718));
#7360=CARTESIAN_POINT('Ctrl Pts',(-75.390609874714,76.796857865766,153.101769263523));
#7361=CARTESIAN_POINT('Ctrl Pts',(-98.3323718987865,38.9229639970229,153.788043773326));
#7362=CARTESIAN_POINT('Ctrl Pts',(-104.175571340147,4.81618232983655,154.337063381169));
#7363=CARTESIAN_POINT('Ctrl Pts',(-102.163883934362,-21.0586944368999,154.748828087052));
#7364=CARTESIAN_POINT('Ctrl Pts',(-93.7793412693071,-45.6199561618508,155.160592792934));
#7365=CARTESIAN_POINT('Ctrl Pts',(-74.9248711140091,-74.6358911197562,155.709612400777));
#7366=CARTESIAN_POINT('Ctrl Pts',(-38.8758831081881,-100.350221932343,156.395886910581));
#7367=CARTESIAN_POINT('Ctrl Pts',(5.08827319867549,-105.633148376232,157.082161420385));
#7368=CARTESIAN_POINT('Ctrl Pts',(38.5698036866491,-96.8922880509626,157.631181028228));
#7369=CARTESIAN_POINT('Ctrl Pts',(61.3128706059422,-84.3899265905636,158.042945734111));
#7370=CARTESIAN_POINT('Ctrl Pts',(80.23131711768,-66.6234267642383,158.454710439993));
#7371=CARTESIAN_POINT('Ctrl Pts',(98.8907312146341,-37.4816733908925,159.003730047836));
#7372=CARTESIAN_POINT('Ctrl Pts',(107.452041022398,5.9632379709005,159.69000455764));
#7373=CARTESIAN_POINT('Ctrl Pts',(94.1360090888439,48.1940281888224,160.376279067444));
#7374=CARTESIAN_POINT('Ctrl Pts',(72.3665667353016,75.0921118316328,160.925298675287));
#7375=CARTESIAN_POINT('Ctrl Pts',(51.5983849567454,90.6561331710218,161.337063381169));
#7376=CARTESIAN_POINT('Ctrl Pts',(27.6115602792561,100.565137992004,161.748828087052));
#7377=CARTESIAN_POINT('Ctrl Pts',(-6.63156436475496,105.547500748554,162.297847694895));
#7378=CARTESIAN_POINT('Ctrl Pts',(-49.741172795691,95.4322642296918,162.984122204698));
#7379=CARTESIAN_POINT('Ctrl Pts',(-82.7234292878474,65.8869244011823,163.670396714503));
#7380=CARTESIAN_POINT('Ctrl Pts',(-98.2514256255999,34.9628746379057,164.219416322346));
#7381=CARTESIAN_POINT('Ctrl Pts',(-103.8667106202,9.62466812923446,164.631181028228));
#7382=CARTESIAN_POINT('Ctrl Pts',(-103.002919751753,-16.3139131731869,165.042945734111));
#7383=CARTESIAN_POINT('Ctrl Pts',(-93.4215962926978,-49.5646840634909,165.591965341953));
#7384=CARTESIAN_POINT('Ctrl Pts',(-66.4298673412302,-84.6674320628779,166.278239851758));
#7385=CARTESIAN_POINT('Ctrl Pts',(-25.912951748689,-102.531807220295,166.964514361561));
#7386=CARTESIAN_POINT('Ctrl Pts',(8.66262537964796,-103.926436299625,167.513533969405));
#7387=CARTESIAN_POINT('Ctrl Pts',(34.0618036422644,-98.5937185843727,167.925298675287));
#7388=CARTESIAN_POINT('Ctrl Pts',(57.3362490764995,-87.1108476726391,168.337063381169));
#7389=CARTESIAN_POINT('Ctrl Pts',(83.6775352043576,-64.6708795541942,168.886082989013));
#7390=CARTESIAN_POINT('Ctrl Pts',(104.526723729896,-25.6059632388534,169.572357498816));
#7391=CARTESIAN_POINT('Ctrl Pts',(104.094168003791,18.6723524974278,170.258632008621));
#7392=CARTESIAN_POINT('Ctrl Pts',(91.1072490231816,50.7465704834928,170.807651616463));
#7393=CARTESIAN_POINT('Ctrl Pts',(75.7755107873154,71.6868173137859,171.219416322346));
#7394=CARTESIAN_POINT('Ctrl Pts',(55.7169906978486,88.1553298898258,171.631181028228));
#7395=CARTESIAN_POINT('Ctrl Pts',(24.411675748375,102.899575545022,172.180200636072));
#7396=CARTESIAN_POINT('Ctrl Pts',(-19.7746424085133,105.784993475969,172.866475145875));
#7397=CARTESIAN_POINT('Ctrl Pts',(-59.9348238284163,87.1324821914668,173.55274965568));
#7398=CARTESIAN_POINT('Ctrl Pts',(-83.7999247844018,62.0750984416193,174.101769263522));
#7399=CARTESIAN_POINT('Ctrl Pts',(-96.5548248081869,39.4726945864985,174.513533969404));
#7400=CARTESIAN_POINT('Ctrl Pts',(-103.286755286284,14.4080332745082,174.925298675287));
#7401=CARTESIAN_POINT('Ctrl Pts',(-103.810152634291,-20.1917005285519,175.47431828313));
#7402=CARTESIAN_POINT('Ctrl Pts',(-88.2183262840199,-61.6362574686492,176.160592792934));
#7403=CARTESIAN_POINT('Ctrl Pts',(-54.6651615191251,-90.5316114750952,176.846867302738));
#7404=CARTESIAN_POINT('Ctrl Pts',(-21.9963922458099,-101.940688483925,177.395886910581));
#7405=CARTESIAN_POINT('Ctrl Pts',(3.85447319716794,-104.240447274707,177.807651616463));
#7406=CARTESIAN_POINT('Ctrl Pts',(29.4649014095121,-100.037816976061,178.219416322346));
#7407=CARTESIAN_POINT('Ctrl Pts',(61.2018687649849,-86.2472249980434,178.768435930189));
#7408=CARTESIAN_POINT('Ctrl Pts',(92.529410728893,-54.952793170678,179.454710439993));
#7409=CARTESIAN_POINT('Ctrl Pts',(105.017873224701,-12.469918345769,180.140984949797));
#7410=CARTESIAN_POINT('Ctrl Pts',(101.940627392789,21.9966753663535,180.69000455764));
#7411=CARTESIAN_POINT('Ctrl Pts',(93.375992061414,46.4957193535639,181.101769263522));
#7412=CARTESIAN_POINT('Ctrl Pts',(78.9866788063679,68.0944183582459,181.513533969405));
#7413=CARTESIAN_POINT('Ctrl Pts',(53.33619818139,91.320876713625,182.062553577248));
#7414=CARTESIAN_POINT('Ctrl Pts',(11.908152151626,106.956520322181,182.748828087052));
#7415=CARTESIAN_POINT('Ctrl Pts',(-31.9444054246345,100.815710691619,183.435102596856));
#7416=CARTESIAN_POINT('Ctrl Pts',(-62.075331179531,83.7997523824484,183.984122204699));
#7417=CARTESIAN_POINT('Ctrl Pts',(-80.8628336510033,65.8948400528357,184.395886910581));
#7418=CARTESIAN_POINT('Ctrl Pts',(-94.6062134136885,43.8794897865936,184.807651616463));
#7419=CARTESIAN_POINT('Ctrl Pts',(-105.188905305258,10.933744137806,185.356671224307));
#7420=CARTESIAN_POINT('Ctrl Pts',(-102.35021426722,-33.2556005290774,186.042945734111));
#7421=CARTESIAN_POINT('Ctrl Pts',(-78.6729184551101,-70.6740720628517,186.729220243915));
#7422=CARTESIAN_POINT('Ctrl Pts',(-50.7463174504603,-91.1073899616561,187.278239851757));
#7423=CARTESIAN_POINT('Ctrl Pts',(-26.6873914517491,-100.840026523002,187.69000455764));
#7424=CARTESIAN_POINT('Ctrl Pts',(-0.963739259530675,-104.282388000313,
188.101769263522));
#7425=CARTESIAN_POINT('Ctrl Pts',(33.4144210801843,-100.33807365136,188.650788871365));
#7426=CARTESIAN_POINT('Ctrl Pts',(72.5013627441654,-79.5302063830745,189.337063381169));
#7427=CARTESIAN_POINT('Ctrl Pts',(96.826955302782,-42.5299104981732,190.023337890973));
#7428=CARTESIAN_POINT('Ctrl Pts',(103.926460357998,-8.66233674395422,190.572357498816));
#7429=CARTESIAN_POINT('Ctrl Pts',(102.872262575059,17.2692039291557,190.984122204699));
#7430=CARTESIAN_POINT('Ctrl Pts',(95.4010213578188,42.1235131997935,191.395886910581));
#7431=CARTESIAN_POINT('Ctrl Pts',(77.6316100509637,71.8163329687937,191.944906518424));
#7432=CARTESIAN_POINT('Ctrl Pts',(42.5574243611732,98.8451665932053,192.631181028228));
#7433=CARTESIAN_POINT('Ctrl Pts',(-1.18149498662045,105.749026613894,193.317455538032));
#7434=CARTESIAN_POINT('Ctrl Pts',(-34.9631475121824,98.2513285225677,193.866475145875));
#7435=CARTESIAN_POINT('Ctrl Pts',(-58.15266327957,86.597895847137,194.278239851758));
#7436=CARTESIAN_POINT('Ctrl Pts',(-77.7146884411875,69.5425944360526,194.69000455764));
#7437=CARTESIAN_POINT('Ctrl Pts',(-97.4381907605553,41.1102364563771,195.239024165483));
#7438=CARTESIAN_POINT('Ctrl Pts',(-107.59900832566,-1.98865140986236,195.925298675288));
#7439=CARTESIAN_POINT('Ctrl Pts',(-95.8525614591888,-44.6826478837371,196.611573185091));
#7440=CARTESIAN_POINT('Ctrl Pts',(-75.091910847157,-72.3667752890147,197.160592792934));
#7441=CARTESIAN_POINT('Ctrl Pts',(-54.9130264125324,-88.6875827941836,197.572357498816));
#7442=CARTESIAN_POINT('Ctrl Pts',(-31.3087358793393,-99.4761694982567,197.984122204699));
#7443=CARTESIAN_POINT('Ctrl Pts',(2.7268969957202,-105.72046440006,198.533141812542));
#7444=CARTESIAN_POINT('Ctrl Pts',(46.1808373128528,-97.2051006489848,199.219416322346));
#7445=CARTESIAN_POINT('Ctrl Pts',(80.2323135141241,-68.8986823412529,199.905690832149));
#7446=CARTESIAN_POINT('Ctrl Pts',(96.8923951702069,-38.5695345912887,200.454710439993));
#7447=CARTESIAN_POINT('Ctrl Pts',(103.440129985208,-13.4561257537945,200.866475145875));
#7448=CARTESIAN_POINT('Ctrl Pts',(103.535398505122,12.496659425369,201.278239851757));
#7449=CARTESIAN_POINT('Ctrl Pts',(95.1892843539835,46.0787663069022,201.827259459601));
#7450=CARTESIAN_POINT('Ctrl Pts',(69.5130883012807,82.1549260964537,202.513533969405));
#7451=CARTESIAN_POINT('Ctrl Pts',(29.6839587729963,101.504261741824,203.199808479209));
#7452=CARTESIAN_POINT('Ctrl Pts',(-4.81647168006909,104.175557790507,203.748828087052));
#7453=CARTESIAN_POINT('Ctrl Pts',(-30.3953557469131,99.7850197207839,204.160592792934));
#7454=CARTESIAN_POINT('Ctrl Pts',(-54.0782154321926,89.1700165755145,204.572357498816));
#7455=CARTESIAN_POINT('Ctrl Pts',(-81.230702514091,67.7187236239493,205.12137710666));
#7456=CARTESIAN_POINT('Ctrl Pts',(-103.509159529162,29.4508950740356,205.807651616463));
#7457=CARTESIAN_POINT('Ctrl Pts',(-104.713049369485,-14.8131648182787,206.493926126268));
#7458=CARTESIAN_POINT('Ctrl Pts',(-92.920190119786,-47.3453641712783,207.04294573411));
#7459=CARTESIAN_POINT('Ctrl Pts',(-78.3726960569957,-68.8378407884532,207.454710439993));
#7460=CARTESIAN_POINT('Ctrl Pts',(-58.9364109627635,-86.0362987537029,207.866475145875));
#7461=CARTESIAN_POINT('Ctrl Pts',(-28.1972976449255,-101.927253302113,208.415494753719));
#7462=CARTESIAN_POINT('Ctrl Pts',(15.8522233952476,-106.443451374533,209.101769263522));
#7463=CARTESIAN_POINT('Ctrl Pts',(56.6742160859307,-89.2876575526248,209.788043773327));
#7464=CARTESIAN_POINT('Ctrl Pts',(81.4489265136086,-65.1292377522487,210.337063381169));
#7465=CARTESIAN_POINT('Ctrl Pts',(95.0303084200412,-43.0135826600214,210.748828087052));
#7466=CARTESIAN_POINT('Ctrl Pts',(102.68381821166,-18.2147939291918,211.160592792934));
#7467=CARTESIAN_POINT('Ctrl Pts',(104.485370153245,16.3419700198282,211.709612400778));
#7468=CARTESIAN_POINT('Ctrl Pts',(90.4356306030865,58.3343641819942,212.395886910581));
#7469=CARTESIAN_POINT('Ctrl Pts',(57.9731072876555,88.4498241468211,213.082161420386));
#7470=CARTESIAN_POINT('Ctrl Pts',(25.7482313210778,101.058269450077,213.631181028228));
#7471=CARTESIAN_POINT('Ctrl Pts',(1.10024426750131E-12,104.311685882545,
214.042945734111));
#7472=CARTESIAN_POINT('Ctrl Pts',(-25.7482313210758,101.058269450078,214.454710439993));
#7473=CARTESIAN_POINT('Ctrl Pts',(-57.9731072876536,88.4498241468222,215.003730047836));
#7474=CARTESIAN_POINT('Ctrl Pts',(-90.4356306030857,58.3343641819957,215.690004557639));
#7475=CARTESIAN_POINT('Ctrl Pts',(-104.485370153245,16.3419700198288,216.376279067444));
#7476=CARTESIAN_POINT('Ctrl Pts',(-102.68381821166,-18.2147939291921,216.925298675287));
#7477=CARTESIAN_POINT('Ctrl Pts',(-95.0303084200409,-43.0135826600222,217.33706338117));
#7478=CARTESIAN_POINT('Ctrl Pts',(-81.4489265136083,-65.1292377522488,217.748828087052));
#7479=CARTESIAN_POINT('Ctrl Pts',(-56.6742160859311,-89.2876575526245,218.297847694895));
#7480=CARTESIAN_POINT('Ctrl Pts',(-15.8522233952489,-106.443451374533,218.984122204699));
#7481=CARTESIAN_POINT('Ctrl Pts',(28.197297644925,-101.927253302113,219.670396714503));
#7482=CARTESIAN_POINT('Ctrl Pts',(58.9364109627638,-86.0362987537026,220.219416322346));
#7483=CARTESIAN_POINT('Ctrl Pts',(78.3726960569961,-68.8378407884526,220.631181028228));
#7484=CARTESIAN_POINT('Ctrl Pts',(92.9201901197862,-47.345364171278,221.042945734111));
#7485=CARTESIAN_POINT('Ctrl Pts',(104.713049369484,-14.8131648182793,221.591965341954));
#7486=CARTESIAN_POINT('Ctrl Pts',(103.509159529163,29.4508950740342,222.278239851758));
#7487=CARTESIAN_POINT('Ctrl Pts',(81.2307025140914,67.7187236239491,222.964514361561));
#7488=CARTESIAN_POINT('Ctrl Pts',(54.0782154321925,89.1700165755146,223.513533969405));
#7489=CARTESIAN_POINT('Ctrl Pts',(30.3953557469122,99.7850197207842,223.925298675287));
#7490=CARTESIAN_POINT('Ctrl Pts',(4.81647168006874,104.175557790507,224.33706338117));
#7491=CARTESIAN_POINT('Ctrl Pts',(-29.6839587729955,101.504261741824,224.886082989012));
#7492=CARTESIAN_POINT('Ctrl Pts',(-69.5130883012796,82.154926096455,225.572357498817));
#7493=CARTESIAN_POINT('Ctrl Pts',(-95.1892843539823,46.078766306904,226.25863200862));
#7494=CARTESIAN_POINT('Ctrl Pts',(-103.535398505122,12.4966594253708,226.807651616464));
#7495=CARTESIAN_POINT('Ctrl Pts',(-103.440129985208,-13.4561257537939,227.219416322346));
#7496=CARTESIAN_POINT('Ctrl Pts',(-96.8923951702072,-38.569534591288,227.631181028228));
#7497=CARTESIAN_POINT('Ctrl Pts',(-80.232313514125,-68.8986823412515,228.180200636071));
#7498=CARTESIAN_POINT('Ctrl Pts',(-46.1808373128553,-97.2051006489835,228.866475145875));
#7499=CARTESIAN_POINT('Ctrl Pts',(-2.72689699572286,-105.72046440006,229.552749655679));
#7500=CARTESIAN_POINT('Ctrl Pts',(31.3087358793377,-99.4761694982573,230.101769263522));
#7501=CARTESIAN_POINT('Ctrl Pts',(54.9130264125319,-88.6875827941839,230.513533969405));
#7502=CARTESIAN_POINT('Ctrl Pts',(75.0919108471565,-72.3667752890152,230.925298675287));
#7503=CARTESIAN_POINT('Ctrl Pts',(95.8525614591879,-44.6826478837384,231.47431828313));
#7504=CARTESIAN_POINT('Ctrl Pts',(107.59900832566,-1.98865140986518,232.160592792934));
#7505=CARTESIAN_POINT('Ctrl Pts',(97.4381907605564,41.1102364563747,232.846867302738));
#7506=CARTESIAN_POINT('Ctrl Pts',(77.7146884411887,69.5425944360514,233.395886910581));
#7507=CARTESIAN_POINT('Ctrl Pts',(58.1526632795705,86.5978958471367,233.807651616463));
#7508=CARTESIAN_POINT('Ctrl Pts',(34.9631475121831,98.2513285225673,234.219416322346));
#7509=CARTESIAN_POINT('Ctrl Pts',(1.18149498662195,105.749026613894,234.768435930189));
#7510=CARTESIAN_POINT('Ctrl Pts',(-42.5574243611705,98.8451665932063,235.454710439994));
#7511=CARTESIAN_POINT('Ctrl Pts',(-77.6316100509623,71.8163329687958,236.140984949796));
#7512=CARTESIAN_POINT('Ctrl Pts',(-95.4010213578181,42.1235131997951,236.69000455764));
#7513=CARTESIAN_POINT('Ctrl Pts',(-102.872262575059,17.2692039291563,237.101769263522));
#7514=CARTESIAN_POINT('Ctrl Pts',(-103.926460357998,-8.66233674395345,237.513533969404));
#7515=CARTESIAN_POINT('Ctrl Pts',(-96.8269553027825,-42.5299104981718,238.062553577248));
#7516=CARTESIAN_POINT('Ctrl Pts',(-72.5013627441674,-79.5302063830724,238.748828087052));
#7517=CARTESIAN_POINT('Ctrl Pts',(-33.4144210801869,-100.338073651359,239.435102596856));
#7518=CARTESIAN_POINT('Ctrl Pts',(0.963739259529019,-104.282388000313,239.984122204699));
#7519=CARTESIAN_POINT('Ctrl Pts',(26.6873914517486,-100.840026523002,240.395886910581));
#7520=CARTESIAN_POINT('Ctrl Pts',(50.7463174504596,-91.1073899616562,240.807651616463));
#7521=CARTESIAN_POINT('Ctrl Pts',(78.6729184551089,-70.6740720628529,241.356671224307));
#7522=CARTESIAN_POINT('Ctrl Pts',(102.350214267219,-33.2556005290799,242.042945734111));
#7523=CARTESIAN_POINT('Ctrl Pts',(105.188905305259,10.9337441378033,242.729220243914));
#7524=CARTESIAN_POINT('Ctrl Pts',(94.6062134136893,43.8794897865922,243.278239851758));
#7525=CARTESIAN_POINT('Ctrl Pts',(80.8628336510039,65.8948400528351,243.69000455764));
#7526=CARTESIAN_POINT('Ctrl Pts',(62.0753311795315,83.7997523824482,244.101769263522));
#7527=CARTESIAN_POINT('Ctrl Pts',(31.944405424636,100.815710691618,244.650788871365));
#7528=CARTESIAN_POINT('Ctrl Pts',(-11.9081521516234,106.956520322182,245.33706338117));
#7529=CARTESIAN_POINT('Ctrl Pts',(-53.3361981813876,91.3208767136262,246.023337890973));
#7530=CARTESIAN_POINT('Ctrl Pts',(-78.986678806367,68.0944183582473,246.572357498816));
#7531=CARTESIAN_POINT('Ctrl Pts',(-93.3759920614136,46.4957193535644,246.984122204699));
#7532=CARTESIAN_POINT('Ctrl Pts',(-101.940627392789,21.9966753663541,247.395886910581));
#7533=CARTESIAN_POINT('Ctrl Pts',(-105.017873224701,-12.4699183457668,247.944906518425));
#7534=CARTESIAN_POINT('Ctrl Pts',(-92.5294107288949,-54.9527931706747,248.631181028228));
#7535=CARTESIAN_POINT('Ctrl Pts',(-61.2018687649879,-86.2472249980415,249.317455538032));
#7536=CARTESIAN_POINT('Ctrl Pts',(-29.4649014095147,-100.03781697606,249.866475145876));
#7537=CARTESIAN_POINT('Ctrl Pts',(-3.8544731971701,-104.240447274707,250.278239851757));
#7538=CARTESIAN_POINT('Ctrl Pts',(21.9963922458073,-101.940688483925,250.69000455764));
#7539=CARTESIAN_POINT('Ctrl Pts',(54.6651615191218,-90.5316114750966,251.239024165483));
#7540=CARTESIAN_POINT('Ctrl Pts',(88.2183262840177,-61.6362574686529,251.925298675287));
#7541=CARTESIAN_POINT('Ctrl Pts',(103.810152634291,-20.1917005285554,252.611573185091));
#7542=CARTESIAN_POINT('Ctrl Pts',(103.286755286285,14.4080332745055,253.160592792934));
#7543=CARTESIAN_POINT('Ctrl Pts',(96.5548248081876,39.4726945864966,253.572357498816));
#7544=CARTESIAN_POINT('Ctrl Pts',(83.7999247844034,62.0750984416173,253.984122204699));
#7545=CARTESIAN_POINT('Ctrl Pts',(59.9348238284191,87.1324821914645,254.533141812542));
#7546=CARTESIAN_POINT('Ctrl Pts',(19.7746424085177,105.784993475969,255.219416322346));
#7547=CARTESIAN_POINT('Ctrl Pts',(-24.4116757483716,102.899575545023,255.90569083215));
#7548=CARTESIAN_POINT('Ctrl Pts',(-55.7169906978463,88.1553298898273,256.454710439993));
#7549=CARTESIAN_POINT('Ctrl Pts',(-75.7755107873138,71.6868173137874,256.866475145875));
#7550=CARTESIAN_POINT('Ctrl Pts',(-91.1072490231804,50.746570483495,257.278239851758));
#7551=CARTESIAN_POINT('Ctrl Pts',(-104.09416800379,18.6723524974314,257.827259459601));
#7552=CARTESIAN_POINT('Ctrl Pts',(-104.526723729897,-25.6059632388494,258.513533969405));
#7553=CARTESIAN_POINT('Ctrl Pts',(-83.6775352043598,-64.6708795541913,259.199808479209));
#7554=CARTESIAN_POINT('Ctrl Pts',(-57.3362490765019,-87.1108476726378,259.748828087052));
#7555=CARTESIAN_POINT('Ctrl Pts',(-34.0618036422664,-98.593718584372,260.160592792934));
#7556=CARTESIAN_POINT('Ctrl Pts',(-8.66262537965063,-103.926436299625,260.572357498816));
#7557=CARTESIAN_POINT('Ctrl Pts',(25.9129517486865,-102.531807220295,261.12137710666));
#7558=CARTESIAN_POINT('Ctrl Pts',(66.4298673412287,-84.6674320628793,261.807651616463));
#7559=CARTESIAN_POINT('Ctrl Pts',(93.421596292697,-49.5646840634925,262.493926126268));
#7560=CARTESIAN_POINT('Ctrl Pts',(103.002919751752,-16.3139131731884,263.04294573411));
#7561=CARTESIAN_POINT('Ctrl Pts',(103.8667106202,9.62466812923221,263.454710439993));
#7562=CARTESIAN_POINT('Ctrl Pts',(98.2514256256007,34.9628746379044,263.866475145875));
#7563=CARTESIAN_POINT('Ctrl Pts',(82.7234292878475,65.8869244011814,264.415494753718));
#7564=CARTESIAN_POINT('Ctrl Pts',(49.7411727956922,95.4322642296931,265.101769263522));
#7565=CARTESIAN_POINT('Ctrl Pts',(6.63156436475403,105.547500748552,265.788043773326));
#7566=CARTESIAN_POINT('Ctrl Pts',(-27.6115602792524,100.565137992007,266.337063381169));
#7567=CARTESIAN_POINT('Ctrl Pts',(-51.598384956748,90.6561331710168,266.748828087052));
#7568=CARTESIAN_POINT('Ctrl Pts',(-72.3665667352923,75.0921118316452,267.160592792934));
#7569=CARTESIAN_POINT('Ctrl Pts',(-94.1360090888616,48.1940281887987,267.709612400778));
#7570=CARTESIAN_POINT('Ctrl Pts',(-107.45204102236,5.96323797095379,268.395886910581));
#7571=CARTESIAN_POINT('Ctrl Pts',(-98.890731214693,-37.4816733909727,269.082161420385));
#7572=CARTESIAN_POINT('Ctrl Pts',(-80.2313171176022,-66.6234267641283,269.631181028228));
#7573=CARTESIAN_POINT('Ctrl Pts',(-61.3128706061136,-84.3899265907963,270.04294573411));
#7574=CARTESIAN_POINT('Ctrl Pts',(-38.5698036863379,-96.8922880505306,270.454710439993));
#7575=CARTESIAN_POINT('Ctrl Pts',(-5.08827319935985,-105.633148377175,271.003730047835));
#7576=CARTESIAN_POINT('Ctrl Pts',(38.8758831096824,-100.35022193028,271.690004557641));
#7577=CARTESIAN_POINT('Ctrl Pts',(74.9248711117302,-74.6358911229011,272.376279067443));
#7578=CARTESIAN_POINT('Ctrl Pts',(93.7793412723664,-45.6199561576279,272.925298675287));
#7579=CARTESIAN_POINT('Ctrl Pts',(102.163883927771,-21.0586944460034,273.337063381169));
#7580=CARTESIAN_POINT('Ctrl Pts',(104.175571352296,4.81618234660877,273.748828087052));
#7581=CARTESIAN_POINT('Ctrl Pts',(98.3323718722203,38.9229639603394,274.297847694895));
#7582=CARTESIAN_POINT('Ctrl Pts',(75.3906099328077,76.7968579459759,274.984122204699));
#7583=CARTESIAN_POINT('Ctrl Pts',(37.0992419572715,99.0348358644711,275.670396714502));
#7584=CARTESIAN_POINT('Ctrl Pts',(2.89031132801674,104.246780954136,276.219416322346));
#7585=CARTESIAN_POINT('Ctrl Pts',(-22.9429792982673,101.757298102858,276.631181028228));
#7586=CARTESIAN_POINT('Ctrl Pts',(-47.3450988986237,92.9203213830733,277.04294573411));
#7587=CARTESIAN_POINT('Ctrl Pts',(-76.0076924071139,73.5328887211512,277.591965341954));
#7588=CARTESIAN_POINT('Ctrl Pts',(-101.051436474514,37.0148817390602,278.278239851758));
#7589=CARTESIAN_POINT('Ctrl Pts',(-105.521138325978,-7.03938761011445,278.964514361561));
#7590=CARTESIAN_POINT('Ctrl Pts',(-96.1629454541093,-40.3536835391391,279.513533969405));
#7591=CARTESIAN_POINT('Ctrl Pts',(-83.242674240747,-62.8618300640397,279.925298675287));
#7592=CARTESIAN_POINT('Ctrl Pts',(-65.1291839477461,-81.4487545289877,280.337063381169));
#7593=CARTESIAN_POINT('Ctrl Pts',(-35.6484933097163,-99.566446487495,280.886082989013));
#7594=CARTESIAN_POINT('Ctrl Pts',(7.94915485141645,-107.323542063061,281.572357498816));
#7595=CARTESIAN_POINT('Ctrl Pts',(49.9232891794932,-93.2292978236485,282.258632008621));
#7596=CARTESIAN_POINT('Ctrl Pts',(76.4192910853062,-70.9666766454541,282.807651616463));
#7597=CARTESIAN_POINT('Ctrl Pts',(91.5881753995169,-49.9141694212196,283.219416322346));
#7598=CARTESIAN_POINT('Ctrl Pts',(101.06957801195,-25.748781489704,283.631181028228));
#7599=CARTESIAN_POINT('Ctrl Pts',(103.22360081495,-8.58405428484433,283.90569083215));
#7600=CARTESIAN_POINT('Ctrl Pts',(103.22360081495,-1.41607503978689E-12,
284.042945734111));
#7601=CARTESIAN_POINT('Ctrl Pts',(104.658762718085,0.,2.24349145539359));
#7602=CARTESIAN_POINT('Ctrl Pts',(104.658762718085,8.70342387540313,2.38074635735437));
#7603=CARTESIAN_POINT('Ctrl Pts',(102.474791614106,26.1067628657751,2.65525616127594));
#7604=CARTESIAN_POINT('Ctrl Pts',(92.8615650029928,50.6081543594843,3.06702086715829));
#7605=CARTESIAN_POINT('Ctrl Pts',(77.4817811976883,71.9533536567915,3.47878557304065));
#7606=CARTESIAN_POINT('Ctrl Pts',(50.6173940367551,94.5255069222071,4.02780518088378));
#7607=CARTESIAN_POINT('Ctrl Pts',(8.05967535365511,108.815705717454,4.71407969068771));
#7608=CARTESIAN_POINT('Ctrl Pts',(-36.1441295702054,100.95076208833,5.40035420049162));
#7609=CARTESIAN_POINT('Ctrl Pts',(-66.0347028682829,82.5811711135305,5.94937380833477));
#7610=CARTESIAN_POINT('Ctrl Pts',(-84.4000327696297,63.7358251616614,6.36113851421711));
#7611=CARTESIAN_POINT('Ctrl Pts',(-97.4999400437114,40.9147379949785,6.77290322009947));
#7612=CARTESIAN_POINT('Ctrl Pts',(-106.988243876504,7.13725928724613,7.3219228279426));
#7613=CARTESIAN_POINT('Ctrl Pts',(-102.456397847109,-37.5295155209473,8.00819733774652));
#7614=CARTESIAN_POINT('Ctrl Pts',(-77.0644598869021,-74.5552479285606,8.69447184755046));
#7615=CARTESIAN_POINT('Ctrl Pts',(-48.0033580729128,-94.2122323903277,9.24349145539358));
#7616=CARTESIAN_POINT('Ctrl Pts',(-23.2619653593382,-103.172073367452,9.65525616127594));
#7617=CARTESIAN_POINT('Ctrl Pts',(2.9304965634977,-105.696168570694,10.0670208671583));
#7618=CARTESIAN_POINT('Ctrl Pts',(37.6150485971463,-100.411759574157,10.6160404750014));
#7619=CARTESIAN_POINT('Ctrl Pts',(76.4387978508359,-77.8645975330074,11.3023149848053));
#7620=CARTESIAN_POINT('Ctrl Pts',(99.699528925856,-39.4641265873504,11.9885894946093));
#7621=CARTESIAN_POINT('Ctrl Pts',(105.623968909267,-4.88314379136775,12.5376091024524));
#7622=CARTESIAN_POINT('Ctrl Pts',(103.584312133451,21.3514824883828,12.9493738083348));
#7623=CARTESIAN_POINT('Ctrl Pts',(95.0831955928187,46.2542299339507,13.3611385142171));
#7624=CARTESIAN_POINT('Ctrl Pts',(75.9665836635882,75.6735858623247,13.9101581220603));
#7625=CARTESIAN_POINT('Ctrl Pts',(39.416391151925,101.745434016912,14.5964326318641));
#7626=CARTESIAN_POINT('Ctrl Pts',(-5.15901763949524,107.101811251396,15.2827071416681));
#7627=CARTESIAN_POINT('Ctrl Pts',(-39.1060561753508,98.2394230024144,15.8317267495112));
#7628=CARTESIAN_POINT('Ctrl Pts',(-62.1653296888313,85.5632358601462,16.2434914553936));
#7629=CARTESIAN_POINT('Ctrl Pts',(-81.3468074595036,67.5497207820975,16.655256161276));
#7630=CARTESIAN_POINT('Ctrl Pts',(-100.265651377252,38.0027971387586,17.2042757691191));
#7631=CARTESIAN_POINT('Ctrl Pts',(-108.945992739523,-6.04614742080594,17.890550278923));
#7632=CARTESIAN_POINT('Ctrl Pts',(-95.444822314624,-48.8640903903595,18.5768247887269));
#7633=CARTESIAN_POINT('Ctrl Pts',(-73.3727100864178,-76.1361496028116,19.1258443965701));
#7634=CARTESIAN_POINT('Ctrl Pts',(-52.3157793875632,-91.9165641924618,19.5376091024524));
#7635=CARTESIAN_POINT('Ctrl Pts',(-27.9954556199128,-101.963338148658,19.9493738083348));
#7636=CARTESIAN_POINT('Ctrl Pts',(6.72376584250999,-107.014972827122,20.4983934161779));
#7637=CARTESIAN_POINT('Ctrl Pts',(50.4327456109206,-96.759099845492,21.1846679259818));
#7638=CARTESIAN_POINT('Ctrl Pts',(83.8735685319084,-66.8029785115663,21.8709424357858));
#7639=CARTESIAN_POINT('Ctrl Pts',(99.6174572489234,-35.4489784485477,22.4199620436289));
#7640=CARTESIAN_POINT('Ctrl Pts',(105.310813954216,-9.75848400971401,22.8317267495113));
#7641=CARTESIAN_POINT('Ctrl Pts',(104.435013431611,16.5407324905947,23.2434914553936));
#7642=CARTESIAN_POINT('Ctrl Pts',(94.7204767315775,50.2538030803364,23.7925110632367));
#7643=CARTESIAN_POINT('Ctrl Pts',(67.3534702196965,85.8445996095781,24.4787855730406));
#7644=CARTESIAN_POINT('Ctrl Pts',(26.2732306079206,103.957350820987,25.1650600828446));
#7645=CARTESIAN_POINT('Ctrl Pts',(-8.78306556801518,105.371370025325,25.7140796906877));
#7646=CARTESIAN_POINT('Ctrl Pts',(-34.5353794771854,99.964509253207,26.1258443965701));
#7647=CARTESIAN_POINT('Ctrl Pts',(-58.1334194880488,88.321987072374,26.5376091024524));
#7648=CARTESIAN_POINT('Ctrl Pts',(-84.8409397913455,65.5700264725885,27.0866287102956));
#7649=CARTESIAN_POINT('Ctrl Pts',(-105.980003508669,25.9619739054379,27.7729032200994));
#7650=CARTESIAN_POINT('Ctrl Pts',(-105.541433775165,-18.9319622062033,28.4591777299034));
#7651=CARTESIAN_POINT('Ctrl Pts',(-92.3739521014028,-51.4521217730986,29.0081973377465));
#7652=CARTESIAN_POINT('Ctrl Pts',(-76.8290501466658,-72.683509817763,29.4199620436289));
#7653=CARTESIAN_POINT('Ctrl Pts',(-56.4916478670953,-89.3809911728783,29.8317267495112));
#7654=CARTESIAN_POINT('Ctrl Pts',(-24.7510817248093,-104.330232386142,30.3807463573544));
#7655=CARTESIAN_POINT('Ctrl Pts',(20.0495777257167,-107.255767517578,31.0670208671583));
#7656=CARTESIAN_POINT('Ctrl Pts',(60.7681233369649,-88.3439223851764,31.7532953769622));
#7657=CARTESIAN_POINT('Ctrl Pts',(84.9650310061058,-62.9381551041777,32.3023149848053));
#7658=CARTESIAN_POINT('Ctrl Pts',(97.8972678641792,-40.0215003541452,32.7140796906877));
#7659=CARTESIAN_POINT('Ctrl Pts',(104.722795253065,-14.6083543279429,33.12584439657));
#7660=CARTESIAN_POINT('Ctrl Pts',(105.253469618421,20.472434383304,33.6748640044132));
#7661=CARTESIAN_POINT('Ctrl Pts',(89.4448634329033,62.4932127373333,34.3611385142171));
#7662=CARTESIAN_POINT('Ctrl Pts',(55.425194657103,91.7903112181066,35.0474130240211));
#7663=CARTESIAN_POINT('Ctrl Pts',(22.3022175019353,103.358013507819,35.5964326318642));
#7664=CARTESIAN_POINT('Ctrl Pts',(-3.90806358779289,105.689746829394,36.0081973377466));
#7665=CARTESIAN_POINT('Ctrl Pts',(-29.8745645451594,101.428685562927,36.4199620436288));
#7666=CARTESIAN_POINT('Ctrl Pts',(-62.052784541598,87.4463570820916,36.968981651472));
#7667=CARTESIAN_POINT('Ctrl Pts',(-93.8158867300128,55.716825374618,37.6552561612759));
#7668=CARTESIAN_POINT('Ctrl Pts',(-106.47798166512,12.6432929578125,38.3415306710798));
#7669=CARTESIAN_POINT('Ctrl Pts',(-103.357951567306,-22.3025045588263,38.890550278923));
#7670=CARTESIAN_POINT('Ctrl Pts',(-94.6742384451471,-47.1421692404912,39.3023149848053));
#7671=CARTESIAN_POINT('Ctrl Pts',(-80.0848644091082,-69.0411642019513,39.7140796906877));
#7672=CARTESIAN_POINT('Ctrl Pts',(-54.0777541732718,-92.5905499490625,40.2630992985308));
#7673=CARTESIAN_POINT('Ctrl Pts',(-12.0737162878294,-108.443582602961,40.9493738083347));
#7674=CARTESIAN_POINT('Ctrl Pts',(32.3885421658619,-102.217394667761,41.6356483181387));
#7675=CARTESIAN_POINT('Ctrl Pts',(62.9383910779454,-84.9648562071734,42.1846679259819));
#7676=CARTESIAN_POINT('Ctrl Pts',(81.9871042375671,-66.8110042179133,42.5964326318641));
#7677=CARTESIAN_POINT('Ctrl Pts',(95.9215640914327,-44.4895651140716,43.0081973377466));
#7678=CARTESIAN_POINT('Ctrl Pts',(106.651391677896,-11.0857606623338,43.5572169455896));
#7679=CARTESIAN_POINT('Ctrl Pts',(103.773233103361,33.7179673770503,44.2434914553937));
#7680=CARTESIAN_POINT('Ctrl Pts',(79.7667417133936,71.6566839361367,44.9297659651974));
#7681=CARTESIAN_POINT('Ctrl Pts',(51.4518652220381,92.3740949994061,45.4787855730407));
#7682=CARTESIAN_POINT('Ctrl Pts',(27.0584376776426,102.242048572556,45.8905502789229));
#7683=CARTESIAN_POINT('Ctrl Pts',(0.977138538947509,105.73227067486,46.3023149848054));
#7684=CARTESIAN_POINT('Ctrl Pts',(-33.8789960782571,101.733116835296,46.8513345926484));
#7685=CARTESIAN_POINT('Ctrl Pts',(-73.5093802218965,80.6359488823499,47.5376091024524));
#7686=CARTESIAN_POINT('Ctrl Pts',(-98.1731819055159,43.1212220471675,48.2238836122563));
#7687=CARTESIAN_POINT('Ctrl Pts',(-105.371394418192,8.78277291929436,48.7729032200995));
#7688=CARTESIAN_POINT('Ctrl Pts',(-104.302539672267,-17.5093050628207,49.1846679259818));
#7689=CARTESIAN_POINT('Ctrl Pts',(-96.7274225905972,-42.7091744332064,49.5964326318642));
#7690=CARTESIAN_POINT('Ctrl Pts',(-78.710955552811,-72.8148261843567,50.1454522397073));
#7691=CARTESIAN_POINT('Ctrl Pts',(-43.1491184471804,-100.21945325133,50.8317267495112));
#7692=CARTESIAN_POINT('Ctrl Pts',(1.19792181711443,-107.219300592826,51.5180012593152));
#7693=CARTESIAN_POINT('Ctrl Pts',(35.4492551167134,-99.6173587958257,52.0670208671583));
#7694=CARTESIAN_POINT('Ctrl Pts',(58.9611846472202,-87.8019034580918,52.4787855730406));
#7695=CARTESIAN_POINT('Ctrl Pts',(78.7951890174538,-70.5094748916044,52.890550278923));
#7696=CARTESIAN_POINT('Ctrl Pts',(98.7929156314752,-41.6818096695291,53.4395698867661));
#7697=CARTESIAN_POINT('Ctrl Pts',(109.095003392146,2.01630048158276,54.1258443965701));
#7698=CARTESIAN_POINT('Ctrl Pts',(97.1852406472615,45.3038898620029,54.812118906374));
#7699=CARTESIAN_POINT('Ctrl Pts',(76.1359458239501,73.372921539752,55.3611385142171));
#7700=CARTESIAN_POINT('Ctrl Pts',(55.676505722213,89.9206442171767,55.7729032200995));
#7701=CARTESIAN_POINT('Ctrl Pts',(31.7440346348022,100.859229259848,56.1846679259818));
#7702=CARTESIAN_POINT('Ctrl Pts',(-2.76481021179982,107.190341266307,56.733687533825));
#7703=CARTESIAN_POINT('Ctrl Pts',(-46.822909259996,98.5565847683171,57.4199620436288));
#7704=CARTESIAN_POINT('Ctrl Pts',(-81.3478177093547,69.8566102113481,58.1062365534328));
#7705=CARTESIAN_POINT('Ctrl Pts',(-98.239531611427,39.1057833389579,58.6552561612759));
#7706=CARTESIAN_POINT('Ctrl Pts',(-104.878302386074,13.6432120295397,59.0670208671583));
#7707=CARTESIAN_POINT('Ctrl Pts',(-104.974895464996,-12.6704058300897,59.4787855730406));
#7708=CARTESIAN_POINT('Ctrl Pts',(-96.5127417165715,-46.7194191171617,60.0278051808838));
#7709=CARTESIAN_POINT('Ctrl Pts',(-70.4795585204123,-83.2971611973184,60.7140796906877));
#7710=CARTESIAN_POINT('Ctrl Pts',(-30.0966675569261,-102.915518937926,61.4003542004916));
#7711=CARTESIAN_POINT('Ctrl Pts',(4.88343714734805,-105.623955158922,61.9493738083348));
#7712=CARTESIAN_POINT('Ctrl Pts',(30.8179553874582,-101.17237355921,62.3611385142171));
#7713=CARTESIAN_POINT('Ctrl Pts',(54.8300880075051,-90.4097854818565,62.7729032200995));
#7714=CARTESIAN_POINT('Ctrl Pts',(82.36008773891,-68.660246022962,63.3219228279427));
#7715=CARTESIAN_POINT('Ctrl Pts',(104.948291677323,-29.8603634736045,64.0081973377465));
#7716=CARTESIAN_POINT('Ctrl Pts',(106.168919713375,15.0191185889689,64.6944718475504));
#7717=CARTESIAN_POINT('Ctrl Pts',(94.2120992940356,48.0036270337654,65.2434914553936));
#7718=CARTESIAN_POINT('Ctrl Pts',(79.4623451947792,69.7949227523997,65.6552561612759));
#7719=CARTESIAN_POINT('Ctrl Pts',(59.7558291099069,87.2324982398973,66.0670208671584));
#7720=CARTESIAN_POINT('Ctrl Pts',(28.5893367428823,103.344391530923,66.6160404750014));
#7721=CARTESIAN_POINT('Ctrl Pts',(-16.072623642064,107.923380238134,67.3023149848052));
#7722=CARTESIAN_POINT('Ctrl Pts',(-57.4621819694541,90.529062071823,67.9885894946093));
#7723=CARTESIAN_POINT('Ctrl Pts',(-82.5813458000965,66.0347574208532,68.5376091024524));
#7724=CARTESIAN_POINT('Ctrl Pts',(-96.3515554721769,43.6116189100994,68.9493738083348));
#7725=CARTESIAN_POINT('Ctrl Pts',(-104.111475286227,18.4680420053505,69.3611385142171));
#7726=CARTESIAN_POINT('Ctrl Pts',(-105.938074975543,-16.5691794235837,69.9101581220602));
#7727=CARTESIAN_POINT('Ctrl Pts',(-91.6929958829521,-59.1454118150612,70.5964326318643));
#7728=CARTESIAN_POINT('Ctrl Pts',(-58.7791322114967,-89.679579909576,71.282707141668));
#7729=CARTESIAN_POINT('Ctrl Pts',(-26.1062200017018,-102.463325824457,71.8317267495112));
#7730=CARTESIAN_POINT('Ctrl Pts',(-4.06612011902654E-13,-105.761975898088,
72.2434914553936));
#7731=CARTESIAN_POINT('Ctrl Pts',(26.1062200017012,-102.463325824457,72.655256161276));
#7732=CARTESIAN_POINT('Ctrl Pts',(58.7791322114959,-89.6795799095764,73.204275769119));
#7733=CARTESIAN_POINT('Ctrl Pts',(91.692995882952,-59.1454118150618,73.890550278923));
#7734=CARTESIAN_POINT('Ctrl Pts',(105.938074975542,-16.5691794235845,74.576824788727));
#7735=CARTESIAN_POINT('Ctrl Pts',(104.111475286227,18.4680420053498,75.12584439657));
#7736=CARTESIAN_POINT('Ctrl Pts',(96.351555472177,43.6116189100987,75.5376091024524));
#7737=CARTESIAN_POINT('Ctrl Pts',(82.581345800097,66.0347574208526,75.9493738083348));
#7738=CARTESIAN_POINT('Ctrl Pts',(57.4621819694547,90.5290620718227,76.4983934161778));
#7739=CARTESIAN_POINT('Ctrl Pts',(16.072623642065,107.923380238134,77.184667925982));
#7740=CARTESIAN_POINT('Ctrl Pts',(-28.5893367428811,103.344391530923,77.8709424357856));
#7741=CARTESIAN_POINT('Ctrl Pts',(-59.7558291099056,87.232498239898,78.4199620436289));
#7742=CARTESIAN_POINT('Ctrl Pts',(-79.4623451947785,69.7949227524008,78.8317267495113));
#7743=CARTESIAN_POINT('Ctrl Pts',(-94.212099294035,48.0036270337662,79.2434914553935));
#7744=CARTESIAN_POINT('Ctrl Pts',(-106.168919713375,15.0191185889697,79.7925110632368));
#7745=CARTESIAN_POINT('Ctrl Pts',(-104.948291677323,-29.8603634736039,80.4787855730405));
#7746=CARTESIAN_POINT('Ctrl Pts',(-82.3600877389107,-68.6602460229613,81.1650600828447));
#7747=CARTESIAN_POINT('Ctrl Pts',(-54.8300880075056,-90.4097854818561,81.7140796906877));
#7748=CARTESIAN_POINT('Ctrl Pts',(-30.817955387459,-101.17237355921,82.12584439657));
#7749=CARTESIAN_POINT('Ctrl Pts',(-4.88343714734865,-105.623955158922,82.5376091024524));
#7750=CARTESIAN_POINT('Ctrl Pts',(30.0966675569253,-102.915518937926,83.0866287102955));
#7751=CARTESIAN_POINT('Ctrl Pts',(70.4795585204119,-83.2971611973191,83.7729032200994));
#7752=CARTESIAN_POINT('Ctrl Pts',(96.512741716571,-46.7194191171622,84.4591777299034));
#7753=CARTESIAN_POINT('Ctrl Pts',(104.974895464996,-12.6704058300905,85.0081973377465));
#7754=CARTESIAN_POINT('Ctrl Pts',(104.878302386074,13.643212029539,85.419962043629));
#7755=CARTESIAN_POINT('Ctrl Pts',(98.2395316114272,39.1057833389573,85.8317267495112));
#7756=CARTESIAN_POINT('Ctrl Pts',(81.3478177093551,69.8566102113474,86.3807463573544));
#7757=CARTESIAN_POINT('Ctrl Pts',(46.8229092599967,98.5565847683169,87.0670208671583));
#7758=CARTESIAN_POINT('Ctrl Pts',(2.7648102118005,107.190341266307,87.7532953769622));
#7759=CARTESIAN_POINT('Ctrl Pts',(-31.7440346348015,100.859229259848,88.3023149848054));
#7760=CARTESIAN_POINT('Ctrl Pts',(-55.6765057222126,89.920644217177,88.7140796906877));
#7761=CARTESIAN_POINT('Ctrl Pts',(-76.1359458239493,73.3729215397527,89.12584439657));
#7762=CARTESIAN_POINT('Ctrl Pts',(-97.1852406472616,45.3038898620034,89.6748640044134));
#7763=CARTESIAN_POINT('Ctrl Pts',(-109.095003392145,2.01630048158344,90.3611385142169));
#7764=CARTESIAN_POINT('Ctrl Pts',(-98.7929156314756,-41.6818096695286,91.0474130240212));
#7765=CARTESIAN_POINT('Ctrl Pts',(-78.795189017454,-70.509474891604,91.596432631864));
#7766=CARTESIAN_POINT('Ctrl Pts',(-58.961184647221,-87.8019034580914,92.0081973377467));
#7767=CARTESIAN_POINT('Ctrl Pts',(-35.4492551167139,-99.6173587958253,92.4199620436288));
#7768=CARTESIAN_POINT('Ctrl Pts',(-1.19792181711533,-107.219300592826,92.968981651472));
#7769=CARTESIAN_POINT('Ctrl Pts',(43.1491184471799,-100.21945325133,93.655256161276));
#7770=CARTESIAN_POINT('Ctrl Pts',(78.7109555528103,-72.8148261843573,94.3415306710799));
#7771=CARTESIAN_POINT('Ctrl Pts',(96.727422590597,-42.7091744332071,94.8905502789229));
#7772=CARTESIAN_POINT('Ctrl Pts',(104.302539672267,-17.5093050628214,95.3023149848055));
#7773=CARTESIAN_POINT('Ctrl Pts',(105.371394418192,8.78277291929361,95.7140796906876));
#7774=CARTESIAN_POINT('Ctrl Pts',(98.1731819055161,43.1212220471669,96.263099298531));
#7775=CARTESIAN_POINT('Ctrl Pts',(73.509380221897,80.6359488823493,96.9493738083345));
#7776=CARTESIAN_POINT('Ctrl Pts',(33.8789960782578,101.733116835296,97.6356483181389));
#7777=CARTESIAN_POINT('Ctrl Pts',(-0.977138538946758,105.732270674859,98.1846679259817));
#7778=CARTESIAN_POINT('Ctrl Pts',(-27.0584376776419,102.242048572556,98.5964326318644));
#7779=CARTESIAN_POINT('Ctrl Pts',(-51.4518652220373,92.3740949994064,99.0081973377463));
#7780=CARTESIAN_POINT('Ctrl Pts',(-79.766741713393,71.6566839361375,99.5572169455898));
#7781=CARTESIAN_POINT('Ctrl Pts',(-103.77323310336,33.7179673770513,100.243491455393));
#7782=CARTESIAN_POINT('Ctrl Pts',(-106.651391677897,-11.0857606623326,100.929765965197));
#7783=CARTESIAN_POINT('Ctrl Pts',(-95.9215640914332,-44.4895651140706,101.478785573041));
#7784=CARTESIAN_POINT('Ctrl Pts',(-81.9871042375677,-66.8110042179127,101.890550278923));
#7785=CARTESIAN_POINT('Ctrl Pts',(-62.9383910779459,-84.964856207173,102.302314984805));
#7786=CARTESIAN_POINT('Ctrl Pts',(-32.3885421658624,-102.217394667761,102.851334592648));
#7787=CARTESIAN_POINT('Ctrl Pts',(12.0737162878288,-108.443582602961,103.537609102452));
#7788=CARTESIAN_POINT('Ctrl Pts',(54.0777541732711,-92.5905499490628,104.223883612256));
#7789=CARTESIAN_POINT('Ctrl Pts',(80.0848644091078,-69.041164201952,104.772903220099));
#7790=CARTESIAN_POINT('Ctrl Pts',(94.6742384451468,-47.1421692404918,105.184667925982));
#7791=CARTESIAN_POINT('Ctrl Pts',(103.357951567306,-22.3025045588271,105.596432631864));
#7792=CARTESIAN_POINT('Ctrl Pts',(106.47798166512,12.6432929578118,106.145452239707));
#7793=CARTESIAN_POINT('Ctrl Pts',(93.8158867300133,55.7168253746173,106.831726749511));
#7794=CARTESIAN_POINT('Ctrl Pts',(62.0527845415985,87.4463570820912,107.518001259315));
#7795=CARTESIAN_POINT('Ctrl Pts',(29.8745645451599,101.428685562927,108.067020867158));
#7796=CARTESIAN_POINT('Ctrl Pts',(3.90806358779282,105.689746829394,108.478785573041));
#7797=CARTESIAN_POINT('Ctrl Pts',(-22.3022175019355,103.358013507819,108.890550278923));
#7798=CARTESIAN_POINT('Ctrl Pts',(-55.4251946571034,91.7903112181064,109.439569886766));
#7799=CARTESIAN_POINT('Ctrl Pts',(-89.444863432903,62.4932127373334,110.12584439657));
#7800=CARTESIAN_POINT('Ctrl Pts',(-105.253469618421,20.4724343833045,110.812118906374));
#7801=CARTESIAN_POINT('Ctrl Pts',(-104.722795253065,-14.6083543279423,111.361138514217));
#7802=CARTESIAN_POINT('Ctrl Pts',(-97.8972678641794,-40.0215003541448,111.7729032201));
#7803=CARTESIAN_POINT('Ctrl Pts',(-84.9650310061059,-62.9381551041777,112.184667925982));
#7804=CARTESIAN_POINT('Ctrl Pts',(-60.768123336965,-88.3439223851761,112.733687533825));
#7805=CARTESIAN_POINT('Ctrl Pts',(-20.049577725717,-107.255767517578,113.419962043629));
#7806=CARTESIAN_POINT('Ctrl Pts',(24.7510817248086,-104.330232386142,114.106236553433));
#7807=CARTESIAN_POINT('Ctrl Pts',(56.4916478670948,-89.3809911728788,114.655256161276));
#7808=CARTESIAN_POINT('Ctrl Pts',(76.8290501466654,-72.6835098177631,115.067020867158));
#7809=CARTESIAN_POINT('Ctrl Pts',(92.3739521014031,-51.4521217730988,115.478785573041));
#7810=CARTESIAN_POINT('Ctrl Pts',(105.541433775165,-18.9319622062035,116.027805180884));
#7811=CARTESIAN_POINT('Ctrl Pts',(105.98000350867,25.9619739054372,116.714079690688));
#7812=CARTESIAN_POINT('Ctrl Pts',(84.8409397913458,65.5700264725878,117.400354200492));
#7813=CARTESIAN_POINT('Ctrl Pts',(58.1334194880497,88.3219870723734,117.949373808335));
#7814=CARTESIAN_POINT('Ctrl Pts',(34.5353794771861,99.9645092532068,118.361138514217));
#7815=CARTESIAN_POINT('Ctrl Pts',(8.78306556801567,105.371370025325,118.772903220099));
#7816=CARTESIAN_POINT('Ctrl Pts',(-26.2732306079201,103.957350820986,119.321922827943));
#7817=CARTESIAN_POINT('Ctrl Pts',(-67.3534702196959,85.8445996095788,120.008197337747));
#7818=CARTESIAN_POINT('Ctrl Pts',(-94.720476731577,50.2538030803372,120.69447184755));
#7819=CARTESIAN_POINT('Ctrl Pts',(-104.435013431611,16.540732490596,121.243491455394));
#7820=CARTESIAN_POINT('Ctrl Pts',(-105.310813954216,-9.7584840097133,121.655256161276));
#7821=CARTESIAN_POINT('Ctrl Pts',(-99.6174572489235,-35.4489784485467,122.067020867158));
#7822=CARTESIAN_POINT('Ctrl Pts',(-83.873568531909,-66.8029785115663,122.616040475001));
#7823=CARTESIAN_POINT('Ctrl Pts',(-50.4327456109208,-96.7590998454901,123.302314984805));
#7824=CARTESIAN_POINT('Ctrl Pts',(-6.72376584251277,-107.014972827124,123.988589494609));
#7825=CARTESIAN_POINT('Ctrl Pts',(27.9954556199134,-101.963338148656,124.537609102452));
#7826=CARTESIAN_POINT('Ctrl Pts',(52.3157793875579,-91.9165641924686,124.949373808335));
#7827=CARTESIAN_POINT('Ctrl Pts',(73.3727100864254,-76.1361496028008,125.361138514217));
#7828=CARTESIAN_POINT('Ctrl Pts',(95.4448223146057,-48.8640903903852,125.91015812206));
#7829=CARTESIAN_POINT('Ctrl Pts',(108.945992739563,-6.04614742075266,126.596432631864));
#7830=CARTESIAN_POINT('Ctrl Pts',(100.265651377193,38.0027971386742,127.282707141668));
#7831=CARTESIAN_POINT('Ctrl Pts',(81.3468074595845,67.5497207822079,127.831726749511));
#7832=CARTESIAN_POINT('Ctrl Pts',(62.1653296886604,85.5632358599051,128.243491455394));
#7833=CARTESIAN_POINT('Ctrl Pts',(39.1060561756687,98.2394230028569,128.655256161276));
#7834=CARTESIAN_POINT('Ctrl Pts',(5.15901763880329,107.101811250427,129.204275769119));
#7835=CARTESIAN_POINT('Ctrl Pts',(-39.4163911504081,101.745434019031,129.890550278923));
#7836=CARTESIAN_POINT('Ctrl Pts',(-75.9665836658954,75.6735858590997,130.576824788727));
#7837=CARTESIAN_POINT('Ctrl Pts',(-95.0831955897146,46.2542299382892,131.12584439657));
#7838=CARTESIAN_POINT('Ctrl Pts',(-103.584312140133,21.351482479046,131.537609102453));
#7839=CARTESIAN_POINT('Ctrl Pts',(-105.623968896949,-4.8831437741531,131.949373808335));
#7840=CARTESIAN_POINT('Ctrl Pts',(-99.6995289527923,-39.4641266249921,132.498393416178));
#7841=CARTESIAN_POINT('Ctrl Pts',(-76.4387977919358,-77.8645974506971,133.184667925982));
#7842=CARTESIAN_POINT('Ctrl Pts',(-37.615048686869,-100.41175969954,133.870942435786));
#7843=CARTESIAN_POINT('Ctrl Pts',(-2.93049644288141,-105.696168402138,134.419962043629));
#7844=CARTESIAN_POINT('Ctrl Pts',(23.2619650996262,-103.172073730387,134.831726749511));
#7845=CARTESIAN_POINT('Ctrl Pts',(48.0033585516651,-94.2122317212929,135.243491455394));
#7846=CARTESIAN_POINT('Ctrl Pts',(77.0644588400015,-74.5552493915563,135.792511063236));
#7847=CARTESIAN_POINT('Ctrl Pts',(102.456400136324,-37.5295123218753,136.478785573041));
#7848=CARTESIAN_POINT('Ctrl Pts',(106.988240389337,7.13725441408975,137.165060082844));
#7849=CARTESIAN_POINT('Ctrl Pts',(97.499944731588,40.9147445460696,137.714079690688));
#7850=CARTESIAN_POINT('Ctrl Pts',(84.4000226756258,63.7358110557894,138.12584439657));
#7851=CARTESIAN_POINT('Ctrl Pts',(66.0347214758197,82.5811971163567,138.537609102452));
#7852=CARTESIAN_POINT('Ctrl Pts',(36.1440888778148,100.950705226572,139.086628710295));
#7853=CARTESIAN_POINT('Ctrl Pts',(-8.05958634035788,108.815830063292,139.7729032201));
#7854=CARTESIAN_POINT('Ctrl Pts',(-50.617529778121,94.525317467617,140.459177729903));
#7855=CARTESIAN_POINT('Ctrl Pts',(-77.4815976672643,71.9536086175584,141.008197337746));
#7856=CARTESIAN_POINT('Ctrl Pts',(-92.8619741061965,50.6076017545053,141.419962043629));
#7857=CARTESIAN_POINT('Ctrl Pts',(-102.473920391396,26.107812466772,141.831726749511));
#7858=CARTESIAN_POINT('Ctrl Pts',(-105.752896035315,8.28797974185911E-13,
142.243491455394));
#7859=CARTESIAN_POINT('Ctrl Pts',(-102.473920391396,-26.1078124667708,142.655256161276));
#7860=CARTESIAN_POINT('Ctrl Pts',(-92.8619741061971,-50.6076017545038,143.067020867158));
#7861=CARTESIAN_POINT('Ctrl Pts',(-77.4815976672654,-71.9536086175576,143.478785573041));
#7862=CARTESIAN_POINT('Ctrl Pts',(-50.6175297781222,-94.5253174676161,144.027805180884));
#7863=CARTESIAN_POINT('Ctrl Pts',(-8.05958634035942,-108.815830063292,144.714079690688));
#7864=CARTESIAN_POINT('Ctrl Pts',(36.1440888778134,-100.950705226572,145.400354200492));
#7865=CARTESIAN_POINT('Ctrl Pts',(66.0347214758186,-82.5811971163577,145.949373808335));
#7866=CARTESIAN_POINT('Ctrl Pts',(84.400022675625,-63.7358110557905,146.361138514217));
#7867=CARTESIAN_POINT('Ctrl Pts',(97.4999447315874,-40.914744546071,146.772903220099));
#7868=CARTESIAN_POINT('Ctrl Pts',(106.988240389337,-7.13725441409119,147.321922827943));
#7869=CARTESIAN_POINT('Ctrl Pts',(102.456400136324,37.5295123218738,148.008197337746));
#7870=CARTESIAN_POINT('Ctrl Pts',(77.0644588400027,74.5552493915553,148.694471847551));
#7871=CARTESIAN_POINT('Ctrl Pts',(48.0033585516663,94.2122317212923,149.243491455393));
#7872=CARTESIAN_POINT('Ctrl Pts',(23.2619650996276,103.172073730387,149.655256161276));
#7873=CARTESIAN_POINT('Ctrl Pts',(-2.93049644287999,105.696168402139,150.067020867158));
#7874=CARTESIAN_POINT('Ctrl Pts',(-37.6150486868676,100.411759699541,150.616040475001));
#7875=CARTESIAN_POINT('Ctrl Pts',(-76.4387977919348,77.8645974506981,151.302314984805));
#7876=CARTESIAN_POINT('Ctrl Pts',(-99.6995289527918,39.4641266249935,151.988589494609));
#7877=CARTESIAN_POINT('Ctrl Pts',(-105.623968896948,4.88314377415508,152.537609102452));
#7878=CARTESIAN_POINT('Ctrl Pts',(-103.584312140134,-21.3514824790432,152.949373808335));
#7879=CARTESIAN_POINT('Ctrl Pts',(-95.0831955897161,-46.254229938286,153.361138514217));
#7880=CARTESIAN_POINT('Ctrl Pts',(-75.9665836658976,-75.6735858590978,153.91015812206));
#7881=CARTESIAN_POINT('Ctrl Pts',(-39.4163911504101,-101.74543401903,154.596432631864));
#7882=CARTESIAN_POINT('Ctrl Pts',(5.15901763880194,-107.101811250428,155.282707141668));
#7883=CARTESIAN_POINT('Ctrl Pts',(39.1060561756673,-98.2394230028573,155.831726749511));
#7884=CARTESIAN_POINT('Ctrl Pts',(62.1653296886593,-85.5632358599062,156.243491455394));
#7885=CARTESIAN_POINT('Ctrl Pts',(81.3468074595835,-67.5497207822089,156.655256161276));
#7886=CARTESIAN_POINT('Ctrl Pts',(100.265651377193,-38.0027971386756,157.204275769119));
#7887=CARTESIAN_POINT('Ctrl Pts',(108.945992739563,6.04614742075122,157.890550278923));
#7888=CARTESIAN_POINT('Ctrl Pts',(95.4448223146065,48.8640903903838,158.576824788727));
#7889=CARTESIAN_POINT('Ctrl Pts',(73.3727100864263,76.1361496027998,159.12584439657));
#7890=CARTESIAN_POINT('Ctrl Pts',(52.3157793875592,91.9165641924678,159.537609102453));
#7891=CARTESIAN_POINT('Ctrl Pts',(27.9954556199148,101.963338148655,159.949373808335));
#7892=CARTESIAN_POINT('Ctrl Pts',(-6.7237658425113,107.014972827124,160.498393416178));
#7893=CARTESIAN_POINT('Ctrl Pts',(-50.4327456109194,96.7590998454909,161.184667925982));
#7894=CARTESIAN_POINT('Ctrl Pts',(-83.8735685319082,66.8029785115674,161.870942435786));
#7895=CARTESIAN_POINT('Ctrl Pts',(-99.617457248923,35.4489784485481,162.419962043629));
#7896=CARTESIAN_POINT('Ctrl Pts',(-105.310813954216,9.75848400971469,162.831726749511));
#7897=CARTESIAN_POINT('Ctrl Pts',(-104.435013431611,-16.5407324905945,163.243491455394));
#7898=CARTESIAN_POINT('Ctrl Pts',(-94.7204767315775,-50.2538030803361,163.792511063237));
#7899=CARTESIAN_POINT('Ctrl Pts',(-67.3534702196972,-85.8445996095776,164.47878557304));
#7900=CARTESIAN_POINT('Ctrl Pts',(-26.2732306079214,-103.957350820986,165.165060082845));
#7901=CARTESIAN_POINT('Ctrl Pts',(8.7830655680142,-105.371370025325,165.714079690687));
#7902=CARTESIAN_POINT('Ctrl Pts',(34.5353794771847,-99.9645092532073,166.12584439657));
#7903=CARTESIAN_POINT('Ctrl Pts',(58.1334194880485,-88.3219870723743,166.537609102452));
#7904=CARTESIAN_POINT('Ctrl Pts',(84.8409397913449,-65.5700264725887,167.086628710296));
#7905=CARTESIAN_POINT('Ctrl Pts',(105.98000350867,-25.9619739054388,167.772903220099));
#7906=CARTESIAN_POINT('Ctrl Pts',(105.541433775165,18.9319622062022,168.459177729903));
#7907=CARTESIAN_POINT('Ctrl Pts',(92.3739521014036,51.4521217730974,169.008197337747));
#7908=CARTESIAN_POINT('Ctrl Pts',(76.8290501466665,72.6835098177622,169.419962043629));
#7909=CARTESIAN_POINT('Ctrl Pts',(56.491647867096,89.3809911728779,169.831726749511));
#7910=CARTESIAN_POINT('Ctrl Pts',(24.7510817248101,104.330232386142,170.380746357355));
#7911=CARTESIAN_POINT('Ctrl Pts',(-20.0495777257155,107.255767517578,171.067020867158));
#7912=CARTESIAN_POINT('Ctrl Pts',(-60.7681233369639,88.3439223851769,171.753295376962));
#7913=CARTESIAN_POINT('Ctrl Pts',(-84.965031006105,62.9381551041789,172.302314984805));
#7914=CARTESIAN_POINT('Ctrl Pts',(-97.897267864179,40.0215003541462,172.714079690688));
#7915=CARTESIAN_POINT('Ctrl Pts',(-104.722795253065,14.6083543279437,173.12584439657));
#7916=CARTESIAN_POINT('Ctrl Pts',(-105.253469618422,-20.4724343833029,173.674864004413));
#7917=CARTESIAN_POINT('Ctrl Pts',(-89.4448634329038,-62.4932127373323,174.361138514217));
#7918=CARTESIAN_POINT('Ctrl Pts',(-55.4251946571047,-91.7903112181055,175.047413024021));
#7919=CARTESIAN_POINT('Ctrl Pts',(-22.302217501937,-103.358013507818,175.596432631864));
#7920=CARTESIAN_POINT('Ctrl Pts',(3.90806358779141,-105.689746829394,176.008197337746));
#7921=CARTESIAN_POINT('Ctrl Pts',(29.8745645451582,-101.428685562928,176.419962043629));
#7922=CARTESIAN_POINT('Ctrl Pts',(62.052784541597,-87.4463570820922,176.968981651472));
#7923=CARTESIAN_POINT('Ctrl Pts',(93.8158867300122,-55.716825374619,177.655256161276));
#7924=CARTESIAN_POINT('Ctrl Pts',(106.47798166512,-12.6432929578127,178.34153067108));
#7925=CARTESIAN_POINT('Ctrl Pts',(103.357951567306,22.3025045588266,178.890550278923));
#7926=CARTESIAN_POINT('Ctrl Pts',(94.6742384451472,47.1421692404912,179.302314984805));
#7927=CARTESIAN_POINT('Ctrl Pts',(80.0848644091083,69.0411642019512,179.714079690688));
#7928=CARTESIAN_POINT('Ctrl Pts',(54.0777541732721,92.5905499490623,180.263099298531));
#7929=CARTESIAN_POINT('Ctrl Pts',(12.0737162878294,108.443582602961,180.949373808335));
#7930=CARTESIAN_POINT('Ctrl Pts',(-32.3885421658618,102.217394667761,181.635648318139));
#7931=CARTESIAN_POINT('Ctrl Pts',(-62.9383910779454,84.9648562071735,182.184667925982));
#7932=CARTESIAN_POINT('Ctrl Pts',(-81.9871042375667,66.8110042179134,182.596432631865));
#7933=CARTESIAN_POINT('Ctrl Pts',(-95.9215640914325,44.4895651140722,183.008197337746));
#7934=CARTESIAN_POINT('Ctrl Pts',(-106.651391677896,11.0857606623343,183.55721694559));
#7935=CARTESIAN_POINT('Ctrl Pts',(-103.773233103361,-33.7179673770498,184.243491455393));
#7936=CARTESIAN_POINT('Ctrl Pts',(-79.7667417133937,-71.6566839361366,184.929765965198));
#7937=CARTESIAN_POINT('Ctrl Pts',(-51.4518652220384,-92.3740949994058,185.478785573041));
#7938=CARTESIAN_POINT('Ctrl Pts',(-27.0584376776432,-102.242048572555,185.890550278923));
#7939=CARTESIAN_POINT('Ctrl Pts',(-0.977138538948481,-105.73227067486,186.302314984805));
#7940=CARTESIAN_POINT('Ctrl Pts',(33.8789960782561,-101.733116835297,186.851334592648));
#7941=CARTESIAN_POINT('Ctrl Pts',(73.5093802218959,-80.6359488823504,187.537609102452));
#7942=CARTESIAN_POINT('Ctrl Pts',(98.1731819055157,-43.121222047168,188.223883612256));
#7943=CARTESIAN_POINT('Ctrl Pts',(105.371394418192,-8.78277291929482,188.7729032201));
#7944=CARTESIAN_POINT('Ctrl Pts',(104.302539672267,17.50930506282,189.184667925982));
#7945=CARTESIAN_POINT('Ctrl Pts',(96.7274225905979,42.7091744332056,189.596432631864));
#7946=CARTESIAN_POINT('Ctrl Pts',(78.7109555528114,72.8148261843559,190.145452239707));
#7947=CARTESIAN_POINT('Ctrl Pts',(43.1491184471814,100.219453251329,190.831726749512));
#7948=CARTESIAN_POINT('Ctrl Pts',(-1.19792181711416,107.219300592826,191.518001259315));
#7949=CARTESIAN_POINT('Ctrl Pts',(-35.4492551167128,99.6173587958256,192.067020867159));
#7950=CARTESIAN_POINT('Ctrl Pts',(-58.9611846472197,87.8019034580923,192.47878557304));
#7951=CARTESIAN_POINT('Ctrl Pts',(-78.795189017453,70.5094748916052,192.890550278923));
#7952=CARTESIAN_POINT('Ctrl Pts',(-98.7929156314747,41.6818096695303,193.439569886766));
#7953=CARTESIAN_POINT('Ctrl Pts',(-109.095003392146,-2.01630048158166,194.12584439657));
#7954=CARTESIAN_POINT('Ctrl Pts',(-97.185240647262,-45.303889862002,194.812118906374));
#7955=CARTESIAN_POINT('Ctrl Pts',(-76.1359458239508,-73.3729215397511,195.361138514217));
#7956=CARTESIAN_POINT('Ctrl Pts',(-55.6765057222143,-89.920644217176,195.7729032201));
#7957=CARTESIAN_POINT('Ctrl Pts',(-31.7440346348039,-100.859229259847,196.184667925982));
#7958=CARTESIAN_POINT('Ctrl Pts',(2.76481021179804,-107.190341266307,196.733687533825));
#7959=CARTESIAN_POINT('Ctrl Pts',(46.8229092599947,-98.5565847683176,197.419962043629));
#7960=CARTESIAN_POINT('Ctrl Pts',(81.3478177093539,-69.8566102113491,198.106236553433));
#7961=CARTESIAN_POINT('Ctrl Pts',(98.2395316114265,-39.105783338959,198.655256161276));
#7962=CARTESIAN_POINT('Ctrl Pts',(104.878302386073,-13.6432120295412,199.067020867158));
#7963=CARTESIAN_POINT('Ctrl Pts',(104.974895464996,12.6704058300879,199.478785573041));
#7964=CARTESIAN_POINT('Ctrl Pts',(96.5127417165721,46.7194191171606,200.027805180884));
#7965=CARTESIAN_POINT('Ctrl Pts',(70.4795585204127,83.2971611973182,200.714079690688));
#7966=CARTESIAN_POINT('Ctrl Pts',(30.0966675569263,102.915518937925,201.400354200491));
#7967=CARTESIAN_POINT('Ctrl Pts',(-4.88343714734777,105.623955158922,201.949373808335));
#7968=CARTESIAN_POINT('Ctrl Pts',(-30.8179553874583,101.17237355921,202.361138514217));
#7969=CARTESIAN_POINT('Ctrl Pts',(-54.8300880075053,90.4097854818565,202.772903220099));
#7970=CARTESIAN_POINT('Ctrl Pts',(-82.3600877389102,68.6602460229616,203.321922827943));
#7971=CARTESIAN_POINT('Ctrl Pts',(-104.948291677323,29.8603634736046,204.008197337746));
#7972=CARTESIAN_POINT('Ctrl Pts',(-106.168919713375,-15.0191185889687,204.694471847551));
#7973=CARTESIAN_POINT('Ctrl Pts',(-94.2120992940357,-48.0036270337651,205.243491455394));
#7974=CARTESIAN_POINT('Ctrl Pts',(-79.4623451947792,-69.7949227523998,205.655256161276));
#7975=CARTESIAN_POINT('Ctrl Pts',(-59.7558291099067,-87.2324982398974,206.067020867158));
#7976=CARTESIAN_POINT('Ctrl Pts',(-28.5893367428822,-103.344391530923,206.616040475001));
#7977=CARTESIAN_POINT('Ctrl Pts',(16.0726236420634,-107.923380238134,207.302314984806));
#7978=CARTESIAN_POINT('Ctrl Pts',(57.4621819694533,-90.5290620718234,207.988589494609));
#7979=CARTESIAN_POINT('Ctrl Pts',(82.5813458000958,-66.0347574208541,208.537609102453));
#7980=CARTESIAN_POINT('Ctrl Pts',(96.3515554721767,-43.6116189101,208.949373808335));
#7981=CARTESIAN_POINT('Ctrl Pts',(104.111475286227,-18.468042005351,209.361138514217));
#7982=CARTESIAN_POINT('Ctrl Pts',(105.938074975543,16.5691794235832,209.91015812206));
#7983=CARTESIAN_POINT('Ctrl Pts',(91.6929958829526,59.1454118150607,210.596432631864));
#7984=CARTESIAN_POINT('Ctrl Pts',(58.7791322114974,89.6795799095754,211.282707141668));
#7985=CARTESIAN_POINT('Ctrl Pts',(26.1062200017028,102.463325824457,211.831726749511));
#7986=CARTESIAN_POINT('Ctrl Pts',(1.10024426750131E-12,105.761975898088,
212.243491455394));
#7987=CARTESIAN_POINT('Ctrl Pts',(-26.1062200017007,102.463325824457,212.655256161276));
#7988=CARTESIAN_POINT('Ctrl Pts',(-58.7791322114956,89.6795799095767,213.204275769119));
#7989=CARTESIAN_POINT('Ctrl Pts',(-91.6929958829518,59.1454118150622,213.890550278923));
#7990=CARTESIAN_POINT('Ctrl Pts',(-105.938074975543,16.5691794235839,214.576824788727));
#7991=CARTESIAN_POINT('Ctrl Pts',(-104.111475286227,-18.4680420053514,215.12584439657));
#7992=CARTESIAN_POINT('Ctrl Pts',(-96.3515554721762,-43.6116189101008,215.537609102452));
#7993=CARTESIAN_POINT('Ctrl Pts',(-82.5813458000958,-66.0347574208542,215.949373808335));
#7994=CARTESIAN_POINT('Ctrl Pts',(-57.4621819694536,-90.5290620718229,216.498393416178));
#7995=CARTESIAN_POINT('Ctrl Pts',(-16.0726236420648,-107.923380238134,217.184667925982));
#7996=CARTESIAN_POINT('Ctrl Pts',(28.5893367428817,-103.344391530923,217.870942435785));
#7997=CARTESIAN_POINT('Ctrl Pts',(59.7558291099069,-87.2324982398973,218.419962043629));
#7998=CARTESIAN_POINT('Ctrl Pts',(79.4623451947798,-69.7949227523991,218.831726749511));
#7999=CARTESIAN_POINT('Ctrl Pts',(94.2120992940358,-48.0036270337648,219.243491455394));
#8000=CARTESIAN_POINT('Ctrl Pts',(106.168919713375,-15.0191185889694,219.792511063236));
#8001=CARTESIAN_POINT('Ctrl Pts',(104.948291677324,29.8603634736034,220.478785573041));
#8002=CARTESIAN_POINT('Ctrl Pts',(82.3600877389108,68.6602460229612,221.165060082844));
#8003=CARTESIAN_POINT('Ctrl Pts',(54.8300880075051,90.4097854818566,221.714079690688));
#8004=CARTESIAN_POINT('Ctrl Pts',(30.8179553874575,101.17237355921,222.12584439657));
#8005=CARTESIAN_POINT('Ctrl Pts',(4.88343714734742,105.623955158922,222.537609102453));
#8006=CARTESIAN_POINT('Ctrl Pts',(-30.0966675569255,102.915518937925,223.086628710295));
#8007=CARTESIAN_POINT('Ctrl Pts',(-70.4795585204115,83.2971611973193,223.7729032201));
#8008=CARTESIAN_POINT('Ctrl Pts',(-96.5127417165711,46.7194191171625,224.459177729903));
#8009=CARTESIAN_POINT('Ctrl Pts',(-104.974895464996,12.6704058300897,225.008197337747));
#8010=CARTESIAN_POINT('Ctrl Pts',(-104.878302386074,-13.6432120295405,225.419962043628));
#8011=CARTESIAN_POINT('Ctrl Pts',(-98.2395316114266,-39.1057833389584,225.831726749512));
#8012=CARTESIAN_POINT('Ctrl Pts',(-81.3478177093548,-69.8566102113475,226.380746357354));
#8013=CARTESIAN_POINT('Ctrl Pts',(-46.8229092599972,-98.5565847683166,227.067020867159));
#8014=CARTESIAN_POINT('Ctrl Pts',(-2.76481021180075,-107.190341266307,227.753295376962));
#8015=CARTESIAN_POINT('Ctrl Pts',(31.7440346348023,-100.859229259848,228.302314984806));
#8016=CARTESIAN_POINT('Ctrl Pts',(55.6765057222138,-89.9206442171761,228.714079690688));
#8017=CARTESIAN_POINT('Ctrl Pts',(76.1359458239503,-73.3729215397519,229.12584439657));
#8018=CARTESIAN_POINT('Ctrl Pts',(97.1852406472611,-45.3038898620032,229.674864004413));
#8019=CARTESIAN_POINT('Ctrl Pts',(109.095003392146,-2.01630048158455,230.361138514217));
#8020=CARTESIAN_POINT('Ctrl Pts',(98.7929156314759,41.6818096695279,231.047413024021));
#8021=CARTESIAN_POINT('Ctrl Pts',(78.7951890174542,70.509474891604,231.596432631865));
#8022=CARTESIAN_POINT('Ctrl Pts',(58.9611846472203,87.801903458092,232.008197337746));
#8023=CARTESIAN_POINT('Ctrl Pts',(35.4492551167135,99.6173587958254,232.419962043629));
#8024=CARTESIAN_POINT('Ctrl Pts',(1.19792181711576,107.219300592826,232.968981651472));
#8025=CARTESIAN_POINT('Ctrl Pts',(-43.1491184471787,100.219453251331,233.655256161277));
#8026=CARTESIAN_POINT('Ctrl Pts',(-78.7109555528098,72.814826184358,234.341530671079));
#8027=CARTESIAN_POINT('Ctrl Pts',(-96.727422590597,42.7091744332071,234.890550278924));
#8028=CARTESIAN_POINT('Ctrl Pts',(-104.302539672267,17.5093050628207,235.302314984805));
#8029=CARTESIAN_POINT('Ctrl Pts',(-105.371394418192,-8.78277291929418,235.714079690688));
#8030=CARTESIAN_POINT('Ctrl Pts',(-98.1731819055164,-43.1212220471663,236.263099298531));
#8031=CARTESIAN_POINT('Ctrl Pts',(-73.5093802218978,-80.6359488823486,236.949373808335));
#8032=CARTESIAN_POINT('Ctrl Pts',(-33.8789960782588,-101.733116835296,237.635648318139));
#8033=CARTESIAN_POINT('Ctrl Pts',(0.977138538946816,-105.73227067486,238.184667925982));
#8034=CARTESIAN_POINT('Ctrl Pts',(27.0584376776426,-102.242048572556,238.596432631864));
#8035=CARTESIAN_POINT('Ctrl Pts',(51.4518652220378,-92.3740949994062,239.008197337747));
#8036=CARTESIAN_POINT('Ctrl Pts',(79.7667417133925,-71.6566839361375,239.55721694559));
#8037=CARTESIAN_POINT('Ctrl Pts',(103.77323310336,-33.7179673770526,240.243491455394));
#8038=CARTESIAN_POINT('Ctrl Pts',(106.651391677897,11.0857606623317,240.929765965197));
#8039=CARTESIAN_POINT('Ctrl Pts',(95.9215640914332,44.4895651140707,241.478785573041));
#8040=CARTESIAN_POINT('Ctrl Pts',(81.9871042375674,66.811004217913,241.890550278923));
#8041=CARTESIAN_POINT('Ctrl Pts',(62.9383910779458,84.9648562071731,242.302314984806));
#8042=CARTESIAN_POINT('Ctrl Pts',(32.3885421658635,102.21739466776,242.851334592648));
#8043=CARTESIAN_POINT('Ctrl Pts',(-12.0737162878267,108.443582602962,243.537609102453));
#8044=CARTESIAN_POINT('Ctrl Pts',(-54.0777541732697,92.5905499490636,244.223883612255));
#8045=CARTESIAN_POINT('Ctrl Pts',(-80.0848644091073,69.0411642019526,244.7729032201));
#8046=CARTESIAN_POINT('Ctrl Pts',(-94.674238445147,47.1421692404918,245.184667925982));
#8047=CARTESIAN_POINT('Ctrl Pts',(-103.357951567306,22.3025045588272,245.596432631864));
#8048=CARTESIAN_POINT('Ctrl Pts',(-106.47798166512,-12.6432929578105,246.145452239707));
#8049=CARTESIAN_POINT('Ctrl Pts',(-93.8158867300144,-55.7168253746157,246.831726749512));
#8050=CARTESIAN_POINT('Ctrl Pts',(-62.0527845415999,-87.4463570820902,247.518001259315));
#8051=CARTESIAN_POINT('Ctrl Pts',(-29.8745645451609,-101.428685562927,248.067020867158));
#8052=CARTESIAN_POINT('Ctrl Pts',(-3.90806358779354,-105.689746829394,248.478785573041));
#8053=CARTESIAN_POINT('Ctrl Pts',(22.3022175019343,-103.358013507819,248.890550278923));
#8054=CARTESIAN_POINT('Ctrl Pts',(55.4251946571013,-91.7903112181073,249.439569886766));
#8055=CARTESIAN_POINT('Ctrl Pts',(89.4448634329015,-62.4932127373358,250.12584439657));
#8056=CARTESIAN_POINT('Ctrl Pts',(105.253469618421,-20.4724343833067,250.812118906374));
#8057=CARTESIAN_POINT('Ctrl Pts',(104.722795253065,14.6083543279411,251.361138514217));
#8058=CARTESIAN_POINT('Ctrl Pts',(97.8972678641796,40.0215003541441,251.7729032201));
#8059=CARTESIAN_POINT('Ctrl Pts',(84.9650310061067,62.9381551041767,252.184667925982));
#8060=CARTESIAN_POINT('Ctrl Pts',(60.7681233369667,88.3439223851748,252.733687533825));
#8061=CARTESIAN_POINT('Ctrl Pts',(20.0495777257198,107.255767517577,253.419962043629));
#8062=CARTESIAN_POINT('Ctrl Pts',(-24.7510817248064,104.330232386143,254.106236553433));
#8063=CARTESIAN_POINT('Ctrl Pts',(-56.4916478670939,89.3809911728794,254.655256161276));
#8064=CARTESIAN_POINT('Ctrl Pts',(-76.8290501466648,72.6835098177637,255.067020867158));
#8065=CARTESIAN_POINT('Ctrl Pts',(-92.3739521014024,51.4521217730997,255.478785573041));
#8066=CARTESIAN_POINT('Ctrl Pts',(-105.541433775164,18.9319622062057,256.027805180884));
#8067=CARTESIAN_POINT('Ctrl Pts',(-105.980003508671,-25.9619739054344,256.714079690688));
#8068=CARTESIAN_POINT('Ctrl Pts',(-84.8409397913473,-65.5700264725861,257.400354200491));
#8069=CARTESIAN_POINT('Ctrl Pts',(-58.1334194880509,-88.3219870723727,257.949373808335));
#8070=CARTESIAN_POINT('Ctrl Pts',(-34.5353794771867,-99.9645092532067,258.361138514217));
#8071=CARTESIAN_POINT('Ctrl Pts',(-8.78306556801688,-105.371370025325,258.772903220099));
#8072=CARTESIAN_POINT('Ctrl Pts',(26.2732306079188,-103.957350820987,259.321922827943));
#8073=CARTESIAN_POINT('Ctrl Pts',(67.3534702196956,-85.8445996095792,260.008197337746));
#8074=CARTESIAN_POINT('Ctrl Pts',(94.7204767315767,-50.2538030803376,260.694471847551));
#8075=CARTESIAN_POINT('Ctrl Pts',(104.435013431611,-16.540732490596,261.243491455393));
#8076=CARTESIAN_POINT('Ctrl Pts',(105.310813954216,9.75848400971237,261.655256161276));
#8077=CARTESIAN_POINT('Ctrl Pts',(99.6174572489238,35.4489784485468,262.067020867158));
#8078=CARTESIAN_POINT('Ctrl Pts',(83.8735685319083,66.8029785115663,262.616040475002));
#8079=CARTESIAN_POINT('Ctrl Pts',(50.4327456109205,96.7590998454922,263.302314984805));
#8080=CARTESIAN_POINT('Ctrl Pts',(6.7237658425105,107.014972827121,263.988589494609));
#8081=CARTESIAN_POINT('Ctrl Pts',(-27.9954556199112,101.963338148659,264.537609102452));
#8082=CARTESIAN_POINT('Ctrl Pts',(-52.3157793875616,91.9165641924627,264.949373808335));
#8083=CARTESIAN_POINT('Ctrl Pts',(-73.3727100864172,76.1361496028124,265.361138514217));
#8084=CARTESIAN_POINT('Ctrl Pts',(-95.4448223146238,48.8640903903598,265.91015812206));
#8085=CARTESIAN_POINT('Ctrl Pts',(-108.945992739524,6.04614742080569,266.596432631864));
#8086=CARTESIAN_POINT('Ctrl Pts',(-100.265651377252,-38.0027971387577,267.282707141668));
#8087=CARTESIAN_POINT('Ctrl Pts',(-81.3468074595049,-67.5497207820962,267.831726749511));
#8088=CARTESIAN_POINT('Ctrl Pts',(-62.1653296888328,-85.5632358601449,268.243491455393));
#8089=CARTESIAN_POINT('Ctrl Pts',(-39.1060561753521,-98.239423002414,268.655256161276));
#8090=CARTESIAN_POINT('Ctrl Pts',(-5.15901763949555,-107.101811251396,269.204275769118));
#8091=CARTESIAN_POINT('Ctrl Pts',(39.4163911519248,-101.745434016913,269.890550278924));
#8092=CARTESIAN_POINT('Ctrl Pts',(75.9665836635874,-75.6735858623251,270.576824788726));
#8093=CARTESIAN_POINT('Ctrl Pts',(95.0831955928176,-46.2542299339525,271.12584439657));
#8094=CARTESIAN_POINT('Ctrl Pts',(103.584312133451,-21.3514824883849,271.537609102452));
#8095=CARTESIAN_POINT('Ctrl Pts',(105.623968909266,4.88314379136624,271.949373808335));
#8096=CARTESIAN_POINT('Ctrl Pts',(99.6995289258565,39.46412658735,272.498393416178));
#8097=CARTESIAN_POINT('Ctrl Pts',(76.438797850836,77.8645975330071,273.184667925982));
#8098=CARTESIAN_POINT('Ctrl Pts',(37.6150485971475,100.411759574156,273.870942435785));
#8099=CARTESIAN_POINT('Ctrl Pts',(2.93049656349978,105.696168570694,274.419962043629));
#8100=CARTESIAN_POINT('Ctrl Pts',(-23.2619653593357,103.172073367453,274.831726749511));
#8101=CARTESIAN_POINT('Ctrl Pts',(-48.0033580729114,94.2122323903285,275.243491455394));
#8102=CARTESIAN_POINT('Ctrl Pts',(-77.0644598869015,74.5552479285613,275.792511063236));
#8103=CARTESIAN_POINT('Ctrl Pts',(-102.45639784711,37.5295155209478,276.478785573041));
#8104=CARTESIAN_POINT('Ctrl Pts',(-106.988243876503,-7.13725928724469,277.165060082844));
#8105=CARTESIAN_POINT('Ctrl Pts',(-97.4999400437124,-40.9147379949763,277.714079690688));
#8106=CARTESIAN_POINT('Ctrl Pts',(-84.4000327696314,-63.7358251616594,278.12584439657));
#8107=CARTESIAN_POINT('Ctrl Pts',(-66.0347028682845,-82.5811711135293,278.537609102453));
#8108=CARTESIAN_POINT('Ctrl Pts',(-36.1441295702064,-100.95076208833,279.086628710295));
#8109=CARTESIAN_POINT('Ctrl Pts',(8.05967535365432,-108.815705717454,279.7729032201));
#8110=CARTESIAN_POINT('Ctrl Pts',(50.6173940367535,-94.5255069222077,280.459177729903));
#8111=CARTESIAN_POINT('Ctrl Pts',(77.4817811976865,-71.9533536567935,281.008197337747));
#8112=CARTESIAN_POINT('Ctrl Pts',(92.8615650029914,-50.6081543594868,281.419962043629));
#8113=CARTESIAN_POINT('Ctrl Pts',(102.474791614106,-26.1067628657773,281.831726749511));
#8114=CARTESIAN_POINT('Ctrl Pts',(104.658762718084,-8.7034238754048,282.106236553433));
#8115=CARTESIAN_POINT('Ctrl Pts',(104.658762718085,-1.43576333716304E-12,
282.243491455394));
#8116=CARTESIAN_POINT('Ctrl Pts',(105.,0.,0.747998250854713));
#8117=CARTESIAN_POINT('Ctrl Pts',(105.,8.73182537871172,0.885253152815498));
#8118=CARTESIAN_POINT('Ctrl Pts',(102.808908112783,26.1918667165259,1.15976295673707));
#8119=CARTESIAN_POINT('Ctrl Pts',(93.1643378164016,50.7731686156352,1.57152766261942));
#8120=CARTESIAN_POINT('Ctrl Pts',(77.7344086101207,72.187952363289,1.98329236850177));
#8121=CARTESIAN_POINT('Ctrl Pts',(50.7824307858067,94.8337074935464,2.53231197634492));
#8122=CARTESIAN_POINT('Ctrl Pts',(8.08595372384952,109.170494958031,3.21858648614882));
#8123=CARTESIAN_POINT('Ctrl Pts',(-36.2619766019437,101.279910281131,3.90486099595276));
#8124=CARTESIAN_POINT('Ctrl Pts',(-66.2500073677214,82.8504246144923,4.45388060379588));
#8125=CARTESIAN_POINT('Ctrl Pts',(-84.6752169685244,63.9436344148671,4.86564530967825));
#8126=CARTESIAN_POINT('Ctrl Pts',(-97.8178361630937,41.0481393894369,5.27741001556059));
#8127=CARTESIAN_POINT('Ctrl Pts',(-107.337076373556,7.16053020753601,5.82642962340374));
#8128=CARTESIAN_POINT('Ctrl Pts',(-102.790454373369,-37.6518796114124,6.51270413320765));
#8129=CARTESIAN_POINT('Ctrl Pts',(-77.3157266336238,-74.7983334329549,7.19897864301158));
#8130=CARTESIAN_POINT('Ctrl Pts',(-48.1598718229916,-94.5194090298937,7.74799825085471));
#8131=CARTESIAN_POINT('Ctrl Pts',(-23.3378104164082,-103.508463331056,8.15976295673707));
#8132=CARTESIAN_POINT('Ctrl Pts',(2.9400513743517,-106.040788290718,8.57152766261942));
#8133=CARTESIAN_POINT('Ctrl Pts',(37.7376915236349,-100.73914960673,9.12054727046256));
#8134=CARTESIAN_POINT('Ctrl Pts',(76.6880246421152,-78.118473109632,9.80682178026647));
#8135=CARTESIAN_POINT('Ctrl Pts',(100.024596749852,-39.5927983859446,10.4930962900704));
#8136=CARTESIAN_POINT('Ctrl Pts',(105.968353221861,-4.89906515996785,11.0421158979135));
#8137=CARTESIAN_POINT('Ctrl Pts',(103.922046196071,21.4210984638915,11.4538806037959));
#8138=CARTESIAN_POINT('Ctrl Pts',(95.3932119772787,46.4050406953607,11.8656453096782));
#8139=CARTESIAN_POINT('Ctrl Pts',(76.2142708123039,75.9203176990699,12.4146649175214));
#8140=CARTESIAN_POINT('Ctrl Pts',(39.5449073108235,102.077172463332,13.1009394273253));
#8141=CARTESIAN_POINT('Ctrl Pts',(-5.17583848765874,107.45101403205,13.7872139371292));
#8142=CARTESIAN_POINT('Ctrl Pts',(-39.2335604948089,98.5597301875085,14.3362335449723));
#8143=CARTESIAN_POINT('Ctrl Pts',(-62.3680181936585,85.8422126536688,14.7479982508547));
#8144=CARTESIAN_POINT('Ctrl Pts',(-81.6120366935311,67.7699649596038,15.1597629567371));
#8145=CARTESIAN_POINT('Ctrl Pts',(-100.592565029362,38.1267043096837,15.7087825645802));
#8146=CARTESIAN_POINT('Ctrl Pts',(-109.301208427847,-6.06586073346538,16.3950570743841));
#8147=CARTESIAN_POINT('Ctrl Pts',(-95.7560177739786,-49.0234105366616,17.081331584188));
#8148=CARTESIAN_POINT('Ctrl Pts',(-73.6119399751191,-76.3843896170373,17.6303511920312));
#8149=CARTESIAN_POINT('Ctrl Pts',(-52.4863536796326,-92.2162558543297,18.0421158979136));
#8150=CARTESIAN_POINT('Ctrl Pts',(-28.0867341037551,-102.295787066085,18.4538806037959));
#8151=CARTESIAN_POINT('Ctrl Pts',(6.74568851310861,-107.363892473249,19.0029002116391));
#8152=CARTESIAN_POINT('Ctrl Pts',(50.5971803183915,-97.0745804739112,19.6891747214429));
#8153=CARTESIAN_POINT('Ctrl Pts',(84.1470362073047,-67.0207879545513,20.3754492312469));
#8154=CARTESIAN_POINT('Ctrl Pts',(99.9422574802669,-35.5645589574158,20.92446883909));
#8155=CARTESIAN_POINT('Ctrl Pts',(105.654177232901,-9.7903013031026,21.3362335449723));
#8156=CARTESIAN_POINT('Ctrl Pts',(104.775521184566,16.5946631357637,21.7479982508547));
#8157=CARTESIAN_POINT('Ctrl Pts',(95.0293104802495,50.4176543501554,22.2970178586978));
#8158=CARTESIAN_POINT('Ctrl Pts',(67.5730745271472,86.1244937825753,22.9832923685018));
#8159=CARTESIAN_POINT('Ctrl Pts',(26.3588938201251,104.29630116693,23.6695668783057));
#8160=CARTESIAN_POINT('Ctrl Pts',(-8.8117025339364,105.714930745568,24.2185864861488));
#8161=CARTESIAN_POINT('Ctrl Pts',(-34.6479812194252,100.290441038942,24.6303511920312));
#8162=CARTESIAN_POINT('Ctrl Pts',(-58.3229620503662,88.6099587053191,25.0421158979135));
#8163=CARTESIAN_POINT('Ctrl Pts',(-85.1175615565724,65.7838159062444,25.5911355057567));
#8164=CARTESIAN_POINT('Ctrl Pts',(-106.325548663184,26.0466222729379,26.2774100155606));
#8165=CARTESIAN_POINT('Ctrl Pts',(-105.885548984017,-18.9936893961374,26.9636845253645));
#8166=CARTESIAN_POINT('Ctrl Pts',(-92.6751350651246,-51.6198801310865,27.5127041332077));
#8167=CARTESIAN_POINT('Ctrl Pts',(-77.0795493458088,-72.9204925862014,27.92446883909));
#8168=CARTESIAN_POINT('Ctrl Pts',(-56.6758374740469,-89.6724156622439,28.3362335449724));
#8169=CARTESIAN_POINT('Ctrl Pts',(-24.8317820085971,-104.670398503116,28.8852531528155));
#8170=CARTESIAN_POINT('Ctrl Pts',(20.1149488731389,-107.60547226878,29.5715276626195));
#8171=CARTESIAN_POINT('Ctrl Pts',(60.9662562853781,-88.6319655376609,30.2578021724233));
#8172=CARTESIAN_POINT('Ctrl Pts',(85.2420573676393,-63.1433633869698,30.8068217802665));
#8173=CARTESIAN_POINT('Ctrl Pts',(98.2164594609966,-40.1519894564844,31.2185864861488));
#8174=CARTESIAN_POINT('Ctrl Pts',(105.064241311461,-14.6559845023752,31.6303511920312));
#8175=CARTESIAN_POINT('Ctrl Pts',(105.596645927332,20.5391842442972,32.1793707998743));
#8176=CARTESIAN_POINT('Ctrl Pts',(89.736496176177,62.6969702966509,32.8656453096782));
#8177=CARTESIAN_POINT('Ctrl Pts',(55.6059071199991,92.0895912353051,33.5519198194821));
#8178=CARTESIAN_POINT('Ctrl Pts',(22.3749333250866,103.695009729421,34.1009394273253));
#8179=CARTESIAN_POINT('Ctrl Pts',(-3.92080573151421,106.034345609255,34.5127041332076));
#8180=CARTESIAN_POINT('Ctrl Pts',(-29.9719698167204,101.759391258952,34.92446883909));
#8181=CARTESIAN_POINT('Ctrl Pts',(-62.2551060957835,87.731473745323,35.4734884469332));
#8182=CARTESIAN_POINT('Ctrl Pts',(-94.1217710855776,55.8984886921846,36.159762956737));
#8183=CARTESIAN_POINT('Ctrl Pts',(-106.825150464976,12.6845160987263,36.846037466541));
#8184=CARTESIAN_POINT('Ctrl Pts',(-103.694947586953,-22.3752213179195,37.3950570743841));
#8185=CARTESIAN_POINT('Ctrl Pts',(-94.9829214350413,-47.2958751058907,37.8068217802665));
#8186=CARTESIAN_POINT('Ctrl Pts',(-80.3459791093377,-69.2662711934798,38.2185864861488));
#8187=CARTESIAN_POINT('Ctrl Pts',(-54.2540733401235,-92.8924391246565,38.767606093992));
#8188=CARTESIAN_POINT('Ctrl Pts',(-12.1130823382361,-108.797160195583,39.4538806037959));
#8189=CARTESIAN_POINT('Ctrl Pts',(32.4941441986667,-102.550671930123,40.1401551135998));
#8190=CARTESIAN_POINT('Ctrl Pts',(63.1436001301242,-85.2418819987795,40.6891747214429));
#8191=CARTESIAN_POINT('Ctrl Pts',(82.2544211432474,-67.0288398285133,41.1009394273253));
#8192=CARTESIAN_POINT('Ctrl Pts',(96.2343139554437,-44.6346222299677,41.5127041332076));
#8193=CARTESIAN_POINT('Ctrl Pts',(106.999125876768,-11.1219055080985,42.0617237410508));
#8194=CARTESIAN_POINT('Ctrl Pts',(104.111583138084,33.8279039675529,42.7479982508548));
#8195=CARTESIAN_POINT('Ctrl Pts',(80.0268191825192,71.8903187644339,43.4342727606586));
#8196=CARTESIAN_POINT('Ctrl Pts',(51.6196227435477,92.675278429043,43.9832923685018));
#8197=CARTESIAN_POINT('Ctrl Pts',(27.1466610378868,102.575406218359,44.3950570743841));
#8198=CARTESIAN_POINT('Ctrl Pts',(0.980324474749002,106.077008102657,44.8068217802665));
#8199=CARTESIAN_POINT('Ctrl Pts',(-33.9894576988182,102.064815121881,45.3558413881096));
#8200=CARTESIAN_POINT('Ctrl Pts',(-73.7490557201611,80.8988603797409,46.0421158979136));
#8201=CARTESIAN_POINT('Ctrl Pts',(-98.4932731131738,43.2618177146691,46.7283904077174));
#8202=CARTESIAN_POINT('Ctrl Pts',(-105.714955217967,8.81140893104178,47.2774100155607));
#8203=CARTESIAN_POINT('Ctrl Pts',(-104.642615497838,-17.5663937146708,47.6891747214429));
#8204=CARTESIAN_POINT('Ctrl Pts',(-97.042799936118,-42.8484266297539,48.1009394273254));
#8205=CARTESIAN_POINT('Ctrl Pts',(-78.9675906575288,-73.0522371065289,48.6499590351684));
#8206=CARTESIAN_POINT('Ctrl Pts',(-43.2898050701977,-100.546216275604,49.3362335449724));
#8207=CARTESIAN_POINT('Ctrl Pts',(1.20182761128027,-107.568886444531,50.0225080547763));
#8208=CARTESIAN_POINT('Ctrl Pts',(35.5648365276511,-99.9421587061649,50.5715276626194));
#8209=CARTESIAN_POINT('Ctrl Pts',(59.1534261171652,-88.0881793714022,50.9832923685018));
#8210=CARTESIAN_POINT('Ctrl Pts',(79.0520987632794,-70.7393692734642,51.3950570743841));
#8211=CARTESIAN_POINT('Ctrl Pts',(99.1150274654685,-41.8177121689239,51.9440766822272));
#8212=CARTESIAN_POINT('Ctrl Pts',(109.45070492598,2.02287457894449,52.6303511920312));
#8213=CARTESIAN_POINT('Ctrl Pts',(97.5021106971217,45.4516020634011,53.3166257018351));
#8214=CARTESIAN_POINT('Ctrl Pts',(76.3841851737597,73.6121521178916,53.8656453096782));
#8215=CARTESIAN_POINT('Ctrl Pts',(55.8580375785601,90.213828231815,54.2774100155606));
#8216=CARTESIAN_POINT('Ctrl Pts',(31.8475352668992,101.188078257819,54.6891747214429));
#8217=CARTESIAN_POINT('Ctrl Pts',(-2.77382480644222,107.539832696851,55.2381943292862));
#8218=CARTESIAN_POINT('Ctrl Pts',(-46.9755741862029,98.8779260514333,55.9244688390899));
#8219=CARTESIAN_POINT('Ctrl Pts',(-81.6130502372764,70.0843759442239,56.610743348894));
#8220=CARTESIAN_POINT('Ctrl Pts',(-98.5598391506441,39.2332867688398,57.1597629567371));
#8221=CARTESIAN_POINT('Ctrl Pts',(-105.220255471593,13.6876953816132,57.5715276626194));
#8222=CARTESIAN_POINT('Ctrl Pts',(-105.317163489837,-12.7117173718464,57.9832923685018));
#8223=CARTESIAN_POINT('Ctrl Pts',(-96.827419100464,-46.8717466163424,58.5323119763448));
#8224=CARTESIAN_POINT('Ctrl Pts',(-70.7093553606912,-83.5687495109968,59.2185864861489));
#8225=CARTESIAN_POINT('Ctrl Pts',(-30.1947969898097,-103.251072417034,59.9048609959527));
#8226=CARTESIAN_POINT('Ctrl Pts',(4.89935947219959,-105.968339426685,60.453880603796));
#8227=CARTESIAN_POINT('Ctrl Pts',(30.9184365612987,-101.502243556348,60.8656453096782));
#8228=CARTESIAN_POINT('Ctrl Pts',(55.0088601400331,-90.7045643293716,61.2774100155606));
#8229=CARTESIAN_POINT('Ctrl Pts',(82.6286207479812,-68.8841110402813,61.8264296234036));
#8230=CARTESIAN_POINT('Ctrl Pts',(105.290472961179,-29.9577224429265,62.5127041332077));
#8231=CARTESIAN_POINT('Ctrl Pts',(106.515080824456,15.0680880500151,63.1989786430115));
#8232=CARTESIAN_POINT('Ctrl Pts',(94.5192754907698,48.1601416607843,63.7479982508548));
#8233=CARTESIAN_POINT('Ctrl Pts',(79.7214301866583,70.0224873548562,64.159762956737));
#8234=CARTESIAN_POINT('Ctrl Pts',(59.9506614982755,87.5169176217148,64.5715276626194));
#8235=CARTESIAN_POINT('Ctrl Pts',(28.6825515612935,103.68134333841,65.1205472704625));
#8236=CARTESIAN_POINT('Ctrl Pts',(-16.1250280300238,108.275261723937,65.8068217802665));
#8237=CARTESIAN_POINT('Ctrl Pts',(-57.6495359786066,90.8242298176805,66.4930962900704));
#8238=CARTESIAN_POINT('Ctrl Pts',(-82.8506002155501,66.250062098159,67.0421158979135));
#8239=CARTESIAN_POINT('Ctrl Pts',(-96.6657073123453,43.7538135043246,67.4538806037959));
#8240=CARTESIAN_POINT('Ctrl Pts',(-104.45092815114,18.5282565950566,67.8656453096783));
#8241=CARTESIAN_POINT('Ctrl Pts',(-106.283483423122,-16.6232028192674,68.4146649175214));
#8242=CARTESIAN_POINT('Ctrl Pts',(-91.9919586059308,-59.3382539530855,69.1009394273252));
#8243=CARTESIAN_POINT('Ctrl Pts',(-58.9707801040216,-89.9719779400601,69.7872139371292));
#8244=CARTESIAN_POINT('Ctrl Pts',(-26.191338679996,-102.797404939213,70.3362335449724));
#8245=CARTESIAN_POINT('Ctrl Pts',(-3.69405684016137E-13,-106.106810179023,
70.7479982508547));
#8246=CARTESIAN_POINT('Ctrl Pts',(26.1913386799953,-102.797404939213,71.159762956737));
#8247=CARTESIAN_POINT('Ctrl Pts',(58.970780104021,-89.9719779400605,71.7087825645803));
#8248=CARTESIAN_POINT('Ctrl Pts',(91.9919586059305,-59.3382539530862,72.395057074384));
#8249=CARTESIAN_POINT('Ctrl Pts',(106.283483423122,-16.6232028192681,73.0813315841882));
#8250=CARTESIAN_POINT('Ctrl Pts',(104.45092815114,18.5282565950559,73.6303511920311));
#8251=CARTESIAN_POINT('Ctrl Pts',(96.6657073123457,43.7538135043239,74.0421158979136));
#8252=CARTESIAN_POINT('Ctrl Pts',(82.8506002155504,66.2500620981585,74.4538806037958));
#8253=CARTESIAN_POINT('Ctrl Pts',(57.6495359786073,90.8242298176801,75.002900211639));
#8254=CARTESIAN_POINT('Ctrl Pts',(16.1250280300247,108.275261723937,75.6891747214429));
#8255=CARTESIAN_POINT('Ctrl Pts',(-28.6825515612923,103.68134333841,76.3754492312469));
#8256=CARTESIAN_POINT('Ctrl Pts',(-59.9506614982742,87.5169176217156,76.9244688390899));
#8257=CARTESIAN_POINT('Ctrl Pts',(-79.7214301866576,70.0224873548572,77.3362335449725));
#8258=CARTESIAN_POINT('Ctrl Pts',(-94.5192754907693,48.1601416607851,77.7479982508546));
#8259=CARTESIAN_POINT('Ctrl Pts',(-106.515080824457,15.0680880500159,78.2970178586979));
#8260=CARTESIAN_POINT('Ctrl Pts',(-105.290472961179,-29.9577224429258,78.9832923685017));
#8261=CARTESIAN_POINT('Ctrl Pts',(-82.6286207479818,-68.8841110402808,79.6695668783057));
#8262=CARTESIAN_POINT('Ctrl Pts',(-55.0088601400337,-90.7045643293711,80.2185864861488));
#8263=CARTESIAN_POINT('Ctrl Pts',(-30.9184365612995,-101.502243556348,80.6303511920313));
#8264=CARTESIAN_POINT('Ctrl Pts',(-4.89935947220029,-105.968339426684,81.0421158979134));
#8265=CARTESIAN_POINT('Ctrl Pts',(30.194796989809,-103.251072417035,81.5911355057568));
#8266=CARTESIAN_POINT('Ctrl Pts',(70.7093553606907,-83.568749510997,82.2774100155604));
#8267=CARTESIAN_POINT('Ctrl Pts',(96.8274191004636,-46.8717466163432,82.9636845253646));
#8268=CARTESIAN_POINT('Ctrl Pts',(105.317163489837,-12.711717371847,83.5127041332076));
#8269=CARTESIAN_POINT('Ctrl Pts',(105.220255471593,13.6876953816124,83.9244688390901));
#8270=CARTESIAN_POINT('Ctrl Pts',(98.5598391506444,39.2332867688392,84.3362335449722));
#8271=CARTESIAN_POINT('Ctrl Pts',(81.6130502372769,70.0843759442231,84.8852531528156));
#8272=CARTESIAN_POINT('Ctrl Pts',(46.9755741862036,98.8779260514333,85.5715276626193));
#8273=CARTESIAN_POINT('Ctrl Pts',(2.77382480644298,107.539832696851,86.2578021724234));
#8274=CARTESIAN_POINT('Ctrl Pts',(-31.8475352668985,101.188078257819,86.8068217802664));
#8275=CARTESIAN_POINT('Ctrl Pts',(-55.8580375785594,90.2138282318151,87.2185864861489));
#8276=CARTESIAN_POINT('Ctrl Pts',(-76.3841851737591,73.6121521178923,87.6303511920311));
#8277=CARTESIAN_POINT('Ctrl Pts',(-97.5021106971213,45.4516020634017,88.1793707998744));
#8278=CARTESIAN_POINT('Ctrl Pts',(-109.450704925981,2.02287457894512,88.865645309678));
#8279=CARTESIAN_POINT('Ctrl Pts',(-99.1150274654686,-41.8177121689234,89.5519198194825));
#8280=CARTESIAN_POINT('Ctrl Pts',(-79.0520987632798,-70.7393692734638,90.100939427325));
#8281=CARTESIAN_POINT('Ctrl Pts',(-59.1534261171658,-88.0881793714017,90.5127041332078));
#8282=CARTESIAN_POINT('Ctrl Pts',(-35.5648365276517,-99.9421587061648,90.9244688390899));
#8283=CARTESIAN_POINT('Ctrl Pts',(-1.20182761128103,-107.56888644453,91.4734884469331));
#8284=CARTESIAN_POINT('Ctrl Pts',(43.289805070197,-100.546216275604,92.159762956737));
#8285=CARTESIAN_POINT('Ctrl Pts',(78.9675906575282,-73.0522371065293,92.8460374665409));
#8286=CARTESIAN_POINT('Ctrl Pts',(97.0427999361177,-42.8484266297547,93.3950570743842));
#8287=CARTESIAN_POINT('Ctrl Pts',(104.642615497838,-17.5663937146714,93.8068217802664));
#8288=CARTESIAN_POINT('Ctrl Pts',(105.714955217967,8.81140893104094,94.2185864861488));
#8289=CARTESIAN_POINT('Ctrl Pts',(98.4932731131741,43.2618177146686,94.767606093992));
#8290=CARTESIAN_POINT('Ctrl Pts',(73.7490557201616,80.8988603797401,95.4538806037958));
#8291=CARTESIAN_POINT('Ctrl Pts',(33.9894576988189,102.064815121881,96.1401551135999));
#8292=CARTESIAN_POINT('Ctrl Pts',(-0.980324474748265,106.077008102656,96.6891747214429));
#8293=CARTESIAN_POINT('Ctrl Pts',(-27.1466610378862,102.575406218359,97.1009394273253));
#8294=CARTESIAN_POINT('Ctrl Pts',(-51.6196227435469,92.6752784290433,97.5127041332077));
#8295=CARTESIAN_POINT('Ctrl Pts',(-80.0268191825186,71.8903187644347,98.0617237410507));
#8296=CARTESIAN_POINT('Ctrl Pts',(-104.111583138084,33.827903967554,98.7479982508547));
#8297=CARTESIAN_POINT('Ctrl Pts',(-106.999125876768,-11.1219055080974,99.4342727606586));
#8298=CARTESIAN_POINT('Ctrl Pts',(-96.2343139554441,-44.6346222299666,99.9832923685018));
#8299=CARTESIAN_POINT('Ctrl Pts',(-82.254421143248,-67.0288398285129,100.395057074384));
#8300=CARTESIAN_POINT('Ctrl Pts',(-63.1436001301246,-85.241881998779,100.806821780266));
#8301=CARTESIAN_POINT('Ctrl Pts',(-32.4941441986673,-102.550671930123,101.35584138811));
#8302=CARTESIAN_POINT('Ctrl Pts',(12.1130823382355,-108.797160195583,102.042115897914));
#8303=CARTESIAN_POINT('Ctrl Pts',(54.2540733401229,-92.8924391246569,102.728390407717));
#8304=CARTESIAN_POINT('Ctrl Pts',(80.3459791093372,-69.2662711934804,103.277410015561));
#8305=CARTESIAN_POINT('Ctrl Pts',(94.9829214350409,-47.2958751058913,103.689174721443));
#8306=CARTESIAN_POINT('Ctrl Pts',(103.694947586953,-22.3752213179202,104.100939427325));
#8307=CARTESIAN_POINT('Ctrl Pts',(106.825150464976,12.6845160987255,104.649959035168));
#8308=CARTESIAN_POINT('Ctrl Pts',(94.1217710855781,55.898488692184,105.336233544973));
#8309=CARTESIAN_POINT('Ctrl Pts',(62.255106095784,87.7314737453225,106.022508054776));
#8310=CARTESIAN_POINT('Ctrl Pts',(29.9719698167209,101.759391258952,106.571527662619));
#8311=CARTESIAN_POINT('Ctrl Pts',(3.92080573151413,106.034345609255,106.983292368502));
#8312=CARTESIAN_POINT('Ctrl Pts',(-22.3749333250868,103.695009729421,107.395057074384));
#8313=CARTESIAN_POINT('Ctrl Pts',(-55.6059071199994,92.089591235305,107.944076682227));
#8314=CARTESIAN_POINT('Ctrl Pts',(-89.7364961761768,62.696970296651,108.630351192031));
#8315=CARTESIAN_POINT('Ctrl Pts',(-105.596645927332,20.5391842442977,109.316625701835));
#8316=CARTESIAN_POINT('Ctrl Pts',(-105.064241311461,-14.6559845023746,109.865645309678));
#8317=CARTESIAN_POINT('Ctrl Pts',(-98.216459460997,-40.1519894564841,110.277410015561));
#8318=CARTESIAN_POINT('Ctrl Pts',(-85.2420573676393,-63.1433633869698,110.689174721443));
#8319=CARTESIAN_POINT('Ctrl Pts',(-60.9662562853782,-88.6319655376609,111.238194329286));
#8320=CARTESIAN_POINT('Ctrl Pts',(-20.1149488731392,-107.60547226878,111.92446883909));
#8321=CARTESIAN_POINT('Ctrl Pts',(24.8317820085966,-104.670398503116,112.610743348894));
#8322=CARTESIAN_POINT('Ctrl Pts',(56.6758374740464,-89.6724156622441,113.159762956737));
#8323=CARTESIAN_POINT('Ctrl Pts',(77.0795493458087,-72.9204925862018,113.571527662619));
#8324=CARTESIAN_POINT('Ctrl Pts',(92.6751350651245,-51.6198801310867,113.983292368502));
#8325=CARTESIAN_POINT('Ctrl Pts',(105.885548984017,-18.9936893961377,114.532311976345));
#8326=CARTESIAN_POINT('Ctrl Pts',(106.325548663184,26.0466222729372,115.218586486149));
#8327=CARTESIAN_POINT('Ctrl Pts',(85.117561556573,65.7838159062436,115.904860995953));
#8328=CARTESIAN_POINT('Ctrl Pts',(58.322962050367,88.6099587053186,116.453880603796));
#8329=CARTESIAN_POINT('Ctrl Pts',(34.6479812194259,100.290441038942,116.865645309678));
#8330=CARTESIAN_POINT('Ctrl Pts',(8.81170253393688,105.714930745568,117.277410015561));
#8331=CARTESIAN_POINT('Ctrl Pts',(-26.3588938201246,104.296301166929,117.826429623404));
#8332=CARTESIAN_POINT('Ctrl Pts',(-67.5730745271465,86.1244937825761,118.512704133208));
#8333=CARTESIAN_POINT('Ctrl Pts',(-95.0293104802491,50.4176543501562,119.198978643012));
#8334=CARTESIAN_POINT('Ctrl Pts',(-104.775521184566,16.5946631357651,119.747998250855));
#8335=CARTESIAN_POINT('Ctrl Pts',(-105.654177232902,-9.79030130310195,120.159762956737));
#8336=CARTESIAN_POINT('Ctrl Pts',(-99.9422574802669,-35.5645589574147,120.571527662619));
#8337=CARTESIAN_POINT('Ctrl Pts',(-84.1470362073055,-67.0207879545516,121.120547270463));
#8338=CARTESIAN_POINT('Ctrl Pts',(-50.5971803183915,-97.074580473909,121.806821780266));
#8339=CARTESIAN_POINT('Ctrl Pts',(-6.74568851311149,-107.363892473252,122.49309629007));
#8340=CARTESIAN_POINT('Ctrl Pts',(28.0867341037558,-102.295787066083,123.042115897914));
#8341=CARTESIAN_POINT('Ctrl Pts',(52.4863536796273,-92.2162558543367,123.453880603796));
#8342=CARTESIAN_POINT('Ctrl Pts',(73.6119399751266,-76.3843896170264,123.865645309678));
#8343=CARTESIAN_POINT('Ctrl Pts',(95.7560177739605,-49.0234105366877,124.414664917521));
#8344=CARTESIAN_POINT('Ctrl Pts',(109.301208427886,-6.0658607334112,125.100939427326));
#8345=CARTESIAN_POINT('Ctrl Pts',(100.592565029303,38.1267043095979,125.787213937129));
#8346=CARTESIAN_POINT('Ctrl Pts',(81.6120366936121,67.7699649597161,126.336233544972));
#8347=CARTESIAN_POINT('Ctrl Pts',(62.3680181934871,85.8422126534239,126.747998250855));
#8348=CARTESIAN_POINT('Ctrl Pts',(39.2335604951279,98.5597301879584,127.159762956737));
#8349=CARTESIAN_POINT('Ctrl Pts',(5.17583848696458,107.451014031065,127.70878256458));
#8350=CARTESIAN_POINT('Ctrl Pts',(-39.5449073093017,102.077172465486,128.395057074384));
#8351=CARTESIAN_POINT('Ctrl Pts',(-76.2142708146187,75.9203176957917,129.081331584188));
#8352=CARTESIAN_POINT('Ctrl Pts',(-95.3932119741646,46.4050406997708,129.630351192031));
#8353=CARTESIAN_POINT('Ctrl Pts',(-103.922046202774,21.4210984544005,130.042115897914));
#8354=CARTESIAN_POINT('Ctrl Pts',(-105.968353209504,-4.89906514246876,130.453880603796));
#8355=CARTESIAN_POINT('Ctrl Pts',(-100.024596776876,-39.5927984242083,131.002900211639));
#8356=CARTESIAN_POINT('Ctrl Pts',(-76.6880245830233,-78.1184730259615,131.689174721443));
#8357=CARTESIAN_POINT('Ctrl Pts',(-37.7376916136499,-100.739149734185,132.375449231247));
#8358=CARTESIAN_POINT('Ctrl Pts',(-2.94005125334223,-106.040788119377,132.92446883909));
#8359=CARTESIAN_POINT('Ctrl Pts',(23.3378101558494,-103.508463699989,133.336233544973));
#8360=CARTESIAN_POINT('Ctrl Pts',(48.1598723033048,-94.5194083498029,133.747998250855));
#8361=CARTESIAN_POINT('Ctrl Pts',(77.3157255833098,-74.7983349201271,134.297017858698));
#8362=CARTESIAN_POINT('Ctrl Pts',(102.790456670047,-37.6518763594746,134.983292368502));
#8363=CARTESIAN_POINT('Ctrl Pts',(107.33707287502,7.16052525384899,135.669566878306));
#8364=CARTESIAN_POINT('Ctrl Pts',(97.817840866255,41.0481460487872,136.218586486149));
#8365=CARTESIAN_POINT('Ctrl Pts',(84.6752068416092,63.9436200758898,136.630351192031));
#8366=CARTESIAN_POINT('Ctrl Pts',(66.2500260359275,82.8504510470305,137.042115897914));
#8367=CARTESIAN_POINT('Ctrl Pts',(36.2619357768766,101.279852479648,137.591135505757));
#8368=CARTESIAN_POINT('Ctrl Pts',(-8.08586442032673,109.17062135946,138.277410015561));
#8369=CARTESIAN_POINT('Ctrl Pts',(-50.7825669697539,94.8335149043833,138.963684525364));
#8370=CARTESIAN_POINT('Ctrl Pts',(-77.7342244813004,72.1882115613635,139.512704133208));
#8371=CARTESIAN_POINT('Ctrl Pts',(-93.1647482534762,50.7726065760651,139.92446883909));
#8372=CARTESIAN_POINT('Ctrl Pts',(-102.808034049473,26.1929363372588,140.336233544972));
#8373=CARTESIAN_POINT('Ctrl Pts',(-106.097700711584,7.25537898713568E-13,
140.747998250855));
#8374=CARTESIAN_POINT('Ctrl Pts',(-102.808034049473,-26.1929363372574,141.159762956737));
#8375=CARTESIAN_POINT('Ctrl Pts',(-93.1647482534768,-50.7726065760638,141.571527662619));
#8376=CARTESIAN_POINT('Ctrl Pts',(-77.7342244813015,-72.1882115613625,141.983292368502));
#8377=CARTESIAN_POINT('Ctrl Pts',(-50.7825669697552,-94.8335149043827,142.532311976345));
#8378=CARTESIAN_POINT('Ctrl Pts',(-8.08586442032818,-109.17062135946,143.218586486149));
#8379=CARTESIAN_POINT('Ctrl Pts',(36.2619357768752,-101.279852479648,143.904860995953));
#8380=CARTESIAN_POINT('Ctrl Pts',(66.2500260359265,-82.8504510470315,144.453880603796));
#8381=CARTESIAN_POINT('Ctrl Pts',(84.6752068416082,-63.9436200758907,144.865645309678));
#8382=CARTESIAN_POINT('Ctrl Pts',(97.8178408662545,-41.0481460487887,145.277410015561));
#8383=CARTESIAN_POINT('Ctrl Pts',(107.337072875019,-7.16052525385024,145.826429623403));
#8384=CARTESIAN_POINT('Ctrl Pts',(102.790456670047,37.6518763594729,146.512704133208));
#8385=CARTESIAN_POINT('Ctrl Pts',(77.3157255833109,74.7983349201263,147.198978643011));
#8386=CARTESIAN_POINT('Ctrl Pts',(48.159872303306,94.519408349802,147.747998250855));
#8387=CARTESIAN_POINT('Ctrl Pts',(23.3378101558509,103.508463699989,148.159762956737));
#8388=CARTESIAN_POINT('Ctrl Pts',(-2.94005125334081,106.040788119377,148.57152766262));
#8389=CARTESIAN_POINT('Ctrl Pts',(-37.7376916136485,100.739149734186,149.120547270462));
#8390=CARTESIAN_POINT('Ctrl Pts',(-76.6880245830224,78.1184730259624,149.806821780267));
#8391=CARTESIAN_POINT('Ctrl Pts',(-100.024596776876,39.5927984242097,150.49309629007));
#8392=CARTESIAN_POINT('Ctrl Pts',(-105.968353209503,4.8990651424707,151.042115897914));
#8393=CARTESIAN_POINT('Ctrl Pts',(-103.922046202775,-21.4210984543977,151.453880603796));
#8394=CARTESIAN_POINT('Ctrl Pts',(-95.393211974166,-46.4050406997676,151.865645309678));
#8395=CARTESIAN_POINT('Ctrl Pts',(-76.2142708146209,-75.9203176957898,152.414664917522));
#8396=CARTESIAN_POINT('Ctrl Pts',(-39.5449073093035,-102.077172465485,153.100939427325));
#8397=CARTESIAN_POINT('Ctrl Pts',(5.17583848696305,-107.451014031066,153.787213937129));
#8398=CARTESIAN_POINT('Ctrl Pts',(39.2335604951266,-98.5597301879589,154.336233544972));
#8399=CARTESIAN_POINT('Ctrl Pts',(62.3680181934858,-85.8422126534247,154.747998250855));
#8400=CARTESIAN_POINT('Ctrl Pts',(81.6120366936113,-67.7699649597172,155.159762956737));
#8401=CARTESIAN_POINT('Ctrl Pts',(100.592565029302,-38.1267043095992,155.70878256458));
#8402=CARTESIAN_POINT('Ctrl Pts',(109.301208427886,6.06586073340957,156.395057074384));
#8403=CARTESIAN_POINT('Ctrl Pts',(95.7560177739611,49.0234105366865,157.081331584188));
#8404=CARTESIAN_POINT('Ctrl Pts',(73.6119399751276,76.3843896170252,157.630351192031));
#8405=CARTESIAN_POINT('Ctrl Pts',(52.4863536796286,92.216255854336,158.042115897914));
#8406=CARTESIAN_POINT('Ctrl Pts',(28.0867341037572,102.295787066082,158.453880603796));
#8407=CARTESIAN_POINT('Ctrl Pts',(-6.74568851311003,107.363892473252,159.002900211639));
#8408=CARTESIAN_POINT('Ctrl Pts',(-50.5971803183901,97.0745804739098,159.689174721443));
#8409=CARTESIAN_POINT('Ctrl Pts',(-84.1470362073046,67.0207879545526,160.375449231247));
#8410=CARTESIAN_POINT('Ctrl Pts',(-99.9422574802664,35.5645589574162,160.92446883909));
#8411=CARTESIAN_POINT('Ctrl Pts',(-105.654177232901,9.79030130310334,161.336233544972));
#8412=CARTESIAN_POINT('Ctrl Pts',(-104.775521184566,-16.5946631357636,161.747998250855));
#8413=CARTESIAN_POINT('Ctrl Pts',(-95.0293104802497,-50.417654350155,162.297017858698));
#8414=CARTESIAN_POINT('Ctrl Pts',(-67.5730745271477,-86.124493782575,162.983292368502));
#8415=CARTESIAN_POINT('Ctrl Pts',(-26.358893820126,-104.296301166929,163.669566878306));
#8416=CARTESIAN_POINT('Ctrl Pts',(8.8117025339354,-105.714930745568,164.218586486149));
#8417=CARTESIAN_POINT('Ctrl Pts',(34.6479812194245,-100.290441038943,164.630351192031));
#8418=CARTESIAN_POINT('Ctrl Pts',(58.3229620503659,-88.6099587053195,165.042115897914));
#8419=CARTESIAN_POINT('Ctrl Pts',(85.1175615565719,-65.7838159062447,165.591135505757));
#8420=CARTESIAN_POINT('Ctrl Pts',(106.325548663184,-26.0466222729387,166.277410015561));
#8421=CARTESIAN_POINT('Ctrl Pts',(105.885548984017,18.9936893961362,166.963684525365));
#8422=CARTESIAN_POINT('Ctrl Pts',(92.6751350651252,51.6198801310854,167.512704133208));
#8423=CARTESIAN_POINT('Ctrl Pts',(77.0795493458096,72.9204925862007,167.92446883909));
#8424=CARTESIAN_POINT('Ctrl Pts',(56.6758374740477,89.6724156622434,168.336233544972));
#8425=CARTESIAN_POINT('Ctrl Pts',(24.831782008598,104.670398503115,168.885253152815));
#8426=CARTESIAN_POINT('Ctrl Pts',(-20.1149488731378,107.60547226878,169.571527662619));
#8427=CARTESIAN_POINT('Ctrl Pts',(-60.9662562853769,88.6319655376618,170.257802172423));
#8428=CARTESIAN_POINT('Ctrl Pts',(-85.2420573676385,63.1433633869709,170.806821780266));
#8429=CARTESIAN_POINT('Ctrl Pts',(-98.2164594609962,40.1519894564855,171.218586486149));
#8430=CARTESIAN_POINT('Ctrl Pts',(-105.064241311461,14.655984502376,171.630351192031));
#8431=CARTESIAN_POINT('Ctrl Pts',(-105.596645927332,-20.5391842442962,172.179370799874));
#8432=CARTESIAN_POINT('Ctrl Pts',(-89.736496176178,-62.6969702966498,172.865645309678));
#8433=CARTESIAN_POINT('Ctrl Pts',(-55.6059071200005,-92.0895912353043,173.551919819482));
#8434=CARTESIAN_POINT('Ctrl Pts',(-22.3749333250883,-103.695009729421,174.100939427325));
#8435=CARTESIAN_POINT('Ctrl Pts',(3.92080573151272,-106.034345609255,174.512704133208));
#8436=CARTESIAN_POINT('Ctrl Pts',(29.9719698167193,-101.759391258952,174.92446883909));
#8437=CARTESIAN_POINT('Ctrl Pts',(62.2551060957824,-87.7314737453237,175.473488446933));
#8438=CARTESIAN_POINT('Ctrl Pts',(94.1217710855772,-55.8984886921855,176.159762956737));
#8439=CARTESIAN_POINT('Ctrl Pts',(106.825150464976,-12.6845160987265,176.846037466541));
#8440=CARTESIAN_POINT('Ctrl Pts',(103.694947586953,22.3752213179198,177.395057074384));
#8441=CARTESIAN_POINT('Ctrl Pts',(94.9829214350413,47.2958751058907,177.806821780267));
#8442=CARTESIAN_POINT('Ctrl Pts',(80.3459791093379,69.2662711934796,178.218586486149));
#8443=CARTESIAN_POINT('Ctrl Pts',(54.2540733401237,92.8924391246565,178.767606093992));
#8444=CARTESIAN_POINT('Ctrl Pts',(12.1130823382363,108.797160195583,179.453880603796));
#8445=CARTESIAN_POINT('Ctrl Pts',(-32.4941441986668,102.550671930123,180.1401551136));
#8446=CARTESIAN_POINT('Ctrl Pts',(-63.143600130124,85.2418819987792,180.689174721443));
#8447=CARTESIAN_POINT('Ctrl Pts',(-82.2544211432473,67.0288398285138,181.100939427326));
#8448=CARTESIAN_POINT('Ctrl Pts',(-96.2343139554434,44.6346222299681,181.512704133207));
#8449=CARTESIAN_POINT('Ctrl Pts',(-106.999125876768,11.1219055080991,182.061723741051));
#8450=CARTESIAN_POINT('Ctrl Pts',(-104.111583138084,-33.8279039675526,182.747998250855));
#8451=CARTESIAN_POINT('Ctrl Pts',(-80.0268191825193,-71.8903187644338,183.434272760659));
#8452=CARTESIAN_POINT('Ctrl Pts',(-51.619622743548,-92.6752784290428,183.983292368502));
#8453=CARTESIAN_POINT('Ctrl Pts',(-27.1466610378875,-102.575406218359,184.395057074384));
#8454=CARTESIAN_POINT('Ctrl Pts',(-0.980324474749987,-106.077008102656,
184.806821780267));
#8455=CARTESIAN_POINT('Ctrl Pts',(33.9894576988173,-102.064815121881,185.355841388109));
#8456=CARTESIAN_POINT('Ctrl Pts',(73.7490557201605,-80.8988603797413,186.042115897914));
#8457=CARTESIAN_POINT('Ctrl Pts',(98.4932731131737,-43.2618177146696,186.728390407717));
#8458=CARTESIAN_POINT('Ctrl Pts',(105.714955217967,-8.81140893104219,187.277410015561));
#8459=CARTESIAN_POINT('Ctrl Pts',(104.642615497838,17.56639371467,187.689174721443));
#8460=CARTESIAN_POINT('Ctrl Pts',(97.0427999361185,42.8484266297531,188.100939427325));
#8461=CARTESIAN_POINT('Ctrl Pts',(78.9675906575293,73.052237106528,188.649959035168));
#8462=CARTESIAN_POINT('Ctrl Pts',(43.2898050701986,100.546216275603,189.336233544973));
#8463=CARTESIAN_POINT('Ctrl Pts',(-1.20182761127994,107.568886444531,190.022508054776));
#8464=CARTESIAN_POINT('Ctrl Pts',(-35.5648365276505,99.9421587061652,190.57152766262));
#8465=CARTESIAN_POINT('Ctrl Pts',(-59.1534261171646,88.0881793714025,190.983292368502));
#8466=CARTESIAN_POINT('Ctrl Pts',(-79.0520987632785,70.7393692734651,191.395057074384));
#8467=CARTESIAN_POINT('Ctrl Pts',(-99.1150274654681,41.817712168925,191.944076682227));
#8468=CARTESIAN_POINT('Ctrl Pts',(-109.45070492598,-2.02287457894336,192.630351192031));
#8469=CARTESIAN_POINT('Ctrl Pts',(-97.5021106971222,-45.4516020634001,193.316625701835));
#8470=CARTESIAN_POINT('Ctrl Pts',(-76.3841851737603,-73.6121521178908,193.865645309678));
#8471=CARTESIAN_POINT('Ctrl Pts',(-55.8580375785614,-90.213828231814,194.277410015561));
#8472=CARTESIAN_POINT('Ctrl Pts',(-31.8475352669008,-101.188078257818,194.689174721443));
#8473=CARTESIAN_POINT('Ctrl Pts',(2.77382480644045,-107.539832696851,195.238194329286));
#8474=CARTESIAN_POINT('Ctrl Pts',(46.9755741862015,-98.8779260514344,195.92446883909));
#8475=CARTESIAN_POINT('Ctrl Pts',(81.6130502372757,-70.0843759442245,196.610743348894));
#8476=CARTESIAN_POINT('Ctrl Pts',(98.5598391506435,-39.2332867688411,197.159762956737));
#8477=CARTESIAN_POINT('Ctrl Pts',(105.220255471593,-13.6876953816145,197.57152766262));
#8478=CARTESIAN_POINT('Ctrl Pts',(105.317163489837,12.7117173718445,197.983292368502));
#8479=CARTESIAN_POINT('Ctrl Pts',(96.8274191004649,46.8717466163415,198.532311976345));
#8480=CARTESIAN_POINT('Ctrl Pts',(70.7093553606915,83.5687495109962,199.218586486149));
#8481=CARTESIAN_POINT('Ctrl Pts',(30.19479698981,103.251072417035,199.904860995953));
#8482=CARTESIAN_POINT('Ctrl Pts',(-4.89935947219939,105.968339426684,200.453880603796));
#8483=CARTESIAN_POINT('Ctrl Pts',(-30.9184365612988,101.502243556348,200.865645309678));
#8484=CARTESIAN_POINT('Ctrl Pts',(-55.0088601400334,90.7045643293714,201.27741001556));
#8485=CARTESIAN_POINT('Ctrl Pts',(-82.6286207479814,68.8841110402811,201.826429623404));
#8486=CARTESIAN_POINT('Ctrl Pts',(-105.290472961179,29.9577224429266,202.512704133207));
#8487=CARTESIAN_POINT('Ctrl Pts',(-106.515080824457,-15.068088050015,203.198978643012));
#8488=CARTESIAN_POINT('Ctrl Pts',(-94.5192754907698,-48.160141660784,203.747998250854));
#8489=CARTESIAN_POINT('Ctrl Pts',(-79.7214301866583,-70.0224873548563,204.159762956737));
#8490=CARTESIAN_POINT('Ctrl Pts',(-59.9506614982752,-87.5169176217149,204.571527662619));
#8491=CARTESIAN_POINT('Ctrl Pts',(-28.6825515612935,-103.68134333841,205.120547270463));
#8492=CARTESIAN_POINT('Ctrl Pts',(16.1250280300233,-108.275261723937,205.806821780266));
#8493=CARTESIAN_POINT('Ctrl Pts',(57.6495359786058,-90.8242298176812,206.493096290071));
#8494=CARTESIAN_POINT('Ctrl Pts',(82.8506002155495,-66.2500620981597,207.042115897913));
#8495=CARTESIAN_POINT('Ctrl Pts',(96.6657073123451,-43.7538135043252,207.453880603796));
#8496=CARTESIAN_POINT('Ctrl Pts',(104.45092815114,-18.5282565950571,207.865645309678));
#8497=CARTESIAN_POINT('Ctrl Pts',(106.283483423122,16.6232028192669,208.414664917522));
#8498=CARTESIAN_POINT('Ctrl Pts',(91.9919586059313,59.3382539530848,209.100939427325));
#8499=CARTESIAN_POINT('Ctrl Pts',(58.9707801040225,89.9719779400596,209.787213937129));
#8500=CARTESIAN_POINT('Ctrl Pts',(26.191338679997,102.797404939213,210.336233544972));
#8501=CARTESIAN_POINT('Ctrl Pts',(1.08429869840709E-12,106.106810179023,
210.747998250855));
#8502=CARTESIAN_POINT('Ctrl Pts',(-26.1913386799949,102.797404939213,211.159762956737));
#8503=CARTESIAN_POINT('Ctrl Pts',(-58.9707801040206,89.9719779400607,211.70878256458));
#8504=CARTESIAN_POINT('Ctrl Pts',(-91.9919586059305,59.3382539530865,212.395057074384));
#8505=CARTESIAN_POINT('Ctrl Pts',(-106.283483423122,16.6232028192675,213.081331584188));
#8506=CARTESIAN_POINT('Ctrl Pts',(-104.45092815114,-18.5282565950574,213.630351192031));
#8507=CARTESIAN_POINT('Ctrl Pts',(-96.6657073123447,-43.753813504326,214.042115897913));
#8508=CARTESIAN_POINT('Ctrl Pts',(-82.8506002155492,-66.2500620981599,214.453880603796));
#8509=CARTESIAN_POINT('Ctrl Pts',(-57.6495359786063,-90.8242298176806,215.002900211639));
#8510=CARTESIAN_POINT('Ctrl Pts',(-16.1250280300245,-108.275261723937,215.689174721443));
#8511=CARTESIAN_POINT('Ctrl Pts',(28.6825515612929,-103.68134333841,216.375449231247));
#8512=CARTESIAN_POINT('Ctrl Pts',(59.9506614982756,-87.5169176217149,216.92446883909));
#8513=CARTESIAN_POINT('Ctrl Pts',(79.7214301866588,-70.0224873548556,217.336233544972));
#8514=CARTESIAN_POINT('Ctrl Pts',(94.5192754907699,-48.1601416607837,217.747998250855));
#8515=CARTESIAN_POINT('Ctrl Pts',(106.515080824456,-15.0680880500155,218.297017858698));
#8516=CARTESIAN_POINT('Ctrl Pts',(105.290472961179,29.9577224429253,218.983292368502));
#8517=CARTESIAN_POINT('Ctrl Pts',(82.6286207479819,68.8841110402807,219.669566878305));
#8518=CARTESIAN_POINT('Ctrl Pts',(55.0088601400331,90.7045643293716,220.218586486149));
#8519=CARTESIAN_POINT('Ctrl Pts',(30.918436561298,101.502243556348,220.630351192031));
#8520=CARTESIAN_POINT('Ctrl Pts',(4.89935947219905,105.968339426684,221.042115897914));
#8521=CARTESIAN_POINT('Ctrl Pts',(-30.1947969898093,103.251072417034,221.591135505757));
#8522=CARTESIAN_POINT('Ctrl Pts',(-70.7093553606902,83.5687495109975,222.277410015561));
#8523=CARTESIAN_POINT('Ctrl Pts',(-96.8274191004638,46.8717466163433,222.963684525365));
#8524=CARTESIAN_POINT('Ctrl Pts',(-105.317163489837,12.7117173718463,223.512704133208));
#8525=CARTESIAN_POINT('Ctrl Pts',(-105.220255471593,-13.687695381614,223.92446883909));
#8526=CARTESIAN_POINT('Ctrl Pts',(-98.5598391506437,-39.2332867688403,224.336233544973));
#8527=CARTESIAN_POINT('Ctrl Pts',(-81.6130502372767,-70.0843759442234,224.885253152815));
#8528=CARTESIAN_POINT('Ctrl Pts',(-46.975574186204,-98.8779260514329,225.57152766262));
#8529=CARTESIAN_POINT('Ctrl Pts',(-2.77382480644322,-107.539832696851,226.257802172423));
#8530=CARTESIAN_POINT('Ctrl Pts',(31.8475352668993,-101.188078257819,226.806821780267));
#8531=CARTESIAN_POINT('Ctrl Pts',(55.8580375785608,-90.2138282318145,227.218586486149));
#8532=CARTESIAN_POINT('Ctrl Pts',(76.38418517376,-73.6121521178913,227.630351192031));
#8533=CARTESIAN_POINT('Ctrl Pts',(97.502110697121,-45.4516020634015,228.179370799874));
#8534=CARTESIAN_POINT('Ctrl Pts',(109.450704925981,-2.02287457894615,228.865645309679));
#8535=CARTESIAN_POINT('Ctrl Pts',(99.115027465469,41.8177121689225,229.551919819482));
#8536=CARTESIAN_POINT('Ctrl Pts',(79.05209876328,70.7393692734639,230.100939427325));
#8537=CARTESIAN_POINT('Ctrl Pts',(59.153426117165,88.0881793714022,230.512704133207));
#8538=CARTESIAN_POINT('Ctrl Pts',(35.5648365276512,99.9421587061649,230.92446883909));
#8539=CARTESIAN_POINT('Ctrl Pts',(1.20182761128151,107.56888644453,231.473488446933));
#8540=CARTESIAN_POINT('Ctrl Pts',(-43.2898050701959,100.546216275605,232.159762956737));
#8541=CARTESIAN_POINT('Ctrl Pts',(-78.9675906575276,73.0522371065301,232.846037466541));
#8542=CARTESIAN_POINT('Ctrl Pts',(-97.0427999361179,42.8484266297547,233.395057074384));
#8543=CARTESIAN_POINT('Ctrl Pts',(-104.642615497838,17.5663937146707,233.806821780266));
#8544=CARTESIAN_POINT('Ctrl Pts',(-105.714955217967,-8.81140893104157,234.218586486149));
#8545=CARTESIAN_POINT('Ctrl Pts',(-98.4932731131742,-43.2618177146679,234.767606093992));
#8546=CARTESIAN_POINT('Ctrl Pts',(-73.7490557201624,-80.8988603797395,235.453880603796));
#8547=CARTESIAN_POINT('Ctrl Pts',(-33.98945769882,-102.064815121881,236.1401551136));
#8548=CARTESIAN_POINT('Ctrl Pts',(0.980324474748361,-106.077008102657,236.689174721443));
#8549=CARTESIAN_POINT('Ctrl Pts',(27.1466610378868,-102.575406218359,237.100939427325));
#8550=CARTESIAN_POINT('Ctrl Pts',(51.6196227435475,-92.6752784290433,237.512704133208));
#8551=CARTESIAN_POINT('Ctrl Pts',(80.0268191825178,-71.8903187644347,238.061723741051));
#8552=CARTESIAN_POINT('Ctrl Pts',(104.111583138084,-33.8279039675554,238.747998250855));
#8553=CARTESIAN_POINT('Ctrl Pts',(106.999125876768,11.1219055080964,239.434272760659));
#8554=CARTESIAN_POINT('Ctrl Pts',(96.2343139554443,44.6346222299667,239.983292368502));
#8555=CARTESIAN_POINT('Ctrl Pts',(82.2544211432477,67.0288398285131,240.395057074384));
#8556=CARTESIAN_POINT('Ctrl Pts',(63.1436001301245,85.241881998779,240.806821780267));
#8557=CARTESIAN_POINT('Ctrl Pts',(32.4941441986684,102.550671930122,241.35584138811));
#8558=CARTESIAN_POINT('Ctrl Pts',(-12.1130823382336,108.797160195583,242.042115897914));
#8559=CARTESIAN_POINT('Ctrl Pts',(-54.2540733401213,92.8924391246579,242.728390407717));
#8560=CARTESIAN_POINT('Ctrl Pts',(-80.345979109337,69.266271193481,243.277410015561));
#8561=CARTESIAN_POINT('Ctrl Pts',(-94.9829214350409,47.2958751058913,243.689174721442));
#8562=CARTESIAN_POINT('Ctrl Pts',(-103.694947586953,22.3752213179204,244.100939427326));
#8563=CARTESIAN_POINT('Ctrl Pts',(-106.825150464975,-12.6845160987242,244.649959035168));
#8564=CARTESIAN_POINT('Ctrl Pts',(-94.1217710855794,-55.8984886921824,245.336233544973));
#8565=CARTESIAN_POINT('Ctrl Pts',(-62.2551060957854,-87.7314737453215,246.022508054776));
#8566=CARTESIAN_POINT('Ctrl Pts',(-29.9719698167219,-101.759391258951,246.57152766262));
#8567=CARTESIAN_POINT('Ctrl Pts',(-3.92080573151486,-106.034345609255,246.983292368502));
#8568=CARTESIAN_POINT('Ctrl Pts',(22.3749333250857,-103.695009729421,247.395057074384));
#8569=CARTESIAN_POINT('Ctrl Pts',(55.6059071199972,-92.0895912353059,247.944076682227));
#8570=CARTESIAN_POINT('Ctrl Pts',(89.7364961761755,-62.6969702966535,248.630351192031));
#8571=CARTESIAN_POINT('Ctrl Pts',(105.596645927332,-20.5391842442998,249.316625701835));
#8572=CARTESIAN_POINT('Ctrl Pts',(105.064241311462,14.6559845023733,249.865645309679));
#8573=CARTESIAN_POINT('Ctrl Pts',(98.2164594609971,40.1519894564835,250.27741001556));
#8574=CARTESIAN_POINT('Ctrl Pts',(85.24205736764,63.1433633869687,250.689174721443));
#8575=CARTESIAN_POINT('Ctrl Pts',(60.96625628538,88.6319655376595,251.238194329286));
#8576=CARTESIAN_POINT('Ctrl Pts',(20.114948873142,107.60547226878,251.924468839091));
#8577=CARTESIAN_POINT('Ctrl Pts',(-24.8317820085943,104.670398503116,252.610743348893));
#8578=CARTESIAN_POINT('Ctrl Pts',(-56.6758374740455,89.672415662245,253.159762956737));
#8579=CARTESIAN_POINT('Ctrl Pts',(-77.0795493458081,72.9204925862022,253.571527662619));
#8580=CARTESIAN_POINT('Ctrl Pts',(-92.6751350651238,51.6198801310877,253.983292368502));
#8581=CARTESIAN_POINT('Ctrl Pts',(-105.885548984016,18.9936893961399,254.532311976345));
#8582=CARTESIAN_POINT('Ctrl Pts',(-106.325548663185,-26.0466222729345,255.218586486149));
#8583=CARTESIAN_POINT('Ctrl Pts',(-85.1175615565745,-65.7838159062419,255.904860995953));
#8584=CARTESIAN_POINT('Ctrl Pts',(-58.3229620503681,-88.609958705318,256.453880603796));
#8585=CARTESIAN_POINT('Ctrl Pts',(-34.6479812194265,-100.290441038942,256.865645309678));
#8586=CARTESIAN_POINT('Ctrl Pts',(-8.81170253393809,-105.714930745568,257.277410015561));
#8587=CARTESIAN_POINT('Ctrl Pts',(26.3588938201234,-104.29630116693,257.826429623404));
#8588=CARTESIAN_POINT('Ctrl Pts',(67.5730745271461,-86.1244937825766,258.512704133207));
#8589=CARTESIAN_POINT('Ctrl Pts',(95.0293104802489,-50.4176543501566,259.198978643012));
#8590=CARTESIAN_POINT('Ctrl Pts',(104.775521184566,-16.5946631357651,259.747998250854));
#8591=CARTESIAN_POINT('Ctrl Pts',(105.654177232902,9.79030130310094,260.159762956737));
#8592=CARTESIAN_POINT('Ctrl Pts',(99.9422574802671,35.564558957415,260.571527662619));
#8593=CARTESIAN_POINT('Ctrl Pts',(84.1470362073048,67.0207879545514,261.120547270463));
#8594=CARTESIAN_POINT('Ctrl Pts',(50.5971803183912,97.0745804739113,261.806821780266));
#8595=CARTESIAN_POINT('Ctrl Pts',(6.74568851310921,107.363892473249,262.49309629007));
#8596=CARTESIAN_POINT('Ctrl Pts',(-28.0867341037535,102.295787066085,263.042115897913));
#8597=CARTESIAN_POINT('Ctrl Pts',(-52.4863536796311,92.2162558543308,263.453880603796));
#8598=CARTESIAN_POINT('Ctrl Pts',(-73.6119399751183,76.3843896170381,263.865645309678));
#8599=CARTESIAN_POINT('Ctrl Pts',(-95.7560177739788,49.0234105366618,264.414664917521));
#8600=CARTESIAN_POINT('Ctrl Pts',(-109.301208427847,6.06586073346519,265.100939427326));
#8601=CARTESIAN_POINT('Ctrl Pts',(-100.592565029362,-38.1267043096829,265.787213937129));
#8602=CARTESIAN_POINT('Ctrl Pts',(-81.6120366935322,-67.7699649596024,266.336233544972));
#8603=CARTESIAN_POINT('Ctrl Pts',(-62.3680181936601,-85.8422126536676,266.747998250855));
#8604=CARTESIAN_POINT('Ctrl Pts',(-39.2335604948102,-98.5597301875081,267.159762956737));
#8605=CARTESIAN_POINT('Ctrl Pts',(-5.17583848765904,-107.45101403205,267.70878256458));
#8606=CARTESIAN_POINT('Ctrl Pts',(39.5449073108233,-102.077172463332,268.395057074384));
#8607=CARTESIAN_POINT('Ctrl Pts',(76.2142708123032,-75.9203176990703,269.081331584188));
#8608=CARTESIAN_POINT('Ctrl Pts',(95.3932119772777,-46.4050406953625,269.630351192031));
#8609=CARTESIAN_POINT('Ctrl Pts',(103.922046196071,-21.4210984638936,270.042115897913));
#8610=CARTESIAN_POINT('Ctrl Pts',(105.968353221862,4.89906515996632,270.453880603796));
#8611=CARTESIAN_POINT('Ctrl Pts',(100.024596749853,39.5927983859442,271.002900211638));
#8612=CARTESIAN_POINT('Ctrl Pts',(76.6880246421155,78.1184731096317,271.689174721444));
#8613=CARTESIAN_POINT('Ctrl Pts',(37.7376915236359,100.73914960673,272.375449231246));
#8614=CARTESIAN_POINT('Ctrl Pts',(2.94005137435389,106.040788290718,272.92446883909));
#8615=CARTESIAN_POINT('Ctrl Pts',(-23.3378104164058,103.508463331057,273.336233544972));
#8616=CARTESIAN_POINT('Ctrl Pts',(-48.1598718229901,94.5194090298943,273.747998250854));
#8617=CARTESIAN_POINT('Ctrl Pts',(-77.3157266336233,74.7983334329558,274.297017858698));
#8618=CARTESIAN_POINT('Ctrl Pts',(-102.790454373369,37.6518796114128,274.983292368502));
#8619=CARTESIAN_POINT('Ctrl Pts',(-107.337076373556,-7.16053020753452,275.669566878306));
#8620=CARTESIAN_POINT('Ctrl Pts',(-97.8178361630947,-41.0481393894347,276.218586486149));
#8621=CARTESIAN_POINT('Ctrl Pts',(-84.6752169685259,-63.943634414865,276.630351192031));
#8622=CARTESIAN_POINT('Ctrl Pts',(-66.250007367723,-82.8504246144912,277.042115897914));
#8623=CARTESIAN_POINT('Ctrl Pts',(-36.2619766019447,-101.27991028113,277.591135505756));
#8624=CARTESIAN_POINT('Ctrl Pts',(8.0859537238487,-109.170494958031,278.277410015561));
#8625=CARTESIAN_POINT('Ctrl Pts',(50.7824307858051,-94.833707493547,278.963684525365));
#8626=CARTESIAN_POINT('Ctrl Pts',(77.7344086101189,-72.1879523632909,279.512704133207));
#8627=CARTESIAN_POINT('Ctrl Pts',(93.1643378164002,-50.7731686156378,279.92446883909));
#8628=CARTESIAN_POINT('Ctrl Pts',(102.808908112783,-26.191866716528,280.336233544972));
#8629=CARTESIAN_POINT('Ctrl Pts',(105.,-8.7318253787134,280.610743348894));
#8630=CARTESIAN_POINT('Ctrl Pts',(105.,-1.44044460766465E-12,280.747998250855));
#8631=CARTESIAN_POINT('Ctrl Pts',(105.,0.,6.12323399573677E-16));
#8632=CARTESIAN_POINT('Ctrl Pts',(105.,8.73177958130104,0.137254901960785));
#8633=CARTESIAN_POINT('Ctrl Pts',(102.808908112783,26.1918981173592,0.411764705882353));
#8634=CARTESIAN_POINT('Ctrl Pts',(93.1643378164016,50.7731541750946,0.823529411764707));
#8635=CARTESIAN_POINT('Ctrl Pts',(77.7344086101207,72.1879588071176,1.23529411764706));
#8636=CARTESIAN_POINT('Ctrl Pts',(50.7824307858067,94.8337027319045,1.7843137254902));
#8637=CARTESIAN_POINT('Ctrl Pts',(8.08595372384952,109.170498079975,2.47058823529412));
#8638=CARTESIAN_POINT('Ctrl Pts',(-36.2619766019437,101.279908854018,3.15686274509804));
#8639=CARTESIAN_POINT('Ctrl Pts',(-66.2500073677214,82.8504252670651,3.70588235294118));
#8640=CARTESIAN_POINT('Ctrl Pts',(-84.6752169685244,63.9436340608677,4.11764705882353));
#8641=CARTESIAN_POINT('Ctrl Pts',(-97.8178361630937,41.0481395538419,4.52941176470588));
#8642=CARTESIAN_POINT('Ctrl Pts',(-107.337076373556,7.16053008524018,5.07843137254902));
#8643=CARTESIAN_POINT('Ctrl Pts',(-102.790454373369,-37.6518795311291,5.76470588235294));
#8644=CARTESIAN_POINT('Ctrl Pts',(-77.3157266336238,-74.79833346967,6.45098039215686));
#8645=CARTESIAN_POINT('Ctrl Pts',(-48.1598718229916,-94.5194090131037,7.));
#8646=CARTESIAN_POINT('Ctrl Pts',(-23.3378104164082,-103.508463340164,7.41176470588235));
#8647=CARTESIAN_POINT('Ctrl Pts',(2.9400513743517,-106.040788286488,7.82352941176469));
#8648=CARTESIAN_POINT('Ctrl Pts',(37.7376915236349,-100.739149609877,8.37254901960786));
#8649=CARTESIAN_POINT('Ctrl Pts',(76.6880246421152,-78.1184731075665,9.05882352941175));
#8650=CARTESIAN_POINT('Ctrl Pts',(100.024596749852,-39.5927983868892,9.7450980392157));
#8651=CARTESIAN_POINT('Ctrl Pts',(105.968353221861,-4.89906515953589,10.2941176470588));
#8652=CARTESIAN_POINT('Ctrl Pts',(103.922046196071,21.4210984636572,10.7058823529412));
#8653=CARTESIAN_POINT('Ctrl Pts',(95.3932119772787,46.4050406954695,11.1176470588235));
#8654=CARTESIAN_POINT('Ctrl Pts',(76.2142708123039,75.9203176989889,11.6666666666667));
#8655=CARTESIAN_POINT('Ctrl Pts',(39.5449073108235,102.077172463385,12.3529411764706));
#8656=CARTESIAN_POINT('Ctrl Pts',(-5.17583848765874,107.451014032026,13.0392156862745));
#8657=CARTESIAN_POINT('Ctrl Pts',(-39.2335604948089,98.5597301875197,13.5882352941176));
#8658=CARTESIAN_POINT('Ctrl Pts',(-62.3680181936585,85.8422126536627,14.));
#8659=CARTESIAN_POINT('Ctrl Pts',(-81.6120366935311,67.7699649596067,14.4117647058824));
#8660=CARTESIAN_POINT('Ctrl Pts',(-100.592565029362,38.1267043096816,14.9607843137255));
#8661=CARTESIAN_POINT('Ctrl Pts',(-109.301208427847,-6.06586073346394,15.6470588235294));
#8662=CARTESIAN_POINT('Ctrl Pts',(-95.7560177739786,-49.0234105366623,16.3333333333333));
#8663=CARTESIAN_POINT('Ctrl Pts',(-73.6119399751191,-76.384389617037,16.8823529411765));
#8664=CARTESIAN_POINT('Ctrl Pts',(-52.4863536796326,-92.2162558543299,17.2941176470588));
#8665=CARTESIAN_POINT('Ctrl Pts',(-28.0867341037551,-102.295787066085,17.7058823529412));
#8666=CARTESIAN_POINT('Ctrl Pts',(6.74568851310861,-107.36389247325,18.2549019607843));
#8667=CARTESIAN_POINT('Ctrl Pts',(50.5971803183915,-97.0745804739111,18.9411764705882));
#8668=CARTESIAN_POINT('Ctrl Pts',(84.1470362073047,-67.0207879545514,19.6274509803922));
#8669=CARTESIAN_POINT('Ctrl Pts',(99.9422574802669,-35.5645589574157,20.1764705882353));
#8670=CARTESIAN_POINT('Ctrl Pts',(105.654177232901,-9.79030130310263,20.5882352941177));
#8671=CARTESIAN_POINT('Ctrl Pts',(104.775521184566,16.5946631357638,21.));
#8672=CARTESIAN_POINT('Ctrl Pts',(95.0293104802495,50.4176543501554,21.5490196078431));
#8673=CARTESIAN_POINT('Ctrl Pts',(67.5730745271472,86.1244937825753,22.2352941176471));
#8674=CARTESIAN_POINT('Ctrl Pts',(26.3588938201251,104.29630116693,22.921568627451));
#8675=CARTESIAN_POINT('Ctrl Pts',(-8.8117025339364,105.714930745568,23.4705882352941));
#8676=CARTESIAN_POINT('Ctrl Pts',(-34.6479812194252,100.290441038942,23.8823529411765));
#8677=CARTESIAN_POINT('Ctrl Pts',(-58.3229620503662,88.6099587053191,24.2941176470588));
#8678=CARTESIAN_POINT('Ctrl Pts',(-85.1175615565724,65.7838159062444,24.843137254902));
#8679=CARTESIAN_POINT('Ctrl Pts',(-106.325548663184,26.0466222729379,25.5294117647059));
#8680=CARTESIAN_POINT('Ctrl Pts',(-105.885548984017,-18.9936893961374,26.2156862745098));
#8681=CARTESIAN_POINT('Ctrl Pts',(-92.6751350651246,-51.6198801310865,26.7647058823529));
#8682=CARTESIAN_POINT('Ctrl Pts',(-77.0795493458088,-72.9204925862014,27.1764705882353));
#8683=CARTESIAN_POINT('Ctrl Pts',(-56.6758374740469,-89.6724156622439,27.5882352941176));
#8684=CARTESIAN_POINT('Ctrl Pts',(-24.8317820085971,-104.670398503116,28.1372549019608));
#8685=CARTESIAN_POINT('Ctrl Pts',(20.1149488731389,-107.60547226878,28.8235294117646));
#8686=CARTESIAN_POINT('Ctrl Pts',(60.9662562853781,-88.6319655376609,29.5098039215687));
#8687=CARTESIAN_POINT('Ctrl Pts',(85.2420573676393,-63.1433633869698,30.0588235294118));
#8688=CARTESIAN_POINT('Ctrl Pts',(98.2164594609966,-40.1519894564844,30.4705882352941));
#8689=CARTESIAN_POINT('Ctrl Pts',(105.064241311461,-14.6559845023752,30.8823529411765));
#8690=CARTESIAN_POINT('Ctrl Pts',(105.596645927332,20.5391842442972,31.4313725490196));
#8691=CARTESIAN_POINT('Ctrl Pts',(89.736496176177,62.6969702966509,32.1176470588235));
#8692=CARTESIAN_POINT('Ctrl Pts',(55.6059071199991,92.0895912353051,32.8039215686274));
#8693=CARTESIAN_POINT('Ctrl Pts',(22.3749333250866,103.695009729421,33.3529411764706));
#8694=CARTESIAN_POINT('Ctrl Pts',(-3.92080573151421,106.034345609255,33.7647058823529));
#8695=CARTESIAN_POINT('Ctrl Pts',(-29.9719698167204,101.759391258952,34.1764705882353));
#8696=CARTESIAN_POINT('Ctrl Pts',(-62.2551060957835,87.731473745323,34.7254901960784));
#8697=CARTESIAN_POINT('Ctrl Pts',(-94.1217710855776,55.8984886921846,35.4117647058823));
#8698=CARTESIAN_POINT('Ctrl Pts',(-106.825150464976,12.6845160987263,36.0980392156863));
#8699=CARTESIAN_POINT('Ctrl Pts',(-103.694947586953,-22.3752213179195,36.6470588235294));
#8700=CARTESIAN_POINT('Ctrl Pts',(-94.9829214350413,-47.2958751058907,37.0588235294118));
#8701=CARTESIAN_POINT('Ctrl Pts',(-80.3459791093377,-69.2662711934798,37.4705882352941));
#8702=CARTESIAN_POINT('Ctrl Pts',(-54.2540733401235,-92.8924391246565,38.0196078431372));
#8703=CARTESIAN_POINT('Ctrl Pts',(-12.1130823382361,-108.797160195583,38.7058823529412));
#8704=CARTESIAN_POINT('Ctrl Pts',(32.4941441986667,-102.550671930123,39.3921568627451));
#8705=CARTESIAN_POINT('Ctrl Pts',(63.1436001301242,-85.2418819987795,39.9411764705882));
#8706=CARTESIAN_POINT('Ctrl Pts',(82.2544211432474,-67.0288398285133,40.3529411764706));
#8707=CARTESIAN_POINT('Ctrl Pts',(96.2343139554437,-44.6346222299677,40.7647058823529));
#8708=CARTESIAN_POINT('Ctrl Pts',(106.999125876768,-11.1219055080985,41.3137254901961));
#8709=CARTESIAN_POINT('Ctrl Pts',(104.111583138084,33.8279039675529,42.));
#8710=CARTESIAN_POINT('Ctrl Pts',(80.0268191825192,71.8903187644339,42.6862745098039));
#8711=CARTESIAN_POINT('Ctrl Pts',(51.6196227435477,92.675278429043,43.2352941176471));
#8712=CARTESIAN_POINT('Ctrl Pts',(27.1466610378868,102.575406218359,43.6470588235294));
#8713=CARTESIAN_POINT('Ctrl Pts',(0.980324474749002,106.077008102657,44.0588235294118));
#8714=CARTESIAN_POINT('Ctrl Pts',(-33.9894576988182,102.064815121881,44.6078431372548));
#8715=CARTESIAN_POINT('Ctrl Pts',(-73.7490557201611,80.8988603797409,45.2941176470588));
#8716=CARTESIAN_POINT('Ctrl Pts',(-98.4932731131738,43.2618177146691,45.9803921568627));
#8717=CARTESIAN_POINT('Ctrl Pts',(-105.714955217967,8.81140893104178,46.5294117647059));
#8718=CARTESIAN_POINT('Ctrl Pts',(-104.642615497838,-17.5663937146708,46.9411764705883));
#8719=CARTESIAN_POINT('Ctrl Pts',(-97.042799936118,-42.8484266297539,47.3529411764706));
#8720=CARTESIAN_POINT('Ctrl Pts',(-78.9675906575288,-73.0522371065289,47.9019607843138));
#8721=CARTESIAN_POINT('Ctrl Pts',(-43.2898050701977,-100.546216275604,48.5882352941175));
#8722=CARTESIAN_POINT('Ctrl Pts',(1.20182761128027,-107.568886444531,49.2745098039216));
#8723=CARTESIAN_POINT('Ctrl Pts',(35.5648365276511,-99.9421587061649,49.8235294117647));
#8724=CARTESIAN_POINT('Ctrl Pts',(59.1534261171652,-88.0881793714022,50.2352941176471));
#8725=CARTESIAN_POINT('Ctrl Pts',(79.0520987632794,-70.7393692734642,50.6470588235294));
#8726=CARTESIAN_POINT('Ctrl Pts',(99.1150274654685,-41.8177121689239,51.1960784313726));
#8727=CARTESIAN_POINT('Ctrl Pts',(109.45070492598,2.02287457894449,51.8823529411764));
#8728=CARTESIAN_POINT('Ctrl Pts',(97.5021106971217,45.4516020634011,52.5686274509804));
#8729=CARTESIAN_POINT('Ctrl Pts',(76.3841851737597,73.6121521178916,53.1176470588235));
#8730=CARTESIAN_POINT('Ctrl Pts',(55.8580375785601,90.213828231815,53.5294117647059));
#8731=CARTESIAN_POINT('Ctrl Pts',(31.8475352668992,101.188078257819,53.9411764705883));
#8732=CARTESIAN_POINT('Ctrl Pts',(-2.77382480644222,107.539832696851,54.4901960784313));
#8733=CARTESIAN_POINT('Ctrl Pts',(-46.9755741862029,98.8779260514333,55.1764705882353));
#8734=CARTESIAN_POINT('Ctrl Pts',(-81.6130502372764,70.0843759442239,55.8627450980391));
#8735=CARTESIAN_POINT('Ctrl Pts',(-98.5598391506441,39.2332867688398,56.4117647058824));
#8736=CARTESIAN_POINT('Ctrl Pts',(-105.220255471593,13.6876953816132,56.8235294117646));
#8737=CARTESIAN_POINT('Ctrl Pts',(-105.317163489837,-12.7117173718464,57.2352941176471));
#8738=CARTESIAN_POINT('Ctrl Pts',(-96.827419100464,-46.8717466163424,57.7843137254901));
#8739=CARTESIAN_POINT('Ctrl Pts',(-70.7093553606912,-83.5687495109968,58.4705882352942));
#8740=CARTESIAN_POINT('Ctrl Pts',(-30.1947969898097,-103.251072417034,59.156862745098));
#8741=CARTESIAN_POINT('Ctrl Pts',(4.89935947219959,-105.968339426685,59.7058823529412));
#8742=CARTESIAN_POINT('Ctrl Pts',(30.9184365612987,-101.502243556348,60.1176470588235));
#8743=CARTESIAN_POINT('Ctrl Pts',(55.0088601400331,-90.7045643293716,60.5294117647059));
#8744=CARTESIAN_POINT('Ctrl Pts',(82.6286207479812,-68.8841110402813,61.078431372549));
#8745=CARTESIAN_POINT('Ctrl Pts',(105.290472961179,-29.9577224429265,61.7647058823529));
#8746=CARTESIAN_POINT('Ctrl Pts',(106.515080824456,15.0680880500151,62.4509803921569));
#8747=CARTESIAN_POINT('Ctrl Pts',(94.5192754907698,48.1601416607843,63.));
#8748=CARTESIAN_POINT('Ctrl Pts',(79.7214301866583,70.0224873548562,63.4117647058823));
#8749=CARTESIAN_POINT('Ctrl Pts',(59.9506614982755,87.5169176217148,63.8235294117647));
#8750=CARTESIAN_POINT('Ctrl Pts',(28.6825515612935,103.68134333841,64.3725490196078));
#8751=CARTESIAN_POINT('Ctrl Pts',(-16.1250280300238,108.275261723937,65.0588235294117));
#8752=CARTESIAN_POINT('Ctrl Pts',(-57.6495359786066,90.8242298176805,65.7450980392157));
#8753=CARTESIAN_POINT('Ctrl Pts',(-82.8506002155501,66.250062098159,66.2941176470588));
#8754=CARTESIAN_POINT('Ctrl Pts',(-96.6657073123453,43.7538135043246,66.7058823529412));
#8755=CARTESIAN_POINT('Ctrl Pts',(-104.45092815114,18.5282565950566,67.1176470588235));
#8756=CARTESIAN_POINT('Ctrl Pts',(-106.283483423122,-16.6232028192674,67.6666666666667));
#8757=CARTESIAN_POINT('Ctrl Pts',(-91.9919586059308,-59.3382539530855,68.3529411764706));
#8758=CARTESIAN_POINT('Ctrl Pts',(-58.9707801040216,-89.9719779400601,69.0392156862745));
#8759=CARTESIAN_POINT('Ctrl Pts',(-26.191338679996,-102.797404939213,69.5882352941177));
#8760=CARTESIAN_POINT('Ctrl Pts',(-3.69405684016137E-13,-106.106810179023,
70.));
#8761=CARTESIAN_POINT('Ctrl Pts',(26.1913386799953,-102.797404939213,70.4117647058823));
#8762=CARTESIAN_POINT('Ctrl Pts',(58.970780104021,-89.9719779400605,70.9607843137255));
#8763=CARTESIAN_POINT('Ctrl Pts',(91.9919586059305,-59.3382539530862,71.6470588235293));
#8764=CARTESIAN_POINT('Ctrl Pts',(106.283483423122,-16.6232028192681,72.3333333333333));
#8765=CARTESIAN_POINT('Ctrl Pts',(104.45092815114,18.5282565950559,72.8823529411765));
#8766=CARTESIAN_POINT('Ctrl Pts',(96.6657073123457,43.7538135043239,73.2941176470588));
#8767=CARTESIAN_POINT('Ctrl Pts',(82.8506002155504,66.2500620981585,73.7058823529412));
#8768=CARTESIAN_POINT('Ctrl Pts',(57.6495359786073,90.8242298176801,74.2549019607843));
#8769=CARTESIAN_POINT('Ctrl Pts',(16.1250280300247,108.275261723937,74.9411764705882));
#8770=CARTESIAN_POINT('Ctrl Pts',(-28.6825515612923,103.68134333841,75.6274509803921));
#8771=CARTESIAN_POINT('Ctrl Pts',(-59.9506614982742,87.5169176217156,76.1764705882353));
#8772=CARTESIAN_POINT('Ctrl Pts',(-79.7214301866576,70.0224873548572,76.5882352941176));
#8773=CARTESIAN_POINT('Ctrl Pts',(-94.5192754907693,48.1601416607851,77.));
#8774=CARTESIAN_POINT('Ctrl Pts',(-106.515080824457,15.0680880500159,77.5490196078431));
#8775=CARTESIAN_POINT('Ctrl Pts',(-105.290472961179,-29.9577224429258,78.235294117647));
#8776=CARTESIAN_POINT('Ctrl Pts',(-82.6286207479818,-68.8841110402808,78.921568627451));
#8777=CARTESIAN_POINT('Ctrl Pts',(-55.0088601400337,-90.7045643293711,79.4705882352941));
#8778=CARTESIAN_POINT('Ctrl Pts',(-30.9184365612995,-101.502243556348,79.8823529411764));
#8779=CARTESIAN_POINT('Ctrl Pts',(-4.89935947220029,-105.968339426684,80.2941176470589));
#8780=CARTESIAN_POINT('Ctrl Pts',(30.194796989809,-103.251072417035,80.8431372549018));
#8781=CARTESIAN_POINT('Ctrl Pts',(70.7093553606907,-83.568749510997,81.5294117647061));
#8782=CARTESIAN_POINT('Ctrl Pts',(96.8274191004636,-46.8717466163432,82.2156862745096));
#8783=CARTESIAN_POINT('Ctrl Pts',(105.317163489837,-12.711717371847,82.7647058823531));
#8784=CARTESIAN_POINT('Ctrl Pts',(105.220255471593,13.6876953816124,83.1764705882351));
#8785=CARTESIAN_POINT('Ctrl Pts',(98.5598391506444,39.2332867688392,83.5882352941178));
#8786=CARTESIAN_POINT('Ctrl Pts',(81.6130502372769,70.0843759442231,84.1372549019607));
#8787=CARTESIAN_POINT('Ctrl Pts',(46.9755741862036,98.8779260514333,84.8235294117648));
#8788=CARTESIAN_POINT('Ctrl Pts',(2.77382480644298,107.539832696851,85.5098039215685));
#8789=CARTESIAN_POINT('Ctrl Pts',(-31.8475352668985,101.188078257819,86.0588235294119));
#8790=CARTESIAN_POINT('Ctrl Pts',(-55.8580375785594,90.2138282318151,86.470588235294));
#8791=CARTESIAN_POINT('Ctrl Pts',(-76.3841851737591,73.6121521178923,86.8823529411765));
#8792=CARTESIAN_POINT('Ctrl Pts',(-97.5021106971213,45.4516020634017,87.4313725490196));
#8793=CARTESIAN_POINT('Ctrl Pts',(-109.450704925981,2.02287457894512,88.1176470588235));
#8794=CARTESIAN_POINT('Ctrl Pts',(-99.1150274654686,-41.8177121689234,88.8039215686274));
#8795=CARTESIAN_POINT('Ctrl Pts',(-79.0520987632798,-70.7393692734638,89.3529411764706));
#8796=CARTESIAN_POINT('Ctrl Pts',(-59.1534261171658,-88.0881793714017,89.764705882353));
#8797=CARTESIAN_POINT('Ctrl Pts',(-35.5648365276517,-99.9421587061648,90.1764705882353));
#8798=CARTESIAN_POINT('Ctrl Pts',(-1.20182761128103,-107.56888644453,90.7254901960784));
#8799=CARTESIAN_POINT('Ctrl Pts',(43.289805070197,-100.546216275604,91.4117647058823));
#8800=CARTESIAN_POINT('Ctrl Pts',(78.9675906575282,-73.0522371065293,92.0980392156863));
#8801=CARTESIAN_POINT('Ctrl Pts',(97.0427999361177,-42.8484266297547,92.6470588235294));
#8802=CARTESIAN_POINT('Ctrl Pts',(104.642615497838,-17.5663937146714,93.0588235294119));
#8803=CARTESIAN_POINT('Ctrl Pts',(105.714955217967,8.81140893104094,93.470588235294));
#8804=CARTESIAN_POINT('Ctrl Pts',(98.4932731131741,43.2618177146686,94.0196078431374));
#8805=CARTESIAN_POINT('Ctrl Pts',(73.7490557201616,80.8988603797401,94.705882352941));
#8806=CARTESIAN_POINT('Ctrl Pts',(33.9894576988189,102.064815121881,95.3921568627452));
#8807=CARTESIAN_POINT('Ctrl Pts',(-0.980324474748265,106.077008102656,95.9411764705882));
#8808=CARTESIAN_POINT('Ctrl Pts',(-27.1466610378862,102.575406218359,96.3529411764707));
#8809=CARTESIAN_POINT('Ctrl Pts',(-51.6196227435469,92.6752784290433,96.7647058823528));
#8810=CARTESIAN_POINT('Ctrl Pts',(-80.0268191825186,71.8903187644347,97.3137254901961));
#8811=CARTESIAN_POINT('Ctrl Pts',(-104.111583138084,33.827903967554,97.9999999999999));
#8812=CARTESIAN_POINT('Ctrl Pts',(-106.999125876768,-11.1219055080974,98.6862745098039));
#8813=CARTESIAN_POINT('Ctrl Pts',(-96.2343139554441,-44.6346222299666,99.235294117647));
#8814=CARTESIAN_POINT('Ctrl Pts',(-82.254421143248,-67.0288398285129,99.6470588235295));
#8815=CARTESIAN_POINT('Ctrl Pts',(-63.1436001301246,-85.241881998779,100.058823529412));
#8816=CARTESIAN_POINT('Ctrl Pts',(-32.4941441986673,-102.550671930123,100.607843137255));
#8817=CARTESIAN_POINT('Ctrl Pts',(12.1130823382355,-108.797160195583,101.294117647059));
#8818=CARTESIAN_POINT('Ctrl Pts',(54.2540733401229,-92.8924391246569,101.980392156863));
#8819=CARTESIAN_POINT('Ctrl Pts',(80.3459791093372,-69.2662711934804,102.529411764706));
#8820=CARTESIAN_POINT('Ctrl Pts',(94.9829214350409,-47.2958751058913,102.941176470588));
#8821=CARTESIAN_POINT('Ctrl Pts',(103.694947586953,-22.3752213179202,103.352941176471));
#8822=CARTESIAN_POINT('Ctrl Pts',(106.825150464976,12.6845160987255,103.901960784314));
#8823=CARTESIAN_POINT('Ctrl Pts',(94.1217710855781,55.898488692184,104.588235294117));
#8824=CARTESIAN_POINT('Ctrl Pts',(62.255106095784,87.7314737453225,105.274509803922));
#8825=CARTESIAN_POINT('Ctrl Pts',(29.9719698167209,101.759391258952,105.823529411765));
#8826=CARTESIAN_POINT('Ctrl Pts',(3.92080573151413,106.034345609255,106.235294117647));
#8827=CARTESIAN_POINT('Ctrl Pts',(-22.3749333250868,103.695009729421,106.647058823529));
#8828=CARTESIAN_POINT('Ctrl Pts',(-55.6059071199994,92.089591235305,107.196078431373));
#8829=CARTESIAN_POINT('Ctrl Pts',(-89.7364961761768,62.696970296651,107.882352941176));
#8830=CARTESIAN_POINT('Ctrl Pts',(-105.596645927332,20.5391842442977,108.56862745098));
#8831=CARTESIAN_POINT('Ctrl Pts',(-105.064241311461,-14.6559845023746,109.117647058824));
#8832=CARTESIAN_POINT('Ctrl Pts',(-98.216459460997,-40.1519894564841,109.529411764706));
#8833=CARTESIAN_POINT('Ctrl Pts',(-85.2420573676393,-63.1433633869698,109.941176470588));
#8834=CARTESIAN_POINT('Ctrl Pts',(-60.9662562853782,-88.6319655376609,110.490196078431));
#8835=CARTESIAN_POINT('Ctrl Pts',(-20.1149488731392,-107.60547226878,111.176470588235));
#8836=CARTESIAN_POINT('Ctrl Pts',(24.8317820085966,-104.670398503116,111.862745098039));
#8837=CARTESIAN_POINT('Ctrl Pts',(56.6758374740464,-89.6724156622441,112.411764705882));
#8838=CARTESIAN_POINT('Ctrl Pts',(77.0795493458087,-72.9204925862018,112.823529411765));
#8839=CARTESIAN_POINT('Ctrl Pts',(92.6751350651245,-51.6198801310867,113.235294117647));
#8840=CARTESIAN_POINT('Ctrl Pts',(105.885548984017,-18.9936893961377,113.78431372549));
#8841=CARTESIAN_POINT('Ctrl Pts',(106.325548663184,26.0466222729372,114.470588235294));
#8842=CARTESIAN_POINT('Ctrl Pts',(85.117561556573,65.7838159062436,115.156862745098));
#8843=CARTESIAN_POINT('Ctrl Pts',(58.322962050367,88.6099587053186,115.705882352941));
#8844=CARTESIAN_POINT('Ctrl Pts',(34.6479812194259,100.290441038942,116.117647058824));
#8845=CARTESIAN_POINT('Ctrl Pts',(8.81170253393688,105.714930745568,116.529411764706));
#8846=CARTESIAN_POINT('Ctrl Pts',(-26.3588938201246,104.296301166929,117.078431372549));
#8847=CARTESIAN_POINT('Ctrl Pts',(-67.5730745271465,86.1244937825761,117.764705882353));
#8848=CARTESIAN_POINT('Ctrl Pts',(-95.0293104802491,50.4176543501562,118.450980392157));
#8849=CARTESIAN_POINT('Ctrl Pts',(-104.775521184566,16.5946631357651,119.));
#8850=CARTESIAN_POINT('Ctrl Pts',(-105.654177232902,-9.79030130310195,119.411764705883));
#8851=CARTESIAN_POINT('Ctrl Pts',(-99.9422574802669,-35.5645589574147,119.823529411765));
#8852=CARTESIAN_POINT('Ctrl Pts',(-84.1470362073055,-67.0207879545516,120.372549019608));
#8853=CARTESIAN_POINT('Ctrl Pts',(-50.5971803183915,-97.074580473909,121.058823529412));
#8854=CARTESIAN_POINT('Ctrl Pts',(-6.74568851311149,-107.363892473252,121.745098039216));
#8855=CARTESIAN_POINT('Ctrl Pts',(28.0867341037558,-102.295787066083,122.294117647059));
#8856=CARTESIAN_POINT('Ctrl Pts',(52.4863536796273,-92.2162558543367,122.705882352941));
#8857=CARTESIAN_POINT('Ctrl Pts',(73.6119399751266,-76.3843896170264,123.117647058824));
#8858=CARTESIAN_POINT('Ctrl Pts',(95.7560177739605,-49.0234105366877,123.666666666666));
#8859=CARTESIAN_POINT('Ctrl Pts',(109.301208427886,-6.0658607334112,124.352941176471));
#8860=CARTESIAN_POINT('Ctrl Pts',(100.592565029303,38.1267043095979,125.039215686274));
#8861=CARTESIAN_POINT('Ctrl Pts',(81.6120366936121,67.7699649597161,125.588235294118));
#8862=CARTESIAN_POINT('Ctrl Pts',(62.3680181934871,85.8422126534239,126.));
#8863=CARTESIAN_POINT('Ctrl Pts',(39.2335604951279,98.5597301879584,126.411764705882));
#8864=CARTESIAN_POINT('Ctrl Pts',(5.17583848696458,107.451014031065,126.960784313725));
#8865=CARTESIAN_POINT('Ctrl Pts',(-39.5449073093017,102.077172465486,127.64705882353));
#8866=CARTESIAN_POINT('Ctrl Pts',(-76.2142708146187,75.9203176957917,128.333333333333));
#8867=CARTESIAN_POINT('Ctrl Pts',(-95.3932119741646,46.4050406997708,128.882352941177));
#8868=CARTESIAN_POINT('Ctrl Pts',(-103.922046202774,21.4210984544005,129.294117647059));
#8869=CARTESIAN_POINT('Ctrl Pts',(-105.968353209504,-4.89906514246876,129.705882352941));
#8870=CARTESIAN_POINT('Ctrl Pts',(-100.024596776876,-39.5927984242083,130.254901960784));
#8871=CARTESIAN_POINT('Ctrl Pts',(-76.6880245830233,-78.1184730259615,130.941176470588));
#8872=CARTESIAN_POINT('Ctrl Pts',(-37.7376916136499,-100.739149734185,131.627450980392));
#8873=CARTESIAN_POINT('Ctrl Pts',(-2.94005125334223,-106.040788119377,132.176470588235));
#8874=CARTESIAN_POINT('Ctrl Pts',(23.3378101558494,-103.508463699989,132.588235294118));
#8875=CARTESIAN_POINT('Ctrl Pts',(48.1598723033048,-94.5194083498029,133.));
#8876=CARTESIAN_POINT('Ctrl Pts',(77.3157255833098,-74.7983349201271,133.549019607843));
#8877=CARTESIAN_POINT('Ctrl Pts',(102.790456670047,-37.6518763594746,134.235294117647));
#8878=CARTESIAN_POINT('Ctrl Pts',(107.33707287502,7.16052525384899,134.921568627451));
#8879=CARTESIAN_POINT('Ctrl Pts',(97.817840866255,41.0481460487872,135.470588235294));
#8880=CARTESIAN_POINT('Ctrl Pts',(84.6752068416092,63.9436200758898,135.882352941176));
#8881=CARTESIAN_POINT('Ctrl Pts',(66.2500260359275,82.8504510470305,136.294117647059));
#8882=CARTESIAN_POINT('Ctrl Pts',(36.2619357768766,101.279852479648,136.843137254902));
#8883=CARTESIAN_POINT('Ctrl Pts',(-8.08586442032673,109.17062135946,137.529411764706));
#8884=CARTESIAN_POINT('Ctrl Pts',(-50.7825669697539,94.8335149043833,138.21568627451));
#8885=CARTESIAN_POINT('Ctrl Pts',(-77.7342244813004,72.1882115613635,138.764705882353));
#8886=CARTESIAN_POINT('Ctrl Pts',(-93.1647482534762,50.7726065760651,139.176470588235));
#8887=CARTESIAN_POINT('Ctrl Pts',(-102.808034049473,26.1929363372588,139.588235294117));
#8888=CARTESIAN_POINT('Ctrl Pts',(-106.097700711584,7.25537898713568E-13,
140.));
#8889=CARTESIAN_POINT('Ctrl Pts',(-102.808034049473,-26.1929363372574,140.411764705882));
#8890=CARTESIAN_POINT('Ctrl Pts',(-93.1647482534768,-50.7726065760638,140.823529411765));
#8891=CARTESIAN_POINT('Ctrl Pts',(-77.7342244813015,-72.1882115613625,141.235294117647));
#8892=CARTESIAN_POINT('Ctrl Pts',(-50.7825669697552,-94.8335149043827,141.78431372549));
#8893=CARTESIAN_POINT('Ctrl Pts',(-8.08586442032818,-109.17062135946,142.470588235294));
#8894=CARTESIAN_POINT('Ctrl Pts',(36.2619357768752,-101.279852479648,143.156862745098));
#8895=CARTESIAN_POINT('Ctrl Pts',(66.2500260359265,-82.8504510470315,143.705882352941));
#8896=CARTESIAN_POINT('Ctrl Pts',(84.6752068416082,-63.9436200758907,144.117647058824));
#8897=CARTESIAN_POINT('Ctrl Pts',(97.8178408662545,-41.0481460487887,144.529411764706));
#8898=CARTESIAN_POINT('Ctrl Pts',(107.337072875019,-7.16052525385024,145.078431372549));
#8899=CARTESIAN_POINT('Ctrl Pts',(102.790456670047,37.6518763594729,145.764705882353));
#8900=CARTESIAN_POINT('Ctrl Pts',(77.3157255833109,74.7983349201263,146.450980392157));
#8901=CARTESIAN_POINT('Ctrl Pts',(48.159872303306,94.519408349802,147.));
#8902=CARTESIAN_POINT('Ctrl Pts',(23.3378101558509,103.508463699989,147.411764705882));
#8903=CARTESIAN_POINT('Ctrl Pts',(-2.94005125334081,106.040788119377,147.823529411765));
#8904=CARTESIAN_POINT('Ctrl Pts',(-37.7376916136485,100.739149734186,148.372549019608));
#8905=CARTESIAN_POINT('Ctrl Pts',(-76.6880245830224,78.1184730259624,149.058823529412));
#8906=CARTESIAN_POINT('Ctrl Pts',(-100.024596776876,39.5927984242097,149.745098039216));
#8907=CARTESIAN_POINT('Ctrl Pts',(-105.968353209503,4.8990651424707,150.294117647059));
#8908=CARTESIAN_POINT('Ctrl Pts',(-103.922046202775,-21.4210984543977,150.705882352941));
#8909=CARTESIAN_POINT('Ctrl Pts',(-95.393211974166,-46.4050406997676,151.117647058823));
#8910=CARTESIAN_POINT('Ctrl Pts',(-76.2142708146209,-75.9203176957898,151.666666666667));
#8911=CARTESIAN_POINT('Ctrl Pts',(-39.5449073093035,-102.077172465485,152.352941176471));
#8912=CARTESIAN_POINT('Ctrl Pts',(5.17583848696305,-107.451014031066,153.039215686274));
#8913=CARTESIAN_POINT('Ctrl Pts',(39.2335604951266,-98.5597301879589,153.588235294118));
#8914=CARTESIAN_POINT('Ctrl Pts',(62.3680181934858,-85.8422126534247,154.));
#8915=CARTESIAN_POINT('Ctrl Pts',(81.6120366936113,-67.7699649597172,154.411764705882));
#8916=CARTESIAN_POINT('Ctrl Pts',(100.592565029302,-38.1267043095992,154.960784313725));
#8917=CARTESIAN_POINT('Ctrl Pts',(109.301208427886,6.06586073340957,155.64705882353));
#8918=CARTESIAN_POINT('Ctrl Pts',(95.7560177739611,49.0234105366865,156.333333333333));
#8919=CARTESIAN_POINT('Ctrl Pts',(73.6119399751276,76.3843896170252,156.882352941177));
#8920=CARTESIAN_POINT('Ctrl Pts',(52.4863536796286,92.216255854336,157.294117647059));
#8921=CARTESIAN_POINT('Ctrl Pts',(28.0867341037572,102.295787066082,157.705882352941));
#8922=CARTESIAN_POINT('Ctrl Pts',(-6.74568851311003,107.363892473252,158.254901960784));
#8923=CARTESIAN_POINT('Ctrl Pts',(-50.5971803183901,97.0745804739098,158.941176470588));
#8924=CARTESIAN_POINT('Ctrl Pts',(-84.1470362073046,67.0207879545526,159.627450980392));
#8925=CARTESIAN_POINT('Ctrl Pts',(-99.9422574802664,35.5645589574162,160.176470588235));
#8926=CARTESIAN_POINT('Ctrl Pts',(-105.654177232901,9.79030130310334,160.588235294118));
#8927=CARTESIAN_POINT('Ctrl Pts',(-104.775521184566,-16.5946631357636,161.));
#8928=CARTESIAN_POINT('Ctrl Pts',(-95.0293104802497,-50.417654350155,161.549019607843));
#8929=CARTESIAN_POINT('Ctrl Pts',(-67.5730745271477,-86.124493782575,162.235294117647));
#8930=CARTESIAN_POINT('Ctrl Pts',(-26.358893820126,-104.296301166929,162.921568627451));
#8931=CARTESIAN_POINT('Ctrl Pts',(8.8117025339354,-105.714930745568,163.470588235294));
#8932=CARTESIAN_POINT('Ctrl Pts',(34.6479812194245,-100.290441038943,163.882352941176));
#8933=CARTESIAN_POINT('Ctrl Pts',(58.3229620503659,-88.6099587053195,164.294117647059));
#8934=CARTESIAN_POINT('Ctrl Pts',(85.1175615565719,-65.7838159062447,164.843137254902));
#8935=CARTESIAN_POINT('Ctrl Pts',(106.325548663184,-26.0466222729387,165.529411764706));
#8936=CARTESIAN_POINT('Ctrl Pts',(105.885548984017,18.9936893961362,166.21568627451));
#8937=CARTESIAN_POINT('Ctrl Pts',(92.6751350651252,51.6198801310854,166.764705882353));
#8938=CARTESIAN_POINT('Ctrl Pts',(77.0795493458096,72.9204925862007,167.176470588235));
#8939=CARTESIAN_POINT('Ctrl Pts',(56.6758374740477,89.6724156622434,167.588235294118));
#8940=CARTESIAN_POINT('Ctrl Pts',(24.831782008598,104.670398503115,168.137254901961));
#8941=CARTESIAN_POINT('Ctrl Pts',(-20.1149488731378,107.60547226878,168.823529411765));
#8942=CARTESIAN_POINT('Ctrl Pts',(-60.9662562853769,88.6319655376618,169.509803921569));
#8943=CARTESIAN_POINT('Ctrl Pts',(-85.2420573676385,63.1433633869709,170.058823529411));
#8944=CARTESIAN_POINT('Ctrl Pts',(-98.2164594609962,40.1519894564855,170.470588235294));
#8945=CARTESIAN_POINT('Ctrl Pts',(-105.064241311461,14.655984502376,170.882352941176));
#8946=CARTESIAN_POINT('Ctrl Pts',(-105.596645927332,-20.5391842442962,171.43137254902));
#8947=CARTESIAN_POINT('Ctrl Pts',(-89.736496176178,-62.6969702966498,172.117647058824));
#8948=CARTESIAN_POINT('Ctrl Pts',(-55.6059071200005,-92.0895912353043,172.803921568628));
#8949=CARTESIAN_POINT('Ctrl Pts',(-22.3749333250883,-103.695009729421,173.35294117647));
#8950=CARTESIAN_POINT('Ctrl Pts',(3.92080573151272,-106.034345609255,173.764705882353));
#8951=CARTESIAN_POINT('Ctrl Pts',(29.9719698167193,-101.759391258952,174.176470588235));
#8952=CARTESIAN_POINT('Ctrl Pts',(62.2551060957824,-87.7314737453237,174.725490196078));
#8953=CARTESIAN_POINT('Ctrl Pts',(94.1217710855772,-55.8984886921855,175.411764705882));
#8954=CARTESIAN_POINT('Ctrl Pts',(106.825150464976,-12.6845160987265,176.098039215686));
#8955=CARTESIAN_POINT('Ctrl Pts',(103.694947586953,22.3752213179198,176.647058823529));
#8956=CARTESIAN_POINT('Ctrl Pts',(94.9829214350413,47.2958751058907,177.058823529412));
#8957=CARTESIAN_POINT('Ctrl Pts',(80.3459791093379,69.2662711934796,177.470588235294));
#8958=CARTESIAN_POINT('Ctrl Pts',(54.2540733401237,92.8924391246565,178.019607843137));
#8959=CARTESIAN_POINT('Ctrl Pts',(12.1130823382363,108.797160195583,178.705882352941));
#8960=CARTESIAN_POINT('Ctrl Pts',(-32.4941441986668,102.550671930123,179.392156862745));
#8961=CARTESIAN_POINT('Ctrl Pts',(-63.143600130124,85.2418819987792,179.941176470588));
#8962=CARTESIAN_POINT('Ctrl Pts',(-82.2544211432473,67.0288398285138,180.352941176471));
#8963=CARTESIAN_POINT('Ctrl Pts',(-96.2343139554434,44.6346222299681,180.764705882353));
#8964=CARTESIAN_POINT('Ctrl Pts',(-106.999125876768,11.1219055080991,181.313725490196));
#8965=CARTESIAN_POINT('Ctrl Pts',(-104.111583138084,-33.8279039675526,182.));
#8966=CARTESIAN_POINT('Ctrl Pts',(-80.0268191825193,-71.8903187644338,182.686274509804));
#8967=CARTESIAN_POINT('Ctrl Pts',(-51.619622743548,-92.6752784290428,183.235294117647));
#8968=CARTESIAN_POINT('Ctrl Pts',(-27.1466610378875,-102.575406218359,183.647058823529));
#8969=CARTESIAN_POINT('Ctrl Pts',(-0.980324474749987,-106.077008102656,
184.058823529412));
#8970=CARTESIAN_POINT('Ctrl Pts',(33.9894576988173,-102.064815121881,184.607843137255));
#8971=CARTESIAN_POINT('Ctrl Pts',(73.7490557201605,-80.8988603797413,185.294117647059));
#8972=CARTESIAN_POINT('Ctrl Pts',(98.4932731131737,-43.2618177146696,185.980392156863));
#8973=CARTESIAN_POINT('Ctrl Pts',(105.714955217967,-8.81140893104219,186.529411764706));
#8974=CARTESIAN_POINT('Ctrl Pts',(104.642615497838,17.56639371467,186.941176470588));
#8975=CARTESIAN_POINT('Ctrl Pts',(97.0427999361185,42.8484266297531,187.352941176471));
#8976=CARTESIAN_POINT('Ctrl Pts',(78.9675906575293,73.052237106528,187.901960784314));
#8977=CARTESIAN_POINT('Ctrl Pts',(43.2898050701986,100.546216275603,188.588235294118));
#8978=CARTESIAN_POINT('Ctrl Pts',(-1.20182761127994,107.568886444531,189.274509803921));
#8979=CARTESIAN_POINT('Ctrl Pts',(-35.5648365276505,99.9421587061652,189.823529411765));
#8980=CARTESIAN_POINT('Ctrl Pts',(-59.1534261171646,88.0881793714025,190.235294117647));
#8981=CARTESIAN_POINT('Ctrl Pts',(-79.0520987632785,70.7393692734651,190.647058823529));
#8982=CARTESIAN_POINT('Ctrl Pts',(-99.1150274654681,41.817712168925,191.196078431372));
#8983=CARTESIAN_POINT('Ctrl Pts',(-109.45070492598,-2.02287457894336,191.882352941177));
#8984=CARTESIAN_POINT('Ctrl Pts',(-97.5021106971222,-45.4516020634001,192.56862745098));
#8985=CARTESIAN_POINT('Ctrl Pts',(-76.3841851737603,-73.6121521178908,193.117647058823));
#8986=CARTESIAN_POINT('Ctrl Pts',(-55.8580375785614,-90.213828231814,193.529411764706));
#8987=CARTESIAN_POINT('Ctrl Pts',(-31.8475352669008,-101.188078257818,193.941176470588));
#8988=CARTESIAN_POINT('Ctrl Pts',(2.77382480644045,-107.539832696851,194.490196078431));
#8989=CARTESIAN_POINT('Ctrl Pts',(46.9755741862015,-98.8779260514344,195.176470588236));
#8990=CARTESIAN_POINT('Ctrl Pts',(81.6130502372757,-70.0843759442245,195.862745098039));
#8991=CARTESIAN_POINT('Ctrl Pts',(98.5598391506435,-39.2332867688411,196.411764705882));
#8992=CARTESIAN_POINT('Ctrl Pts',(105.220255471593,-13.6876953816145,196.823529411765));
#8993=CARTESIAN_POINT('Ctrl Pts',(105.317163489837,12.7117173718445,197.235294117647));
#8994=CARTESIAN_POINT('Ctrl Pts',(96.8274191004649,46.8717466163415,197.78431372549));
#8995=CARTESIAN_POINT('Ctrl Pts',(70.7093553606915,83.5687495109962,198.470588235294));
#8996=CARTESIAN_POINT('Ctrl Pts',(30.19479698981,103.251072417035,199.156862745098));
#8997=CARTESIAN_POINT('Ctrl Pts',(-4.89935947219939,105.968339426684,199.705882352941));
#8998=CARTESIAN_POINT('Ctrl Pts',(-30.9184365612988,101.502243556348,200.117647058824));
#8999=CARTESIAN_POINT('Ctrl Pts',(-55.0088601400334,90.7045643293714,200.529411764706));
#9000=CARTESIAN_POINT('Ctrl Pts',(-82.6286207479814,68.8841110402811,201.078431372549));
#9001=CARTESIAN_POINT('Ctrl Pts',(-105.290472961179,29.9577224429266,201.764705882353));
#9002=CARTESIAN_POINT('Ctrl Pts',(-106.515080824457,-15.068088050015,202.450980392157));
#9003=CARTESIAN_POINT('Ctrl Pts',(-94.5192754907698,-48.160141660784,203.));
#9004=CARTESIAN_POINT('Ctrl Pts',(-79.7214301866583,-70.0224873548563,203.411764705882));
#9005=CARTESIAN_POINT('Ctrl Pts',(-59.9506614982752,-87.5169176217149,203.823529411765));
#9006=CARTESIAN_POINT('Ctrl Pts',(-28.6825515612935,-103.68134333841,204.372549019608));
#9007=CARTESIAN_POINT('Ctrl Pts',(16.1250280300233,-108.275261723937,205.058823529412));
#9008=CARTESIAN_POINT('Ctrl Pts',(57.6495359786058,-90.8242298176812,205.745098039216));
#9009=CARTESIAN_POINT('Ctrl Pts',(82.8506002155495,-66.2500620981597,206.294117647059));
#9010=CARTESIAN_POINT('Ctrl Pts',(96.6657073123451,-43.7538135043252,206.705882352941));
#9011=CARTESIAN_POINT('Ctrl Pts',(104.45092815114,-18.5282565950571,207.117647058823));
#9012=CARTESIAN_POINT('Ctrl Pts',(106.283483423122,16.6232028192669,207.666666666667));
#9013=CARTESIAN_POINT('Ctrl Pts',(91.9919586059313,59.3382539530848,208.352941176471));
#9014=CARTESIAN_POINT('Ctrl Pts',(58.9707801040225,89.9719779400596,209.039215686275));
#9015=CARTESIAN_POINT('Ctrl Pts',(26.191338679997,102.797404939213,209.588235294117));
#9016=CARTESIAN_POINT('Ctrl Pts',(1.08429869840709E-12,106.106810179023,
210.));
#9017=CARTESIAN_POINT('Ctrl Pts',(-26.1913386799949,102.797404939213,210.411764705882));
#9018=CARTESIAN_POINT('Ctrl Pts',(-58.9707801040206,89.9719779400607,210.960784313726));
#9019=CARTESIAN_POINT('Ctrl Pts',(-91.9919586059305,59.3382539530865,211.647058823529));
#9020=CARTESIAN_POINT('Ctrl Pts',(-106.283483423122,16.6232028192675,212.333333333333));
#9021=CARTESIAN_POINT('Ctrl Pts',(-104.45092815114,-18.5282565950574,212.882352941177));
#9022=CARTESIAN_POINT('Ctrl Pts',(-96.6657073123447,-43.753813504326,213.294117647059));
#9023=CARTESIAN_POINT('Ctrl Pts',(-82.8506002155492,-66.2500620981599,213.705882352941));
#9024=CARTESIAN_POINT('Ctrl Pts',(-57.6495359786063,-90.8242298176806,214.254901960784));
#9025=CARTESIAN_POINT('Ctrl Pts',(-16.1250280300245,-108.275261723937,214.941176470589));
#9026=CARTESIAN_POINT('Ctrl Pts',(28.6825515612929,-103.68134333841,215.627450980392));
#9027=CARTESIAN_POINT('Ctrl Pts',(59.9506614982756,-87.5169176217149,216.176470588235));
#9028=CARTESIAN_POINT('Ctrl Pts',(79.7214301866588,-70.0224873548556,216.588235294118));
#9029=CARTESIAN_POINT('Ctrl Pts',(94.5192754907699,-48.1601416607837,217.));
#9030=CARTESIAN_POINT('Ctrl Pts',(106.515080824456,-15.0680880500155,217.549019607843));
#9031=CARTESIAN_POINT('Ctrl Pts',(105.290472961179,29.9577224429253,218.235294117647));
#9032=CARTESIAN_POINT('Ctrl Pts',(82.6286207479819,68.8841110402807,218.921568627451));
#9033=CARTESIAN_POINT('Ctrl Pts',(55.0088601400331,90.7045643293716,219.470588235294));
#9034=CARTESIAN_POINT('Ctrl Pts',(30.918436561298,101.502243556348,219.882352941176));
#9035=CARTESIAN_POINT('Ctrl Pts',(4.89935947219905,105.968339426684,220.294117647059));
#9036=CARTESIAN_POINT('Ctrl Pts',(-30.1947969898093,103.251072417034,220.843137254902));
#9037=CARTESIAN_POINT('Ctrl Pts',(-70.7093553606902,83.5687495109975,221.529411764706));
#9038=CARTESIAN_POINT('Ctrl Pts',(-96.8274191004638,46.8717466163433,222.21568627451));
#9039=CARTESIAN_POINT('Ctrl Pts',(-105.317163489837,12.7117173718463,222.764705882353));
#9040=CARTESIAN_POINT('Ctrl Pts',(-105.220255471593,-13.687695381614,223.176470588235));
#9041=CARTESIAN_POINT('Ctrl Pts',(-98.5598391506437,-39.2332867688403,223.588235294118));
#9042=CARTESIAN_POINT('Ctrl Pts',(-81.6130502372767,-70.0843759442234,224.137254901961));
#9043=CARTESIAN_POINT('Ctrl Pts',(-46.975574186204,-98.8779260514329,224.823529411764));
#9044=CARTESIAN_POINT('Ctrl Pts',(-2.77382480644322,-107.539832696851,225.509803921569));
#9045=CARTESIAN_POINT('Ctrl Pts',(31.8475352668993,-101.188078257819,226.058823529412));
#9046=CARTESIAN_POINT('Ctrl Pts',(55.8580375785608,-90.2138282318145,226.470588235294));
#9047=CARTESIAN_POINT('Ctrl Pts',(76.38418517376,-73.6121521178913,226.882352941176));
#9048=CARTESIAN_POINT('Ctrl Pts',(97.502110697121,-45.4516020634015,227.431372549019));
#9049=CARTESIAN_POINT('Ctrl Pts',(109.450704925981,-2.02287457894615,228.117647058824));
#9050=CARTESIAN_POINT('Ctrl Pts',(99.115027465469,41.8177121689225,228.803921568627));
#9051=CARTESIAN_POINT('Ctrl Pts',(79.05209876328,70.7393692734639,229.352941176471));
#9052=CARTESIAN_POINT('Ctrl Pts',(59.153426117165,88.0881793714022,229.764705882353));
#9053=CARTESIAN_POINT('Ctrl Pts',(35.5648365276512,99.9421587061649,230.176470588236));
#9054=CARTESIAN_POINT('Ctrl Pts',(1.20182761128151,107.56888644453,230.725490196078));
#9055=CARTESIAN_POINT('Ctrl Pts',(-43.2898050701959,100.546216275605,231.411764705883));
#9056=CARTESIAN_POINT('Ctrl Pts',(-78.9675906575276,73.0522371065301,232.098039215686));
#9057=CARTESIAN_POINT('Ctrl Pts',(-97.0427999361179,42.8484266297547,232.647058823529));
#9058=CARTESIAN_POINT('Ctrl Pts',(-104.642615497838,17.5663937146707,233.058823529412));
#9059=CARTESIAN_POINT('Ctrl Pts',(-105.714955217967,-8.81140893104157,233.470588235294));
#9060=CARTESIAN_POINT('Ctrl Pts',(-98.4932731131742,-43.2618177146679,234.019607843137));
#9061=CARTESIAN_POINT('Ctrl Pts',(-73.7490557201624,-80.8988603797395,234.705882352942));
#9062=CARTESIAN_POINT('Ctrl Pts',(-33.98945769882,-102.064815121881,235.392156862745));
#9063=CARTESIAN_POINT('Ctrl Pts',(0.980324474748361,-106.077008102657,235.941176470589));
#9064=CARTESIAN_POINT('Ctrl Pts',(27.1466610378868,-102.575406218359,236.35294117647));
#9065=CARTESIAN_POINT('Ctrl Pts',(51.6196227435475,-92.6752784290433,236.764705882353));
#9066=CARTESIAN_POINT('Ctrl Pts',(80.0268191825178,-71.8903187644347,237.313725490196));
#9067=CARTESIAN_POINT('Ctrl Pts',(104.111583138084,-33.8279039675554,238.000000000001));
#9068=CARTESIAN_POINT('Ctrl Pts',(106.999125876768,11.1219055080964,238.686274509803));
#9069=CARTESIAN_POINT('Ctrl Pts',(96.2343139554443,44.6346222299667,239.235294117647));
#9070=CARTESIAN_POINT('Ctrl Pts',(82.2544211432477,67.0288398285131,239.647058823529));
#9071=CARTESIAN_POINT('Ctrl Pts',(63.1436001301245,85.241881998779,240.058823529412));
#9072=CARTESIAN_POINT('Ctrl Pts',(32.4941441986684,102.550671930122,240.607843137255));
#9073=CARTESIAN_POINT('Ctrl Pts',(-12.1130823382336,108.797160195583,241.294117647059));
#9074=CARTESIAN_POINT('Ctrl Pts',(-54.2540733401213,92.8924391246579,241.980392156863));
#9075=CARTESIAN_POINT('Ctrl Pts',(-80.345979109337,69.266271193481,242.529411764706));
#9076=CARTESIAN_POINT('Ctrl Pts',(-94.9829214350409,47.2958751058913,242.941176470588));
#9077=CARTESIAN_POINT('Ctrl Pts',(-103.694947586953,22.3752213179204,243.352941176471));
#9078=CARTESIAN_POINT('Ctrl Pts',(-106.825150464975,-12.6845160987242,243.901960784314));
#9079=CARTESIAN_POINT('Ctrl Pts',(-94.1217710855794,-55.8984886921824,244.588235294118));
#9080=CARTESIAN_POINT('Ctrl Pts',(-62.2551060957854,-87.7314737453215,245.274509803921));
#9081=CARTESIAN_POINT('Ctrl Pts',(-29.9719698167219,-101.759391258951,245.823529411765));
#9082=CARTESIAN_POINT('Ctrl Pts',(-3.92080573151486,-106.034345609255,246.235294117647));
#9083=CARTESIAN_POINT('Ctrl Pts',(22.3749333250857,-103.695009729421,246.647058823529));
#9084=CARTESIAN_POINT('Ctrl Pts',(55.6059071199972,-92.0895912353059,247.196078431373));
#9085=CARTESIAN_POINT('Ctrl Pts',(89.7364961761755,-62.6969702966535,247.882352941176));
#9086=CARTESIAN_POINT('Ctrl Pts',(105.596645927332,-20.5391842442998,248.568627450981));
#9087=CARTESIAN_POINT('Ctrl Pts',(105.064241311462,14.6559845023733,249.117647058824));
#9088=CARTESIAN_POINT('Ctrl Pts',(98.2164594609971,40.1519894564835,249.529411764706));
#9089=CARTESIAN_POINT('Ctrl Pts',(85.24205736764,63.1433633869687,249.941176470589));
#9090=CARTESIAN_POINT('Ctrl Pts',(60.96625628538,88.6319655376595,250.490196078431));
#9091=CARTESIAN_POINT('Ctrl Pts',(20.114948873142,107.60547226878,251.176470588236));
#9092=CARTESIAN_POINT('Ctrl Pts',(-24.8317820085943,104.670398503116,251.862745098039));
#9093=CARTESIAN_POINT('Ctrl Pts',(-56.6758374740455,89.672415662245,252.411764705883));
#9094=CARTESIAN_POINT('Ctrl Pts',(-77.0795493458081,72.9204925862022,252.823529411764));
#9095=CARTESIAN_POINT('Ctrl Pts',(-92.6751350651238,51.6198801310877,253.235294117647));
#9096=CARTESIAN_POINT('Ctrl Pts',(-105.885548984016,18.9936893961399,253.78431372549));
#9097=CARTESIAN_POINT('Ctrl Pts',(-106.325548663185,-26.0466222729345,254.470588235294));
#9098=CARTESIAN_POINT('Ctrl Pts',(-85.1175615565745,-65.7838159062419,255.156862745098));
#9099=CARTESIAN_POINT('Ctrl Pts',(-58.3229620503681,-88.609958705318,255.705882352941));
#9100=CARTESIAN_POINT('Ctrl Pts',(-34.6479812194265,-100.290441038942,256.117647058824));
#9101=CARTESIAN_POINT('Ctrl Pts',(-8.81170253393809,-105.714930745568,256.529411764706));
#9102=CARTESIAN_POINT('Ctrl Pts',(26.3588938201234,-104.29630116693,257.078431372549));
#9103=CARTESIAN_POINT('Ctrl Pts',(67.5730745271461,-86.1244937825766,257.764705882353));
#9104=CARTESIAN_POINT('Ctrl Pts',(95.0293104802489,-50.4176543501566,258.450980392157));
#9105=CARTESIAN_POINT('Ctrl Pts',(104.775521184566,-16.5946631357651,259.));
#9106=CARTESIAN_POINT('Ctrl Pts',(105.654177232902,9.79030130310094,259.411764705883));
#9107=CARTESIAN_POINT('Ctrl Pts',(99.9422574802671,35.564558957415,259.823529411764));
#9108=CARTESIAN_POINT('Ctrl Pts',(84.1470362073048,67.0207879545514,260.372549019608));
#9109=CARTESIAN_POINT('Ctrl Pts',(50.5971803183912,97.0745804739112,261.058823529411));
#9110=CARTESIAN_POINT('Ctrl Pts',(6.74568851310921,107.363892473249,261.745098039216));
#9111=CARTESIAN_POINT('Ctrl Pts',(-28.0867341037535,102.295787066085,262.294117647059));
#9112=CARTESIAN_POINT('Ctrl Pts',(-52.4863536796311,92.216255854331,262.705882352941));
#9113=CARTESIAN_POINT('Ctrl Pts',(-73.6119399751183,76.3843896170378,263.117647058824));
#9114=CARTESIAN_POINT('Ctrl Pts',(-95.7560177739788,49.0234105366624,263.666666666667));
#9115=CARTESIAN_POINT('Ctrl Pts',(-109.301208427847,6.06586073346382,264.352941176471));
#9116=CARTESIAN_POINT('Ctrl Pts',(-100.592565029362,-38.1267043096809,265.039215686275));
#9117=CARTESIAN_POINT('Ctrl Pts',(-81.6120366935322,-67.7699649596052,265.588235294117));
#9118=CARTESIAN_POINT('Ctrl Pts',(-62.3680181936601,-85.8422126536616,266.));
#9119=CARTESIAN_POINT('Ctrl Pts',(-39.2335604948102,-98.5597301875193,266.411764705882));
#9120=CARTESIAN_POINT('Ctrl Pts',(-5.17583848765904,-107.451014032026,266.960784313726));
#9121=CARTESIAN_POINT('Ctrl Pts',(39.5449073108233,-102.077172463386,267.647058823529));
#9122=CARTESIAN_POINT('Ctrl Pts',(76.2142708123032,-75.9203176989894,268.333333333334));
#9123=CARTESIAN_POINT('Ctrl Pts',(95.3932119772777,-46.4050406954713,268.882352941176));
#9124=CARTESIAN_POINT('Ctrl Pts',(103.922046196071,-21.4210984636593,269.294117647059));
#9125=CARTESIAN_POINT('Ctrl Pts',(105.968353221862,4.89906515953432,269.705882352941));
#9126=CARTESIAN_POINT('Ctrl Pts',(100.024596749853,39.5927983868888,270.254901960784));
#9127=CARTESIAN_POINT('Ctrl Pts',(76.6880246421155,78.118473107566,270.941176470589));
#9128=CARTESIAN_POINT('Ctrl Pts',(37.7376915236359,100.739149609876,271.627450980392));
#9129=CARTESIAN_POINT('Ctrl Pts',(2.94005137435389,106.040788286488,272.176470588235));
#9130=CARTESIAN_POINT('Ctrl Pts',(-23.3378104164058,103.508463340165,272.588235294117));
#9131=CARTESIAN_POINT('Ctrl Pts',(-48.1598718229901,94.5194090131043,273.));
#9132=CARTESIAN_POINT('Ctrl Pts',(-77.3157266336233,74.7983334696709,273.549019607843));
#9133=CARTESIAN_POINT('Ctrl Pts',(-102.790454373369,37.6518795311295,274.235294117648));
#9134=CARTESIAN_POINT('Ctrl Pts',(-107.337076373556,-7.16053008523869,274.921568627451));
#9135=CARTESIAN_POINT('Ctrl Pts',(-97.8178361630947,-41.0481395538397,275.470588235294));
#9136=CARTESIAN_POINT('Ctrl Pts',(-84.6752169685259,-63.9436340608655,275.882352941176));
#9137=CARTESIAN_POINT('Ctrl Pts',(-66.250007367723,-82.8504252670641,276.294117647059));
#9138=CARTESIAN_POINT('Ctrl Pts',(-36.2619766019447,-101.279908854018,276.843137254902));
#9139=CARTESIAN_POINT('Ctrl Pts',(8.0859537238487,-109.170498079975,277.529411764706));
#9140=CARTESIAN_POINT('Ctrl Pts',(50.7824307858051,-94.833702731905,278.21568627451));
#9141=CARTESIAN_POINT('Ctrl Pts',(77.7344086101189,-72.1879588071195,278.764705882353));
#9142=CARTESIAN_POINT('Ctrl Pts',(93.1643378164002,-50.7731541750972,279.176470588235));
#9143=CARTESIAN_POINT('Ctrl Pts',(102.808908112783,-26.1918981173614,279.588235294118));
#9144=CARTESIAN_POINT('Ctrl Pts',(105.,-8.73177958130272,279.862745098039));
#9145=CARTESIAN_POINT('Ctrl Pts',(105.,-1.44044460766465E-12,280.));
#9146=CARTESIAN_POINT('',(105.,0.,-6.12323399573677E-16));
#9147=CARTESIAN_POINT('Origin',(100.,0.,0.));
#9148=CARTESIAN_POINT('',(105.,-1.44044460766465E-12,280.));
#9149=CARTESIAN_POINT('Ctrl Pts',(105.,0.,6.12323399573677E-16));
#9150=CARTESIAN_POINT('Ctrl Pts',(105.,8.73177958130104,0.137254901960785));
#9151=CARTESIAN_POINT('Ctrl Pts',(102.808908112783,26.1918981173592,0.411764705882353));
#9152=CARTESIAN_POINT('Ctrl Pts',(93.1643378164016,50.7731541750946,0.823529411764707));
#9153=CARTESIAN_POINT('Ctrl Pts',(77.7344086101207,72.1879588071176,1.23529411764706));
#9154=CARTESIAN_POINT('Ctrl Pts',(50.7824307858067,94.8337027319045,1.7843137254902));
#9155=CARTESIAN_POINT('Ctrl Pts',(8.08595372384952,109.170498079975,2.47058823529412));
#9156=CARTESIAN_POINT('Ctrl Pts',(-36.2619766019437,101.279908854018,3.15686274509804));
#9157=CARTESIAN_POINT('Ctrl Pts',(-66.2500073677214,82.8504252670651,3.70588235294118));
#9158=CARTESIAN_POINT('Ctrl Pts',(-84.6752169685244,63.9436340608677,4.11764705882353));
#9159=CARTESIAN_POINT('Ctrl Pts',(-97.8178361630937,41.0481395538419,4.52941176470588));
#9160=CARTESIAN_POINT('Ctrl Pts',(-107.337076373556,7.16053008524018,5.07843137254902));
#9161=CARTESIAN_POINT('Ctrl Pts',(-102.790454373369,-37.6518795311291,5.76470588235294));
#9162=CARTESIAN_POINT('Ctrl Pts',(-77.3157266336238,-74.79833346967,6.45098039215686));
#9163=CARTESIAN_POINT('Ctrl Pts',(-48.1598718229916,-94.5194090131037,7.));
#9164=CARTESIAN_POINT('Ctrl Pts',(-23.3378104164082,-103.508463340164,7.41176470588235));
#9165=CARTESIAN_POINT('Ctrl Pts',(2.9400513743517,-106.040788286488,7.82352941176469));
#9166=CARTESIAN_POINT('Ctrl Pts',(37.7376915236349,-100.739149609877,8.37254901960786));
#9167=CARTESIAN_POINT('Ctrl Pts',(76.6880246421152,-78.1184731075665,9.05882352941175));
#9168=CARTESIAN_POINT('Ctrl Pts',(100.024596749852,-39.5927983868892,9.7450980392157));
#9169=CARTESIAN_POINT('Ctrl Pts',(105.968353221861,-4.89906515953589,10.2941176470588));
#9170=CARTESIAN_POINT('Ctrl Pts',(103.922046196071,21.4210984636572,10.7058823529412));
#9171=CARTESIAN_POINT('Ctrl Pts',(95.3932119772787,46.4050406954695,11.1176470588235));
#9172=CARTESIAN_POINT('Ctrl Pts',(76.2142708123039,75.9203176989889,11.6666666666667));
#9173=CARTESIAN_POINT('Ctrl Pts',(39.5449073108235,102.077172463385,12.3529411764706));
#9174=CARTESIAN_POINT('Ctrl Pts',(-5.17583848765874,107.451014032026,13.0392156862745));
#9175=CARTESIAN_POINT('Ctrl Pts',(-39.2335604948089,98.5597301875197,13.5882352941176));
#9176=CARTESIAN_POINT('Ctrl Pts',(-62.3680181936585,85.8422126536627,14.));
#9177=CARTESIAN_POINT('Ctrl Pts',(-81.6120366935311,67.7699649596067,14.4117647058824));
#9178=CARTESIAN_POINT('Ctrl Pts',(-100.592565029362,38.1267043096816,14.9607843137255));
#9179=CARTESIAN_POINT('Ctrl Pts',(-109.301208427847,-6.06586073346394,15.6470588235294));
#9180=CARTESIAN_POINT('Ctrl Pts',(-95.7560177739786,-49.0234105366623,16.3333333333333));
#9181=CARTESIAN_POINT('Ctrl Pts',(-73.6119399751191,-76.384389617037,16.8823529411765));
#9182=CARTESIAN_POINT('Ctrl Pts',(-52.4863536796326,-92.2162558543299,17.2941176470588));
#9183=CARTESIAN_POINT('Ctrl Pts',(-28.0867341037551,-102.295787066085,17.7058823529412));
#9184=CARTESIAN_POINT('Ctrl Pts',(6.74568851310861,-107.36389247325,18.2549019607843));
#9185=CARTESIAN_POINT('Ctrl Pts',(50.5971803183915,-97.0745804739111,18.9411764705882));
#9186=CARTESIAN_POINT('Ctrl Pts',(84.1470362073047,-67.0207879545514,19.6274509803922));
#9187=CARTESIAN_POINT('Ctrl Pts',(99.9422574802669,-35.5645589574157,20.1764705882353));
#9188=CARTESIAN_POINT('Ctrl Pts',(105.654177232901,-9.79030130310263,20.5882352941177));
#9189=CARTESIAN_POINT('Ctrl Pts',(104.775521184566,16.5946631357638,21.));
#9190=CARTESIAN_POINT('Ctrl Pts',(95.0293104802495,50.4176543501554,21.5490196078431));
#9191=CARTESIAN_POINT('Ctrl Pts',(67.5730745271472,86.1244937825753,22.2352941176471));
#9192=CARTESIAN_POINT('Ctrl Pts',(26.3588938201251,104.29630116693,22.921568627451));
#9193=CARTESIAN_POINT('Ctrl Pts',(-8.8117025339364,105.714930745568,23.4705882352941));
#9194=CARTESIAN_POINT('Ctrl Pts',(-34.6479812194252,100.290441038942,23.8823529411765));
#9195=CARTESIAN_POINT('Ctrl Pts',(-58.3229620503662,88.6099587053191,24.2941176470588));
#9196=CARTESIAN_POINT('Ctrl Pts',(-85.1175615565724,65.7838159062444,24.843137254902));
#9197=CARTESIAN_POINT('Ctrl Pts',(-106.325548663184,26.0466222729379,25.5294117647059));
#9198=CARTESIAN_POINT('Ctrl Pts',(-105.885548984017,-18.9936893961374,26.2156862745098));
#9199=CARTESIAN_POINT('Ctrl Pts',(-92.6751350651246,-51.6198801310865,26.7647058823529));
#9200=CARTESIAN_POINT('Ctrl Pts',(-77.0795493458088,-72.9204925862014,27.1764705882353));
#9201=CARTESIAN_POINT('Ctrl Pts',(-56.6758374740469,-89.6724156622439,27.5882352941176));
#9202=CARTESIAN_POINT('Ctrl Pts',(-24.8317820085971,-104.670398503116,28.1372549019608));
#9203=CARTESIAN_POINT('Ctrl Pts',(20.1149488731389,-107.60547226878,28.8235294117646));
#9204=CARTESIAN_POINT('Ctrl Pts',(60.9662562853781,-88.6319655376609,29.5098039215687));
#9205=CARTESIAN_POINT('Ctrl Pts',(85.2420573676393,-63.1433633869698,30.0588235294118));
#9206=CARTESIAN_POINT('Ctrl Pts',(98.2164594609966,-40.1519894564844,30.4705882352941));
#9207=CARTESIAN_POINT('Ctrl Pts',(105.064241311461,-14.6559845023752,30.8823529411765));
#9208=CARTESIAN_POINT('Ctrl Pts',(105.596645927332,20.5391842442972,31.4313725490196));
#9209=CARTESIAN_POINT('Ctrl Pts',(89.736496176177,62.6969702966509,32.1176470588235));
#9210=CARTESIAN_POINT('Ctrl Pts',(55.6059071199991,92.0895912353051,32.8039215686274));
#9211=CARTESIAN_POINT('Ctrl Pts',(22.3749333250866,103.695009729421,33.3529411764706));
#9212=CARTESIAN_POINT('Ctrl Pts',(-3.92080573151421,106.034345609255,33.7647058823529));
#9213=CARTESIAN_POINT('Ctrl Pts',(-29.9719698167204,101.759391258952,34.1764705882353));
#9214=CARTESIAN_POINT('Ctrl Pts',(-62.2551060957835,87.731473745323,34.7254901960784));
#9215=CARTESIAN_POINT('Ctrl Pts',(-94.1217710855776,55.8984886921846,35.4117647058823));
#9216=CARTESIAN_POINT('Ctrl Pts',(-106.825150464976,12.6845160987263,36.0980392156863));
#9217=CARTESIAN_POINT('Ctrl Pts',(-103.694947586953,-22.3752213179195,36.6470588235294));
#9218=CARTESIAN_POINT('Ctrl Pts',(-94.9829214350413,-47.2958751058907,37.0588235294118));
#9219=CARTESIAN_POINT('Ctrl Pts',(-80.3459791093377,-69.2662711934798,37.4705882352941));
#9220=CARTESIAN_POINT('Ctrl Pts',(-54.2540733401235,-92.8924391246565,38.0196078431372));
#9221=CARTESIAN_POINT('Ctrl Pts',(-12.1130823382361,-108.797160195583,38.7058823529412));
#9222=CARTESIAN_POINT('Ctrl Pts',(32.4941441986667,-102.550671930123,39.3921568627451));
#9223=CARTESIAN_POINT('Ctrl Pts',(63.1436001301242,-85.2418819987795,39.9411764705882));
#9224=CARTESIAN_POINT('Ctrl Pts',(82.2544211432474,-67.0288398285133,40.3529411764706));
#9225=CARTESIAN_POINT('Ctrl Pts',(96.2343139554437,-44.6346222299677,40.7647058823529));
#9226=CARTESIAN_POINT('Ctrl Pts',(106.999125876768,-11.1219055080985,41.3137254901961));
#9227=CARTESIAN_POINT('Ctrl Pts',(104.111583138084,33.8279039675529,42.));
#9228=CARTESIAN_POINT('Ctrl Pts',(80.0268191825192,71.8903187644339,42.6862745098039));
#9229=CARTESIAN_POINT('Ctrl Pts',(51.6196227435477,92.675278429043,43.2352941176471));
#9230=CARTESIAN_POINT('Ctrl Pts',(27.1466610378868,102.575406218359,43.6470588235294));
#9231=CARTESIAN_POINT('Ctrl Pts',(0.980324474749002,106.077008102657,44.0588235294118));
#9232=CARTESIAN_POINT('Ctrl Pts',(-33.9894576988182,102.064815121881,44.6078431372548));
#9233=CARTESIAN_POINT('Ctrl Pts',(-73.7490557201611,80.8988603797409,45.2941176470588));
#9234=CARTESIAN_POINT('Ctrl Pts',(-98.4932731131738,43.2618177146691,45.9803921568627));
#9235=CARTESIAN_POINT('Ctrl Pts',(-105.714955217967,8.81140893104178,46.5294117647059));
#9236=CARTESIAN_POINT('Ctrl Pts',(-104.642615497838,-17.5663937146708,46.9411764705883));
#9237=CARTESIAN_POINT('Ctrl Pts',(-97.042799936118,-42.8484266297539,47.3529411764706));
#9238=CARTESIAN_POINT('Ctrl Pts',(-78.9675906575288,-73.0522371065289,47.9019607843138));
#9239=CARTESIAN_POINT('Ctrl Pts',(-43.2898050701977,-100.546216275604,48.5882352941175));
#9240=CARTESIAN_POINT('Ctrl Pts',(1.20182761128027,-107.568886444531,49.2745098039216));
#9241=CARTESIAN_POINT('Ctrl Pts',(35.5648365276511,-99.9421587061649,49.8235294117647));
#9242=CARTESIAN_POINT('Ctrl Pts',(59.1534261171652,-88.0881793714022,50.2352941176471));
#9243=CARTESIAN_POINT('Ctrl Pts',(79.0520987632794,-70.7393692734642,50.6470588235294));
#9244=CARTESIAN_POINT('Ctrl Pts',(99.1150274654685,-41.8177121689239,51.1960784313726));
#9245=CARTESIAN_POINT('Ctrl Pts',(109.45070492598,2.02287457894449,51.8823529411764));
#9246=CARTESIAN_POINT('Ctrl Pts',(97.5021106971217,45.4516020634011,52.5686274509804));
#9247=CARTESIAN_POINT('Ctrl Pts',(76.3841851737597,73.6121521178916,53.1176470588235));
#9248=CARTESIAN_POINT('Ctrl Pts',(55.8580375785601,90.213828231815,53.5294117647059));
#9249=CARTESIAN_POINT('Ctrl Pts',(31.8475352668992,101.188078257819,53.9411764705883));
#9250=CARTESIAN_POINT('Ctrl Pts',(-2.77382480644222,107.539832696851,54.4901960784313));
#9251=CARTESIAN_POINT('Ctrl Pts',(-46.9755741862029,98.8779260514333,55.1764705882353));
#9252=CARTESIAN_POINT('Ctrl Pts',(-81.6130502372764,70.0843759442239,55.8627450980391));
#9253=CARTESIAN_POINT('Ctrl Pts',(-98.5598391506441,39.2332867688398,56.4117647058824));
#9254=CARTESIAN_POINT('Ctrl Pts',(-105.220255471593,13.6876953816132,56.8235294117646));
#9255=CARTESIAN_POINT('Ctrl Pts',(-105.317163489837,-12.7117173718464,57.2352941176471));
#9256=CARTESIAN_POINT('Ctrl Pts',(-96.827419100464,-46.8717466163424,57.7843137254901));
#9257=CARTESIAN_POINT('Ctrl Pts',(-70.7093553606912,-83.5687495109968,58.4705882352942));
#9258=CARTESIAN_POINT('Ctrl Pts',(-30.1947969898097,-103.251072417034,59.156862745098));
#9259=CARTESIAN_POINT('Ctrl Pts',(4.89935947219959,-105.968339426685,59.7058823529412));
#9260=CARTESIAN_POINT('Ctrl Pts',(30.9184365612987,-101.502243556348,60.1176470588235));
#9261=CARTESIAN_POINT('Ctrl Pts',(55.0088601400331,-90.7045643293716,60.5294117647059));
#9262=CARTESIAN_POINT('Ctrl Pts',(82.6286207479812,-68.8841110402813,61.078431372549));
#9263=CARTESIAN_POINT('Ctrl Pts',(105.290472961179,-29.9577224429265,61.7647058823529));
#9264=CARTESIAN_POINT('Ctrl Pts',(106.515080824456,15.0680880500151,62.4509803921569));
#9265=CARTESIAN_POINT('Ctrl Pts',(94.5192754907698,48.1601416607843,63.));
#9266=CARTESIAN_POINT('Ctrl Pts',(79.7214301866583,70.0224873548562,63.4117647058823));
#9267=CARTESIAN_POINT('Ctrl Pts',(59.9506614982755,87.5169176217148,63.8235294117647));
#9268=CARTESIAN_POINT('Ctrl Pts',(28.6825515612935,103.68134333841,64.3725490196078));
#9269=CARTESIAN_POINT('Ctrl Pts',(-16.1250280300238,108.275261723937,65.0588235294117));
#9270=CARTESIAN_POINT('Ctrl Pts',(-57.6495359786066,90.8242298176805,65.7450980392157));
#9271=CARTESIAN_POINT('Ctrl Pts',(-82.8506002155501,66.250062098159,66.2941176470588));
#9272=CARTESIAN_POINT('Ctrl Pts',(-96.6657073123453,43.7538135043246,66.7058823529412));
#9273=CARTESIAN_POINT('Ctrl Pts',(-104.45092815114,18.5282565950566,67.1176470588235));
#9274=CARTESIAN_POINT('Ctrl Pts',(-106.283483423122,-16.6232028192674,67.6666666666667));
#9275=CARTESIAN_POINT('Ctrl Pts',(-91.9919586059308,-59.3382539530855,68.3529411764706));
#9276=CARTESIAN_POINT('Ctrl Pts',(-58.9707801040216,-89.9719779400601,69.0392156862745));
#9277=CARTESIAN_POINT('Ctrl Pts',(-26.191338679996,-102.797404939213,69.5882352941177));
#9278=CARTESIAN_POINT('Ctrl Pts',(-3.69405684016137E-13,-106.106810179023,
70.));
#9279=CARTESIAN_POINT('Ctrl Pts',(26.1913386799953,-102.797404939213,70.4117647058823));
#9280=CARTESIAN_POINT('Ctrl Pts',(58.970780104021,-89.9719779400605,70.9607843137255));
#9281=CARTESIAN_POINT('Ctrl Pts',(91.9919586059305,-59.3382539530862,71.6470588235293));
#9282=CARTESIAN_POINT('Ctrl Pts',(106.283483423122,-16.6232028192681,72.3333333333333));
#9283=CARTESIAN_POINT('Ctrl Pts',(104.45092815114,18.5282565950559,72.8823529411765));
#9284=CARTESIAN_POINT('Ctrl Pts',(96.6657073123457,43.7538135043239,73.2941176470588));
#9285=CARTESIAN_POINT('Ctrl Pts',(82.8506002155504,66.2500620981585,73.7058823529412));
#9286=CARTESIAN_POINT('Ctrl Pts',(57.6495359786073,90.8242298176801,74.2549019607843));
#9287=CARTESIAN_POINT('Ctrl Pts',(16.1250280300247,108.275261723937,74.9411764705882));
#9288=CARTESIAN_POINT('Ctrl Pts',(-28.6825515612923,103.68134333841,75.6274509803921));
#9289=CARTESIAN_POINT('Ctrl Pts',(-59.9506614982742,87.5169176217156,76.1764705882353));
#9290=CARTESIAN_POINT('Ctrl Pts',(-79.7214301866576,70.0224873548572,76.5882352941176));
#9291=CARTESIAN_POINT('Ctrl Pts',(-94.5192754907693,48.1601416607851,77.));
#9292=CARTESIAN_POINT('Ctrl Pts',(-106.515080824457,15.0680880500159,77.5490196078431));
#9293=CARTESIAN_POINT('Ctrl Pts',(-105.290472961179,-29.9577224429258,78.235294117647));
#9294=CARTESIAN_POINT('Ctrl Pts',(-82.6286207479818,-68.8841110402808,78.921568627451));
#9295=CARTESIAN_POINT('Ctrl Pts',(-55.0088601400337,-90.7045643293711,79.4705882352941));
#9296=CARTESIAN_POINT('Ctrl Pts',(-30.9184365612995,-101.502243556348,79.8823529411764));
#9297=CARTESIAN_POINT('Ctrl Pts',(-4.89935947220029,-105.968339426684,80.2941176470589));
#9298=CARTESIAN_POINT('Ctrl Pts',(30.194796989809,-103.251072417035,80.8431372549018));
#9299=CARTESIAN_POINT('Ctrl Pts',(70.7093553606907,-83.568749510997,81.5294117647061));
#9300=CARTESIAN_POINT('Ctrl Pts',(96.8274191004636,-46.8717466163432,82.2156862745096));
#9301=CARTESIAN_POINT('Ctrl Pts',(105.317163489837,-12.711717371847,82.7647058823531));
#9302=CARTESIAN_POINT('Ctrl Pts',(105.220255471593,13.6876953816124,83.1764705882351));
#9303=CARTESIAN_POINT('Ctrl Pts',(98.5598391506444,39.2332867688392,83.5882352941178));
#9304=CARTESIAN_POINT('Ctrl Pts',(81.6130502372769,70.0843759442231,84.1372549019607));
#9305=CARTESIAN_POINT('Ctrl Pts',(46.9755741862036,98.8779260514333,84.8235294117648));
#9306=CARTESIAN_POINT('Ctrl Pts',(2.77382480644298,107.539832696851,85.5098039215685));
#9307=CARTESIAN_POINT('Ctrl Pts',(-31.8475352668985,101.188078257819,86.0588235294119));
#9308=CARTESIAN_POINT('Ctrl Pts',(-55.8580375785594,90.2138282318151,86.470588235294));
#9309=CARTESIAN_POINT('Ctrl Pts',(-76.3841851737591,73.6121521178923,86.8823529411765));
#9310=CARTESIAN_POINT('Ctrl Pts',(-97.5021106971213,45.4516020634017,87.4313725490196));
#9311=CARTESIAN_POINT('Ctrl Pts',(-109.450704925981,2.02287457894512,88.1176470588235));
#9312=CARTESIAN_POINT('Ctrl Pts',(-99.1150274654686,-41.8177121689234,88.8039215686274));
#9313=CARTESIAN_POINT('Ctrl Pts',(-79.0520987632798,-70.7393692734638,89.3529411764706));
#9314=CARTESIAN_POINT('Ctrl Pts',(-59.1534261171658,-88.0881793714017,89.764705882353));
#9315=CARTESIAN_POINT('Ctrl Pts',(-35.5648365276517,-99.9421587061648,90.1764705882353));
#9316=CARTESIAN_POINT('Ctrl Pts',(-1.20182761128103,-107.56888644453,90.7254901960784));
#9317=CARTESIAN_POINT('Ctrl Pts',(43.289805070197,-100.546216275604,91.4117647058823));
#9318=CARTESIAN_POINT('Ctrl Pts',(78.9675906575282,-73.0522371065293,92.0980392156863));
#9319=CARTESIAN_POINT('Ctrl Pts',(97.0427999361177,-42.8484266297547,92.6470588235294));
#9320=CARTESIAN_POINT('Ctrl Pts',(104.642615497838,-17.5663937146714,93.0588235294119));
#9321=CARTESIAN_POINT('Ctrl Pts',(105.714955217967,8.81140893104094,93.470588235294));
#9322=CARTESIAN_POINT('Ctrl Pts',(98.4932731131741,43.2618177146686,94.0196078431374));
#9323=CARTESIAN_POINT('Ctrl Pts',(73.7490557201616,80.8988603797401,94.705882352941));
#9324=CARTESIAN_POINT('Ctrl Pts',(33.9894576988189,102.064815121881,95.3921568627452));
#9325=CARTESIAN_POINT('Ctrl Pts',(-0.980324474748265,106.077008102656,95.9411764705882));
#9326=CARTESIAN_POINT('Ctrl Pts',(-27.1466610378862,102.575406218359,96.3529411764707));
#9327=CARTESIAN_POINT('Ctrl Pts',(-51.6196227435469,92.6752784290433,96.7647058823528));
#9328=CARTESIAN_POINT('Ctrl Pts',(-80.0268191825186,71.8903187644347,97.3137254901961));
#9329=CARTESIAN_POINT('Ctrl Pts',(-104.111583138084,33.827903967554,97.9999999999999));
#9330=CARTESIAN_POINT('Ctrl Pts',(-106.999125876768,-11.1219055080974,98.6862745098039));
#9331=CARTESIAN_POINT('Ctrl Pts',(-96.2343139554441,-44.6346222299666,99.235294117647));
#9332=CARTESIAN_POINT('Ctrl Pts',(-82.254421143248,-67.0288398285129,99.6470588235295));
#9333=CARTESIAN_POINT('Ctrl Pts',(-63.1436001301246,-85.241881998779,100.058823529412));
#9334=CARTESIAN_POINT('Ctrl Pts',(-32.4941441986673,-102.550671930123,100.607843137255));
#9335=CARTESIAN_POINT('Ctrl Pts',(12.1130823382355,-108.797160195583,101.294117647059));
#9336=CARTESIAN_POINT('Ctrl Pts',(54.2540733401229,-92.8924391246569,101.980392156863));
#9337=CARTESIAN_POINT('Ctrl Pts',(80.3459791093372,-69.2662711934804,102.529411764706));
#9338=CARTESIAN_POINT('Ctrl Pts',(94.9829214350409,-47.2958751058913,102.941176470588));
#9339=CARTESIAN_POINT('Ctrl Pts',(103.694947586953,-22.3752213179202,103.352941176471));
#9340=CARTESIAN_POINT('Ctrl Pts',(106.825150464976,12.6845160987255,103.901960784314));
#9341=CARTESIAN_POINT('Ctrl Pts',(94.1217710855781,55.898488692184,104.588235294117));
#9342=CARTESIAN_POINT('Ctrl Pts',(62.255106095784,87.7314737453225,105.274509803922));
#9343=CARTESIAN_POINT('Ctrl Pts',(29.9719698167209,101.759391258952,105.823529411765));
#9344=CARTESIAN_POINT('Ctrl Pts',(3.92080573151413,106.034345609255,106.235294117647));
#9345=CARTESIAN_POINT('Ctrl Pts',(-22.3749333250868,103.695009729421,106.647058823529));
#9346=CARTESIAN_POINT('Ctrl Pts',(-55.6059071199994,92.089591235305,107.196078431373));
#9347=CARTESIAN_POINT('Ctrl Pts',(-89.7364961761768,62.696970296651,107.882352941176));
#9348=CARTESIAN_POINT('Ctrl Pts',(-105.596645927332,20.5391842442977,108.56862745098));
#9349=CARTESIAN_POINT('Ctrl Pts',(-105.064241311461,-14.6559845023746,109.117647058824));
#9350=CARTESIAN_POINT('Ctrl Pts',(-98.216459460997,-40.1519894564841,109.529411764706));
#9351=CARTESIAN_POINT('Ctrl Pts',(-85.2420573676393,-63.1433633869698,109.941176470588));
#9352=CARTESIAN_POINT('Ctrl Pts',(-60.9662562853782,-88.6319655376609,110.490196078431));
#9353=CARTESIAN_POINT('Ctrl Pts',(-20.1149488731392,-107.60547226878,111.176470588235));
#9354=CARTESIAN_POINT('Ctrl Pts',(24.8317820085966,-104.670398503116,111.862745098039));
#9355=CARTESIAN_POINT('Ctrl Pts',(56.6758374740464,-89.6724156622441,112.411764705882));
#9356=CARTESIAN_POINT('Ctrl Pts',(77.0795493458087,-72.9204925862018,112.823529411765));
#9357=CARTESIAN_POINT('Ctrl Pts',(92.6751350651245,-51.6198801310867,113.235294117647));
#9358=CARTESIAN_POINT('Ctrl Pts',(105.885548984017,-18.9936893961377,113.78431372549));
#9359=CARTESIAN_POINT('Ctrl Pts',(106.325548663184,26.0466222729372,114.470588235294));
#9360=CARTESIAN_POINT('Ctrl Pts',(85.117561556573,65.7838159062436,115.156862745098));
#9361=CARTESIAN_POINT('Ctrl Pts',(58.322962050367,88.6099587053186,115.705882352941));
#9362=CARTESIAN_POINT('Ctrl Pts',(34.6479812194259,100.290441038942,116.117647058824));
#9363=CARTESIAN_POINT('Ctrl Pts',(8.81170253393688,105.714930745568,116.529411764706));
#9364=CARTESIAN_POINT('Ctrl Pts',(-26.3588938201246,104.296301166929,117.078431372549));
#9365=CARTESIAN_POINT('Ctrl Pts',(-67.5730745271465,86.1244937825761,117.764705882353));
#9366=CARTESIAN_POINT('Ctrl Pts',(-95.0293104802491,50.4176543501562,118.450980392157));
#9367=CARTESIAN_POINT('Ctrl Pts',(-104.775521184566,16.5946631357651,119.));
#9368=CARTESIAN_POINT('Ctrl Pts',(-105.654177232902,-9.79030130310195,119.411764705883));
#9369=CARTESIAN_POINT('Ctrl Pts',(-99.9422574802669,-35.5645589574147,119.823529411765));
#9370=CARTESIAN_POINT('Ctrl Pts',(-84.1470362073055,-67.0207879545516,120.372549019608));
#9371=CARTESIAN_POINT('Ctrl Pts',(-50.5971803183915,-97.074580473909,121.058823529412));
#9372=CARTESIAN_POINT('Ctrl Pts',(-6.74568851311149,-107.363892473252,121.745098039216));
#9373=CARTESIAN_POINT('Ctrl Pts',(28.0867341037558,-102.295787066083,122.294117647059));
#9374=CARTESIAN_POINT('Ctrl Pts',(52.4863536796273,-92.2162558543367,122.705882352941));
#9375=CARTESIAN_POINT('Ctrl Pts',(73.6119399751266,-76.3843896170264,123.117647058824));
#9376=CARTESIAN_POINT('Ctrl Pts',(95.7560177739605,-49.0234105366877,123.666666666666));
#9377=CARTESIAN_POINT('Ctrl Pts',(109.301208427886,-6.0658607334112,124.352941176471));
#9378=CARTESIAN_POINT('Ctrl Pts',(100.592565029303,38.1267043095979,125.039215686274));
#9379=CARTESIAN_POINT('Ctrl Pts',(81.6120366936121,67.7699649597161,125.588235294118));
#9380=CARTESIAN_POINT('Ctrl Pts',(62.3680181934871,85.8422126534239,126.));
#9381=CARTESIAN_POINT('Ctrl Pts',(39.2335604951279,98.5597301879584,126.411764705882));
#9382=CARTESIAN_POINT('Ctrl Pts',(5.17583848696458,107.451014031065,126.960784313725));
#9383=CARTESIAN_POINT('Ctrl Pts',(-39.5449073093017,102.077172465486,127.64705882353));
#9384=CARTESIAN_POINT('Ctrl Pts',(-76.2142708146187,75.9203176957917,128.333333333333));
#9385=CARTESIAN_POINT('Ctrl Pts',(-95.3932119741646,46.4050406997708,128.882352941177));
#9386=CARTESIAN_POINT('Ctrl Pts',(-103.922046202774,21.4210984544005,129.294117647059));
#9387=CARTESIAN_POINT('Ctrl Pts',(-105.968353209504,-4.89906514246876,129.705882352941));
#9388=CARTESIAN_POINT('Ctrl Pts',(-100.024596776876,-39.5927984242083,130.254901960784));
#9389=CARTESIAN_POINT('Ctrl Pts',(-76.6880245830233,-78.1184730259615,130.941176470588));
#9390=CARTESIAN_POINT('Ctrl Pts',(-37.7376916136499,-100.739149734185,131.627450980392));
#9391=CARTESIAN_POINT('Ctrl Pts',(-2.94005125334223,-106.040788119377,132.176470588235));
#9392=CARTESIAN_POINT('Ctrl Pts',(23.3378101558494,-103.508463699989,132.588235294118));
#9393=CARTESIAN_POINT('Ctrl Pts',(48.1598723033048,-94.5194083498029,133.));
#9394=CARTESIAN_POINT('Ctrl Pts',(77.3157255833098,-74.7983349201271,133.549019607843));
#9395=CARTESIAN_POINT('Ctrl Pts',(102.790456670047,-37.6518763594746,134.235294117647));
#9396=CARTESIAN_POINT('Ctrl Pts',(107.33707287502,7.16052525384899,134.921568627451));
#9397=CARTESIAN_POINT('Ctrl Pts',(97.817840866255,41.0481460487872,135.470588235294));
#9398=CARTESIAN_POINT('Ctrl Pts',(84.6752068416092,63.9436200758898,135.882352941176));
#9399=CARTESIAN_POINT('Ctrl Pts',(66.2500260359275,82.8504510470305,136.294117647059));
#9400=CARTESIAN_POINT('Ctrl Pts',(36.2619357768766,101.279852479648,136.843137254902));
#9401=CARTESIAN_POINT('Ctrl Pts',(-8.08586442032673,109.17062135946,137.529411764706));
#9402=CARTESIAN_POINT('Ctrl Pts',(-50.7825669697539,94.8335149043833,138.21568627451));
#9403=CARTESIAN_POINT('Ctrl Pts',(-77.7342244813004,72.1882115613635,138.764705882353));
#9404=CARTESIAN_POINT('Ctrl Pts',(-93.1647482534762,50.7726065760651,139.176470588235));
#9405=CARTESIAN_POINT('Ctrl Pts',(-102.808034049473,26.1929363372588,139.588235294117));
#9406=CARTESIAN_POINT('Ctrl Pts',(-106.097700711584,7.25537898713568E-13,
140.));
#9407=CARTESIAN_POINT('Ctrl Pts',(-102.808034049473,-26.1929363372574,140.411764705882));
#9408=CARTESIAN_POINT('Ctrl Pts',(-93.1647482534768,-50.7726065760638,140.823529411765));
#9409=CARTESIAN_POINT('Ctrl Pts',(-77.7342244813015,-72.1882115613625,141.235294117647));
#9410=CARTESIAN_POINT('Ctrl Pts',(-50.7825669697552,-94.8335149043827,141.78431372549));
#9411=CARTESIAN_POINT('Ctrl Pts',(-8.08586442032818,-109.17062135946,142.470588235294));
#9412=CARTESIAN_POINT('Ctrl Pts',(36.2619357768752,-101.279852479648,143.156862745098));
#9413=CARTESIAN_POINT('Ctrl Pts',(66.2500260359265,-82.8504510470315,143.705882352941));
#9414=CARTESIAN_POINT('Ctrl Pts',(84.6752068416082,-63.9436200758907,144.117647058824));
#9415=CARTESIAN_POINT('Ctrl Pts',(97.8178408662545,-41.0481460487887,144.529411764706));
#9416=CARTESIAN_POINT('Ctrl Pts',(107.337072875019,-7.16052525385024,145.078431372549));
#9417=CARTESIAN_POINT('Ctrl Pts',(102.790456670047,37.6518763594729,145.764705882353));
#9418=CARTESIAN_POINT('Ctrl Pts',(77.3157255833109,74.7983349201263,146.450980392157));
#9419=CARTESIAN_POINT('Ctrl Pts',(48.159872303306,94.519408349802,147.));
#9420=CARTESIAN_POINT('Ctrl Pts',(23.3378101558509,103.508463699989,147.411764705882));
#9421=CARTESIAN_POINT('Ctrl Pts',(-2.94005125334081,106.040788119377,147.823529411765));
#9422=CARTESIAN_POINT('Ctrl Pts',(-37.7376916136485,100.739149734186,148.372549019608));
#9423=CARTESIAN_POINT('Ctrl Pts',(-76.6880245830224,78.1184730259624,149.058823529412));
#9424=CARTESIAN_POINT('Ctrl Pts',(-100.024596776876,39.5927984242097,149.745098039216));
#9425=CARTESIAN_POINT('Ctrl Pts',(-105.968353209503,4.8990651424707,150.294117647059));
#9426=CARTESIAN_POINT('Ctrl Pts',(-103.922046202775,-21.4210984543977,150.705882352941));
#9427=CARTESIAN_POINT('Ctrl Pts',(-95.393211974166,-46.4050406997676,151.117647058823));
#9428=CARTESIAN_POINT('Ctrl Pts',(-76.2142708146209,-75.9203176957898,151.666666666667));
#9429=CARTESIAN_POINT('Ctrl Pts',(-39.5449073093035,-102.077172465485,152.352941176471));
#9430=CARTESIAN_POINT('Ctrl Pts',(5.17583848696305,-107.451014031066,153.039215686274));
#9431=CARTESIAN_POINT('Ctrl Pts',(39.2335604951266,-98.5597301879589,153.588235294118));
#9432=CARTESIAN_POINT('Ctrl Pts',(62.3680181934858,-85.8422126534247,154.));
#9433=CARTESIAN_POINT('Ctrl Pts',(81.6120366936113,-67.7699649597172,154.411764705882));
#9434=CARTESIAN_POINT('Ctrl Pts',(100.592565029302,-38.1267043095992,154.960784313725));
#9435=CARTESIAN_POINT('Ctrl Pts',(109.301208427886,6.06586073340957,155.64705882353));
#9436=CARTESIAN_POINT('Ctrl Pts',(95.7560177739611,49.0234105366865,156.333333333333));
#9437=CARTESIAN_POINT('Ctrl Pts',(73.6119399751276,76.3843896170252,156.882352941177));
#9438=CARTESIAN_POINT('Ctrl Pts',(52.4863536796286,92.216255854336,157.294117647059));
#9439=CARTESIAN_POINT('Ctrl Pts',(28.0867341037572,102.295787066082,157.705882352941));
#9440=CARTESIAN_POINT('Ctrl Pts',(-6.74568851311003,107.363892473252,158.254901960784));
#9441=CARTESIAN_POINT('Ctrl Pts',(-50.5971803183901,97.0745804739098,158.941176470588));
#9442=CARTESIAN_POINT('Ctrl Pts',(-84.1470362073046,67.0207879545526,159.627450980392));
#9443=CARTESIAN_POINT('Ctrl Pts',(-99.9422574802664,35.5645589574162,160.176470588235));
#9444=CARTESIAN_POINT('Ctrl Pts',(-105.654177232901,9.79030130310334,160.588235294118));
#9445=CARTESIAN_POINT('Ctrl Pts',(-104.775521184566,-16.5946631357636,161.));
#9446=CARTESIAN_POINT('Ctrl Pts',(-95.0293104802497,-50.417654350155,161.549019607843));
#9447=CARTESIAN_POINT('Ctrl Pts',(-67.5730745271477,-86.124493782575,162.235294117647));
#9448=CARTESIAN_POINT('Ctrl Pts',(-26.358893820126,-104.296301166929,162.921568627451));
#9449=CARTESIAN_POINT('Ctrl Pts',(8.8117025339354,-105.714930745568,163.470588235294));
#9450=CARTESIAN_POINT('Ctrl Pts',(34.6479812194245,-100.290441038943,163.882352941176));
#9451=CARTESIAN_POINT('Ctrl Pts',(58.3229620503659,-88.6099587053195,164.294117647059));
#9452=CARTESIAN_POINT('Ctrl Pts',(85.1175615565719,-65.7838159062447,164.843137254902));
#9453=CARTESIAN_POINT('Ctrl Pts',(106.325548663184,-26.0466222729387,165.529411764706));
#9454=CARTESIAN_POINT('Ctrl Pts',(105.885548984017,18.9936893961362,166.21568627451));
#9455=CARTESIAN_POINT('Ctrl Pts',(92.6751350651252,51.6198801310854,166.764705882353));
#9456=CARTESIAN_POINT('Ctrl Pts',(77.0795493458096,72.9204925862007,167.176470588235));
#9457=CARTESIAN_POINT('Ctrl Pts',(56.6758374740477,89.6724156622434,167.588235294118));
#9458=CARTESIAN_POINT('Ctrl Pts',(24.831782008598,104.670398503115,168.137254901961));
#9459=CARTESIAN_POINT('Ctrl Pts',(-20.1149488731378,107.60547226878,168.823529411765));
#9460=CARTESIAN_POINT('Ctrl Pts',(-60.9662562853769,88.6319655376618,169.509803921569));
#9461=CARTESIAN_POINT('Ctrl Pts',(-85.2420573676385,63.1433633869709,170.058823529411));
#9462=CARTESIAN_POINT('Ctrl Pts',(-98.2164594609962,40.1519894564855,170.470588235294));
#9463=CARTESIAN_POINT('Ctrl Pts',(-105.064241311461,14.655984502376,170.882352941176));
#9464=CARTESIAN_POINT('Ctrl Pts',(-105.596645927332,-20.5391842442962,171.43137254902));
#9465=CARTESIAN_POINT('Ctrl Pts',(-89.736496176178,-62.6969702966498,172.117647058824));
#9466=CARTESIAN_POINT('Ctrl Pts',(-55.6059071200005,-92.0895912353043,172.803921568628));
#9467=CARTESIAN_POINT('Ctrl Pts',(-22.3749333250883,-103.695009729421,173.35294117647));
#9468=CARTESIAN_POINT('Ctrl Pts',(3.92080573151272,-106.034345609255,173.764705882353));
#9469=CARTESIAN_POINT('Ctrl Pts',(29.9719698167193,-101.759391258952,174.176470588235));
#9470=CARTESIAN_POINT('Ctrl Pts',(62.2551060957824,-87.7314737453237,174.725490196078));
#9471=CARTESIAN_POINT('Ctrl Pts',(94.1217710855772,-55.8984886921855,175.411764705882));
#9472=CARTESIAN_POINT('Ctrl Pts',(106.825150464976,-12.6845160987265,176.098039215686));
#9473=CARTESIAN_POINT('Ctrl Pts',(103.694947586953,22.3752213179198,176.647058823529));
#9474=CARTESIAN_POINT('Ctrl Pts',(94.9829214350413,47.2958751058907,177.058823529412));
#9475=CARTESIAN_POINT('Ctrl Pts',(80.3459791093379,69.2662711934796,177.470588235294));
#9476=CARTESIAN_POINT('Ctrl Pts',(54.2540733401237,92.8924391246565,178.019607843137));
#9477=CARTESIAN_POINT('Ctrl Pts',(12.1130823382363,108.797160195583,178.705882352941));
#9478=CARTESIAN_POINT('Ctrl Pts',(-32.4941441986668,102.550671930123,179.392156862745));
#9479=CARTESIAN_POINT('Ctrl Pts',(-63.143600130124,85.2418819987792,179.941176470588));
#9480=CARTESIAN_POINT('Ctrl Pts',(-82.2544211432473,67.0288398285138,180.352941176471));
#9481=CARTESIAN_POINT('Ctrl Pts',(-96.2343139554434,44.6346222299681,180.764705882353));
#9482=CARTESIAN_POINT('Ctrl Pts',(-106.999125876768,11.1219055080991,181.313725490196));
#9483=CARTESIAN_POINT('Ctrl Pts',(-104.111583138084,-33.8279039675526,182.));
#9484=CARTESIAN_POINT('Ctrl Pts',(-80.0268191825193,-71.8903187644338,182.686274509804));
#9485=CARTESIAN_POINT('Ctrl Pts',(-51.619622743548,-92.6752784290428,183.235294117647));
#9486=CARTESIAN_POINT('Ctrl Pts',(-27.1466610378875,-102.575406218359,183.647058823529));
#9487=CARTESIAN_POINT('Ctrl Pts',(-0.980324474749987,-106.077008102656,
184.058823529412));
#9488=CARTESIAN_POINT('Ctrl Pts',(33.9894576988173,-102.064815121881,184.607843137255));
#9489=CARTESIAN_POINT('Ctrl Pts',(73.7490557201605,-80.8988603797413,185.294117647059));
#9490=CARTESIAN_POINT('Ctrl Pts',(98.4932731131737,-43.2618177146696,185.980392156863));
#9491=CARTESIAN_POINT('Ctrl Pts',(105.714955217967,-8.81140893104219,186.529411764706));
#9492=CARTESIAN_POINT('Ctrl Pts',(104.642615497838,17.56639371467,186.941176470588));
#9493=CARTESIAN_POINT('Ctrl Pts',(97.0427999361185,42.8484266297531,187.352941176471));
#9494=CARTESIAN_POINT('Ctrl Pts',(78.9675906575293,73.052237106528,187.901960784314));
#9495=CARTESIAN_POINT('Ctrl Pts',(43.2898050701986,100.546216275603,188.588235294118));
#9496=CARTESIAN_POINT('Ctrl Pts',(-1.20182761127994,107.568886444531,189.274509803921));
#9497=CARTESIAN_POINT('Ctrl Pts',(-35.5648365276505,99.9421587061652,189.823529411765));
#9498=CARTESIAN_POINT('Ctrl Pts',(-59.1534261171646,88.0881793714025,190.235294117647));
#9499=CARTESIAN_POINT('Ctrl Pts',(-79.0520987632785,70.7393692734651,190.647058823529));
#9500=CARTESIAN_POINT('Ctrl Pts',(-99.1150274654681,41.817712168925,191.196078431372));
#9501=CARTESIAN_POINT('Ctrl Pts',(-109.45070492598,-2.02287457894336,191.882352941177));
#9502=CARTESIAN_POINT('Ctrl Pts',(-97.5021106971222,-45.4516020634001,192.56862745098));
#9503=CARTESIAN_POINT('Ctrl Pts',(-76.3841851737603,-73.6121521178908,193.117647058823));
#9504=CARTESIAN_POINT('Ctrl Pts',(-55.8580375785614,-90.213828231814,193.529411764706));
#9505=CARTESIAN_POINT('Ctrl Pts',(-31.8475352669008,-101.188078257818,193.941176470588));
#9506=CARTESIAN_POINT('Ctrl Pts',(2.77382480644045,-107.539832696851,194.490196078431));
#9507=CARTESIAN_POINT('Ctrl Pts',(46.9755741862015,-98.8779260514344,195.176470588236));
#9508=CARTESIAN_POINT('Ctrl Pts',(81.6130502372757,-70.0843759442245,195.862745098039));
#9509=CARTESIAN_POINT('Ctrl Pts',(98.5598391506435,-39.2332867688411,196.411764705882));
#9510=CARTESIAN_POINT('Ctrl Pts',(105.220255471593,-13.6876953816145,196.823529411765));
#9511=CARTESIAN_POINT('Ctrl Pts',(105.317163489837,12.7117173718445,197.235294117647));
#9512=CARTESIAN_POINT('Ctrl Pts',(96.8274191004649,46.8717466163415,197.78431372549));
#9513=CARTESIAN_POINT('Ctrl Pts',(70.7093553606915,83.5687495109962,198.470588235294));
#9514=CARTESIAN_POINT('Ctrl Pts',(30.19479698981,103.251072417035,199.156862745098));
#9515=CARTESIAN_POINT('Ctrl Pts',(-4.89935947219939,105.968339426684,199.705882352941));
#9516=CARTESIAN_POINT('Ctrl Pts',(-30.9184365612988,101.502243556348,200.117647058824));
#9517=CARTESIAN_POINT('Ctrl Pts',(-55.0088601400334,90.7045643293714,200.529411764706));
#9518=CARTESIAN_POINT('Ctrl Pts',(-82.6286207479814,68.8841110402811,201.078431372549));
#9519=CARTESIAN_POINT('Ctrl Pts',(-105.290472961179,29.9577224429266,201.764705882353));
#9520=CARTESIAN_POINT('Ctrl Pts',(-106.515080824457,-15.068088050015,202.450980392157));
#9521=CARTESIAN_POINT('Ctrl Pts',(-94.5192754907698,-48.160141660784,203.));
#9522=CARTESIAN_POINT('Ctrl Pts',(-79.7214301866583,-70.0224873548563,203.411764705882));
#9523=CARTESIAN_POINT('Ctrl Pts',(-59.9506614982752,-87.5169176217149,203.823529411765));
#9524=CARTESIAN_POINT('Ctrl Pts',(-28.6825515612935,-103.68134333841,204.372549019608));
#9525=CARTESIAN_POINT('Ctrl Pts',(16.1250280300233,-108.275261723937,205.058823529412));
#9526=CARTESIAN_POINT('Ctrl Pts',(57.6495359786058,-90.8242298176812,205.745098039216));
#9527=CARTESIAN_POINT('Ctrl Pts',(82.8506002155495,-66.2500620981597,206.294117647059));
#9528=CARTESIAN_POINT('Ctrl Pts',(96.6657073123451,-43.7538135043252,206.705882352941));
#9529=CARTESIAN_POINT('Ctrl Pts',(104.45092815114,-18.5282565950571,207.117647058823));
#9530=CARTESIAN_POINT('Ctrl Pts',(106.283483423122,16.6232028192669,207.666666666667));
#9531=CARTESIAN_POINT('Ctrl Pts',(91.9919586059313,59.3382539530848,208.352941176471));
#9532=CARTESIAN_POINT('Ctrl Pts',(58.9707801040225,89.9719779400596,209.039215686275));
#9533=CARTESIAN_POINT('Ctrl Pts',(26.191338679997,102.797404939213,209.588235294117));
#9534=CARTESIAN_POINT('Ctrl Pts',(1.08429869840709E-12,106.106810179023,
210.));
#9535=CARTESIAN_POINT('Ctrl Pts',(-26.1913386799949,102.797404939213,210.411764705882));
#9536=CARTESIAN_POINT('Ctrl Pts',(-58.9707801040206,89.9719779400607,210.960784313726));
#9537=CARTESIAN_POINT('Ctrl Pts',(-91.9919586059305,59.3382539530865,211.647058823529));
#9538=CARTESIAN_POINT('Ctrl Pts',(-106.283483423122,16.6232028192675,212.333333333333));
#9539=CARTESIAN_POINT('Ctrl Pts',(-104.45092815114,-18.5282565950574,212.882352941177));
#9540=CARTESIAN_POINT('Ctrl Pts',(-96.6657073123447,-43.753813504326,213.294117647059));
#9541=CARTESIAN_POINT('Ctrl Pts',(-82.8506002155492,-66.2500620981599,213.705882352941));
#9542=CARTESIAN_POINT('Ctrl Pts',(-57.6495359786063,-90.8242298176806,214.254901960784));
#9543=CARTESIAN_POINT('Ctrl Pts',(-16.1250280300245,-108.275261723937,214.941176470589));
#9544=CARTESIAN_POINT('Ctrl Pts',(28.6825515612929,-103.68134333841,215.627450980392));
#9545=CARTESIAN_POINT('Ctrl Pts',(59.9506614982756,-87.5169176217149,216.176470588235));
#9546=CARTESIAN_POINT('Ctrl Pts',(79.7214301866588,-70.0224873548556,216.588235294118));
#9547=CARTESIAN_POINT('Ctrl Pts',(94.5192754907699,-48.1601416607837,217.));
#9548=CARTESIAN_POINT('Ctrl Pts',(106.515080824456,-15.0680880500155,217.549019607843));
#9549=CARTESIAN_POINT('Ctrl Pts',(105.290472961179,29.9577224429253,218.235294117647));
#9550=CARTESIAN_POINT('Ctrl Pts',(82.6286207479819,68.8841110402807,218.921568627451));
#9551=CARTESIAN_POINT('Ctrl Pts',(55.0088601400331,90.7045643293716,219.470588235294));
#9552=CARTESIAN_POINT('Ctrl Pts',(30.918436561298,101.502243556348,219.882352941176));
#9553=CARTESIAN_POINT('Ctrl Pts',(4.89935947219905,105.968339426684,220.294117647059));
#9554=CARTESIAN_POINT('Ctrl Pts',(-30.1947969898093,103.251072417034,220.843137254902));
#9555=CARTESIAN_POINT('Ctrl Pts',(-70.7093553606902,83.5687495109975,221.529411764706));
#9556=CARTESIAN_POINT('Ctrl Pts',(-96.8274191004638,46.8717466163433,222.21568627451));
#9557=CARTESIAN_POINT('Ctrl Pts',(-105.317163489837,12.7117173718463,222.764705882353));
#9558=CARTESIAN_POINT('Ctrl Pts',(-105.220255471593,-13.687695381614,223.176470588235));
#9559=CARTESIAN_POINT('Ctrl Pts',(-98.5598391506437,-39.2332867688403,223.588235294118));
#9560=CARTESIAN_POINT('Ctrl Pts',(-81.6130502372767,-70.0843759442234,224.137254901961));
#9561=CARTESIAN_POINT('Ctrl Pts',(-46.975574186204,-98.8779260514329,224.823529411764));
#9562=CARTESIAN_POINT('Ctrl Pts',(-2.77382480644322,-107.539832696851,225.509803921569));
#9563=CARTESIAN_POINT('Ctrl Pts',(31.8475352668993,-101.188078257819,226.058823529412));
#9564=CARTESIAN_POINT('Ctrl Pts',(55.8580375785608,-90.2138282318145,226.470588235294));
#9565=CARTESIAN_POINT('Ctrl Pts',(76.38418517376,-73.6121521178913,226.882352941176));
#9566=CARTESIAN_POINT('Ctrl Pts',(97.502110697121,-45.4516020634015,227.431372549019));
#9567=CARTESIAN_POINT('Ctrl Pts',(109.450704925981,-2.02287457894615,228.117647058824));
#9568=CARTESIAN_POINT('Ctrl Pts',(99.115027465469,41.8177121689225,228.803921568627));
#9569=CARTESIAN_POINT('Ctrl Pts',(79.05209876328,70.7393692734639,229.352941176471));
#9570=CARTESIAN_POINT('Ctrl Pts',(59.153426117165,88.0881793714022,229.764705882353));
#9571=CARTESIAN_POINT('Ctrl Pts',(35.5648365276512,99.9421587061649,230.176470588236));
#9572=CARTESIAN_POINT('Ctrl Pts',(1.20182761128151,107.56888644453,230.725490196078));
#9573=CARTESIAN_POINT('Ctrl Pts',(-43.2898050701959,100.546216275605,231.411764705883));
#9574=CARTESIAN_POINT('Ctrl Pts',(-78.9675906575276,73.0522371065301,232.098039215686));
#9575=CARTESIAN_POINT('Ctrl Pts',(-97.0427999361179,42.8484266297547,232.647058823529));
#9576=CARTESIAN_POINT('Ctrl Pts',(-104.642615497838,17.5663937146707,233.058823529412));
#9577=CARTESIAN_POINT('Ctrl Pts',(-105.714955217967,-8.81140893104157,233.470588235294));
#9578=CARTESIAN_POINT('Ctrl Pts',(-98.4932731131742,-43.2618177146679,234.019607843137));
#9579=CARTESIAN_POINT('Ctrl Pts',(-73.7490557201624,-80.8988603797395,234.705882352942));
#9580=CARTESIAN_POINT('Ctrl Pts',(-33.98945769882,-102.064815121881,235.392156862745));
#9581=CARTESIAN_POINT('Ctrl Pts',(0.980324474748361,-106.077008102657,235.941176470589));
#9582=CARTESIAN_POINT('Ctrl Pts',(27.1466610378868,-102.575406218359,236.35294117647));
#9583=CARTESIAN_POINT('Ctrl Pts',(51.6196227435475,-92.6752784290433,236.764705882353));
#9584=CARTESIAN_POINT('Ctrl Pts',(80.0268191825178,-71.8903187644347,237.313725490196));
#9585=CARTESIAN_POINT('Ctrl Pts',(104.111583138084,-33.8279039675554,238.000000000001));
#9586=CARTESIAN_POINT('Ctrl Pts',(106.999125876768,11.1219055080964,238.686274509803));
#9587=CARTESIAN_POINT('Ctrl Pts',(96.2343139554443,44.6346222299667,239.235294117647));
#9588=CARTESIAN_POINT('Ctrl Pts',(82.2544211432477,67.0288398285131,239.647058823529));
#9589=CARTESIAN_POINT('Ctrl Pts',(63.1436001301245,85.241881998779,240.058823529412));
#9590=CARTESIAN_POINT('Ctrl Pts',(32.4941441986684,102.550671930122,240.607843137255));
#9591=CARTESIAN_POINT('Ctrl Pts',(-12.1130823382336,108.797160195583,241.294117647059));
#9592=CARTESIAN_POINT('Ctrl Pts',(-54.2540733401213,92.8924391246579,241.980392156863));
#9593=CARTESIAN_POINT('Ctrl Pts',(-80.345979109337,69.266271193481,242.529411764706));
#9594=CARTESIAN_POINT('Ctrl Pts',(-94.9829214350409,47.2958751058913,242.941176470588));
#9595=CARTESIAN_POINT('Ctrl Pts',(-103.694947586953,22.3752213179204,243.352941176471));
#9596=CARTESIAN_POINT('Ctrl Pts',(-106.825150464975,-12.6845160987242,243.901960784314));
#9597=CARTESIAN_POINT('Ctrl Pts',(-94.1217710855794,-55.8984886921824,244.588235294118));
#9598=CARTESIAN_POINT('Ctrl Pts',(-62.2551060957854,-87.7314737453215,245.274509803921));
#9599=CARTESIAN_POINT('Ctrl Pts',(-29.9719698167219,-101.759391258951,245.823529411765));
#9600=CARTESIAN_POINT('Ctrl Pts',(-3.92080573151486,-106.034345609255,246.235294117647));
#9601=CARTESIAN_POINT('Ctrl Pts',(22.3749333250857,-103.695009729421,246.647058823529));
#9602=CARTESIAN_POINT('Ctrl Pts',(55.6059071199972,-92.0895912353059,247.196078431373));
#9603=CARTESIAN_POINT('Ctrl Pts',(89.7364961761755,-62.6969702966535,247.882352941176));
#9604=CARTESIAN_POINT('Ctrl Pts',(105.596645927332,-20.5391842442998,248.568627450981));
#9605=CARTESIAN_POINT('Ctrl Pts',(105.064241311462,14.6559845023733,249.117647058824));
#9606=CARTESIAN_POINT('Ctrl Pts',(98.2164594609971,40.1519894564835,249.529411764706));
#9607=CARTESIAN_POINT('Ctrl Pts',(85.24205736764,63.1433633869687,249.941176470589));
#9608=CARTESIAN_POINT('Ctrl Pts',(60.96625628538,88.6319655376595,250.490196078431));
#9609=CARTESIAN_POINT('Ctrl Pts',(20.114948873142,107.60547226878,251.176470588236));
#9610=CARTESIAN_POINT('Ctrl Pts',(-24.8317820085943,104.670398503116,251.862745098039));
#9611=CARTESIAN_POINT('Ctrl Pts',(-56.6758374740455,89.672415662245,252.411764705883));
#9612=CARTESIAN_POINT('Ctrl Pts',(-77.0795493458081,72.9204925862022,252.823529411764));
#9613=CARTESIAN_POINT('Ctrl Pts',(-92.6751350651238,51.6198801310877,253.235294117647));
#9614=CARTESIAN_POINT('Ctrl Pts',(-105.885548984016,18.9936893961399,253.78431372549));
#9615=CARTESIAN_POINT('Ctrl Pts',(-106.325548663185,-26.0466222729345,254.470588235294));
#9616=CARTESIAN_POINT('Ctrl Pts',(-85.1175615565745,-65.7838159062419,255.156862745098));
#9617=CARTESIAN_POINT('Ctrl Pts',(-58.3229620503681,-88.609958705318,255.705882352941));
#9618=CARTESIAN_POINT('Ctrl Pts',(-34.6479812194265,-100.290441038942,256.117647058824));
#9619=CARTESIAN_POINT('Ctrl Pts',(-8.81170253393809,-105.714930745568,256.529411764706));
#9620=CARTESIAN_POINT('Ctrl Pts',(26.3588938201234,-104.29630116693,257.078431372549));
#9621=CARTESIAN_POINT('Ctrl Pts',(67.5730745271461,-86.1244937825766,257.764705882353));
#9622=CARTESIAN_POINT('Ctrl Pts',(95.0293104802489,-50.4176543501566,258.450980392157));
#9623=CARTESIAN_POINT('Ctrl Pts',(104.775521184566,-16.5946631357651,259.));
#9624=CARTESIAN_POINT('Ctrl Pts',(105.654177232902,9.79030130310094,259.411764705883));
#9625=CARTESIAN_POINT('Ctrl Pts',(99.9422574802671,35.564558957415,259.823529411764));
#9626=CARTESIAN_POINT('Ctrl Pts',(84.1470362073048,67.0207879545514,260.372549019608));
#9627=CARTESIAN_POINT('Ctrl Pts',(50.5971803183912,97.0745804739112,261.058823529411));
#9628=CARTESIAN_POINT('Ctrl Pts',(6.74568851310921,107.363892473249,261.745098039216));
#9629=CARTESIAN_POINT('Ctrl Pts',(-28.0867341037535,102.295787066085,262.294117647059));
#9630=CARTESIAN_POINT('Ctrl Pts',(-52.4863536796311,92.216255854331,262.705882352941));
#9631=CARTESIAN_POINT('Ctrl Pts',(-73.6119399751183,76.3843896170378,263.117647058824));
#9632=CARTESIAN_POINT('Ctrl Pts',(-95.7560177739788,49.0234105366624,263.666666666667));
#9633=CARTESIAN_POINT('Ctrl Pts',(-109.301208427847,6.06586073346382,264.352941176471));
#9634=CARTESIAN_POINT('Ctrl Pts',(-100.592565029362,-38.1267043096809,265.039215686275));
#9635=CARTESIAN_POINT('Ctrl Pts',(-81.6120366935322,-67.7699649596052,265.588235294117));
#9636=CARTESIAN_POINT('Ctrl Pts',(-62.3680181936601,-85.8422126536616,266.));
#9637=CARTESIAN_POINT('Ctrl Pts',(-39.2335604948102,-98.5597301875193,266.411764705882));
#9638=CARTESIAN_POINT('Ctrl Pts',(-5.17583848765904,-107.451014032026,266.960784313726));
#9639=CARTESIAN_POINT('Ctrl Pts',(39.5449073108233,-102.077172463386,267.647058823529));
#9640=CARTESIAN_POINT('Ctrl Pts',(76.2142708123032,-75.9203176989894,268.333333333334));
#9641=CARTESIAN_POINT('Ctrl Pts',(95.3932119772777,-46.4050406954713,268.882352941176));
#9642=CARTESIAN_POINT('Ctrl Pts',(103.922046196071,-21.4210984636593,269.294117647059));
#9643=CARTESIAN_POINT('Ctrl Pts',(105.968353221862,4.89906515953432,269.705882352941));
#9644=CARTESIAN_POINT('Ctrl Pts',(100.024596749853,39.5927983868888,270.254901960784));
#9645=CARTESIAN_POINT('Ctrl Pts',(76.6880246421155,78.118473107566,270.941176470589));
#9646=CARTESIAN_POINT('Ctrl Pts',(37.7376915236359,100.739149609876,271.627450980392));
#9647=CARTESIAN_POINT('Ctrl Pts',(2.94005137435389,106.040788286488,272.176470588235));
#9648=CARTESIAN_POINT('Ctrl Pts',(-23.3378104164058,103.508463340165,272.588235294117));
#9649=CARTESIAN_POINT('Ctrl Pts',(-48.1598718229901,94.5194090131043,273.));
#9650=CARTESIAN_POINT('Ctrl Pts',(-77.3157266336233,74.7983334696709,273.549019607843));
#9651=CARTESIAN_POINT('Ctrl Pts',(-102.790454373369,37.6518795311295,274.235294117648));
#9652=CARTESIAN_POINT('Ctrl Pts',(-107.337076373556,-7.16053008523869,274.921568627451));
#9653=CARTESIAN_POINT('Ctrl Pts',(-97.8178361630947,-41.0481395538397,275.470588235294));
#9654=CARTESIAN_POINT('Ctrl Pts',(-84.6752169685259,-63.9436340608655,275.882352941176));
#9655=CARTESIAN_POINT('Ctrl Pts',(-66.250007367723,-82.8504252670641,276.294117647059));
#9656=CARTESIAN_POINT('Ctrl Pts',(-36.2619766019447,-101.279908854018,276.843137254902));
#9657=CARTESIAN_POINT('Ctrl Pts',(8.0859537238487,-109.170498079975,277.529411764706));
#9658=CARTESIAN_POINT('Ctrl Pts',(50.7824307858051,-94.833702731905,278.21568627451));
#9659=CARTESIAN_POINT('Ctrl Pts',(77.7344086101189,-72.1879588071195,278.764705882353));
#9660=CARTESIAN_POINT('Ctrl Pts',(93.1643378164002,-50.7731541750972,279.176470588235));
#9661=CARTESIAN_POINT('Ctrl Pts',(102.808908112783,-26.1918981173614,279.588235294118));
#9662=CARTESIAN_POINT('Ctrl Pts',(105.,-8.73177958130272,279.862745098039));
#9663=CARTESIAN_POINT('Ctrl Pts',(105.,-1.44044460766465E-12,280.));
#9664=CARTESIAN_POINT('Origin',(100.,-1.37185200729967E-12,280.));
#9665=CARTESIAN_POINT('Origin',(100.,-1.37185200729967E-12,280.));
#9666=CARTESIAN_POINT('Origin',(100.,0.,9.25185853854297E-17));
#9667=CARTESIAN_POINT('',(-243.333,5.,4.99999999999999));
#9668=CARTESIAN_POINT('',(-242.880419701896,-15.6540925776864,4.99999999999999));
#9669=CARTESIAN_POINT('',(-240.677880414248,-36.195397059638,4.99999999999999));
#9670=CARTESIAN_POINT('',(-236.741251483095,-56.4759128763592,4.99999999999999));
#9671=CARTESIAN_POINT('',(-231.098896410092,-76.3495184466637,4.99999999999999));
#9672=CARTESIAN_POINT('',(-223.791468492836,-95.6730239870148,4.99999999999999));
#9673=CARTESIAN_POINT('',(-214.87161791692,-114.307203197197,4.99999999999999));
#9674=CARTESIAN_POINT('',(-204.40361241014,-132.117796389,4.99999999999999));
#9675=CARTESIAN_POINT('',(-192.462874192047,-148.976477830348,4.99999999999999));
#9676=CARTESIAN_POINT('',(-179.135436555124,-164.761780335141,4.99999999999999));
#9677=CARTESIAN_POINT('',(-164.517323992942,-179.359970437111,4.99999999999999));
#9678=CARTESIAN_POINT('',(-148.713860341486,-192.665867842057,4.99999999999999));
#9679=CARTESIAN_POINT('',(-131.838909918498,-204.583603254274,4.99999999999999));
#9680=CARTESIAN_POINT('',(-114.014057128467,-215.027309117021,4.99999999999999));
#9681=CARTESIAN_POINT('',(-95.3677304441984,-223.92173829024,4.99999999999999));
#9682=CARTESIAN_POINT('',(-76.0342770767331,-231.202806207923,4.99999999999999));
#9683=CARTESIAN_POINT('',(-56.1529950006085,-236.818052608879,4.99999999999999));
#9684=CARTESIAN_POINT('',(-35.8671293087617,-240.727019514114,4.99999999999999));
#9685=CARTESIAN_POINT('',(-15.3228401283518,-242.901542727503,4.99999999999999));
#9686=CARTESIAN_POINT('',(5.3318504663049,-243.325954759465,4.99999999999999));
#9687=CARTESIAN_POINT('',(25.9481249561728,-241.997197711583,4.99999999999999));
#9688=CARTESIAN_POINT('',(46.3774426111316,-238.924845308836,4.99999999999999));
#9689=CARTESIAN_POINT('',(66.4726097293406,-234.131033920689,4.99999999999999));
#9690=CARTESIAN_POINT('',(86.0888401712333,-227.650303068043,4.99999999999999));
#9691=CARTESIAN_POINT('',(105.084798546971,-219.529346565197,4.99999999999999));
#9692=CARTESIAN_POINT('',(123.323618541165,-209.826676089846,4.99999999999999));
#9693=CARTESIAN_POINT('',(140.673889037816,-198.6121996051,4.99999999999999));
#9694=CARTESIAN_POINT('',(157.010600940415,-185.966717671012,4.99999999999999));
#9695=CARTESIAN_POINT('',(172.216047865349,-171.981341274686,4.99999999999999));
#9696=CARTESIAN_POINT('',(186.180674219091,-156.756835373533,4.99999999999999));
#9697=CARTESIAN_POINT('',(198.803864548764,-140.402892881439,4.99999999999999));
#9698=CARTESIAN_POINT('',(209.994668478783,-123.037344328809,4.99999999999999));
#9699=CARTESIAN_POINT('',(219.672456010396,-104.785308890896,4.99999999999999));
#9700=CARTESIAN_POINT('',(227.767498462672,-85.7782929012745,4.99999999999999));
#9701=CARTESIAN_POINT('',(234.221470869243,-66.1532423456942,4.99999999999999));
#9702=CARTESIAN_POINT('',(238.98787221103,-46.0515561631151,4.99999999999999));
#9703=CARTESIAN_POINT('',(242.032360457141,-25.6180674631118,4.99999999999999));
#9704=CARTESIAN_POINT('',(243.333,-5.00000000000003,4.99999999999999));
#9705=CARTESIAN_POINT('',(242.880419701896,15.6540925776864,4.99999999999999));
#9706=CARTESIAN_POINT('',(240.677880414248,36.1953970596379,4.99999999999999));
#9707=CARTESIAN_POINT('',(236.741251483095,56.4759128763591,4.99999999999999));
#9708=CARTESIAN_POINT('',(231.098896410092,76.3495184466636,4.99999999999999));
#9709=CARTESIAN_POINT('',(223.791468492836,95.6730239870148,4.99999999999999));
#9710=CARTESIAN_POINT('',(214.87161791692,114.307203197197,4.99999999999999));
#9711=CARTESIAN_POINT('',(204.40361241014,132.117796389,4.99999999999999));
#9712=CARTESIAN_POINT('',(192.462874192047,148.976477830348,4.99999999999999));
#9713=CARTESIAN_POINT('',(179.135436555124,164.761780335141,4.99999999999999));
#9714=CARTESIAN_POINT('',(164.517323992942,179.359970437111,4.99999999999999));
#9715=CARTESIAN_POINT('',(148.713860341486,192.665867842057,4.99999999999999));
#9716=CARTESIAN_POINT('',(131.838909918499,204.583603254274,4.99999999999999));
#9717=CARTESIAN_POINT('',(114.014057128467,215.027309117021,4.99999999999999));
#9718=CARTESIAN_POINT('',(95.3677304441984,223.92173829024,4.99999999999999));
#9719=CARTESIAN_POINT('',(76.0342770767331,231.202806207923,4.99999999999999));
#9720=CARTESIAN_POINT('',(56.1529950006087,236.818052608879,4.99999999999999));
#9721=CARTESIAN_POINT('',(35.8671293087618,240.727019514114,4.99999999999999));
#9722=CARTESIAN_POINT('',(15.3228401283518,242.901542727503,4.99999999999999));
#9723=CARTESIAN_POINT('',(-5.33185046630492,243.325954759465,4.99999999999999));
#9724=CARTESIAN_POINT('',(-25.9481249561729,241.997197711583,4.99999999999999));
#9725=CARTESIAN_POINT('',(-46.3774426111315,238.924845308836,4.99999999999999));
#9726=CARTESIAN_POINT('',(-66.4726097293405,234.131033920689,4.99999999999999));
#9727=CARTESIAN_POINT('',(-86.0888401712332,227.650303068043,4.99999999999999));
#9728=CARTESIAN_POINT('',(-105.084798546971,219.529346565197,4.99999999999999));
#9729=CARTESIAN_POINT('',(-123.323618541165,209.826676089846,4.99999999999999));
#9730=CARTESIAN_POINT('',(-140.673889037816,198.6121996051,4.99999999999999));
#9731=CARTESIAN_POINT('',(-157.010600940415,185.966717671012,4.99999999999999));
#9732=CARTESIAN_POINT('',(-172.216047865349,171.981341274686,4.99999999999999));
#9733=CARTESIAN_POINT('',(-186.180674219091,156.756835373533,4.99999999999999));
#9734=CARTESIAN_POINT('',(-198.803864548764,140.402892881439,4.99999999999999));
#9735=CARTESIAN_POINT('',(-209.994668478783,123.037344328809,4.99999999999999));
#9736=CARTESIAN_POINT('',(-219.672456010396,104.785308890896,4.99999999999999));
#9737=CARTESIAN_POINT('',(-227.767498462672,85.7782929012746,4.99999999999999));
#9738=CARTESIAN_POINT('',(-234.221470869243,66.1532423456944,4.99999999999999));
#9739=CARTESIAN_POINT('',(-238.98787221103,46.0515561631152,4.99999999999999));
#9740=CARTESIAN_POINT('',(-242.032360457141,25.6180674631118,4.99999999999999));
#9741=CARTESIAN_POINT('',(0.,0.,0.));
#9742=CARTESIAN_POINT('',(0.,0.,108.));
#9743=CARTESIAN_POINT('',(0.,0.,-118.));
#9744=CARTESIAN_POINT('',(0.,0.,-138.));
#9745=UNCERTAINTY_MEASURE_WITH_UNIT(LENGTH_MEASURE(0.01),#9755,
'DISTANCE_ACCURACY_VALUE',
'Maximum model space distance between geometric entities at asserted c
onnectivities');
#9746=UNCERTAINTY_MEASURE_WITH_UNIT(LENGTH_MEASURE(0.01),#9755,
'DISTANCE_ACCURACY_VALUE',
'Maximum model space distance between geometric entities at asserted c
onnectivities');
#9747=UNCERTAINTY_MEASURE_WITH_UNIT(LENGTH_MEASURE(0.01),#9755,
'DISTANCE_ACCURACY_VALUE',
'Maximum model space distance between geometric entities at asserted c
onnectivities');
#9748=UNCERTAINTY_MEASURE_WITH_UNIT(LENGTH_MEASURE(0.01),#9755,
'DISTANCE_ACCURACY_VALUE',
'Maximum model space distance between geometric entities at asserted c
onnectivities');
#9749=UNCERTAINTY_MEASURE_WITH_UNIT(LENGTH_MEASURE(0.01),#9755,
'DISTANCE_ACCURACY_VALUE',
'Maximum model space distance between geometric entities at asserted c
onnectivities');
#9750=(
GEOMETRIC_REPRESENTATION_CONTEXT(3)
GLOBAL_UNCERTAINTY_ASSIGNED_CONTEXT((#9745))
GLOBAL_UNIT_ASSIGNED_CONTEXT((#9755,#9757,#9758))
REPRESENTATION_CONTEXT('','3D')
);
#9751=(
GEOMETRIC_REPRESENTATION_CONTEXT(3)
GLOBAL_UNCERTAINTY_ASSIGNED_CONTEXT((#9746))
GLOBAL_UNIT_ASSIGNED_CONTEXT((#9755,#9757,#9758))
REPRESENTATION_CONTEXT('','3D')
);
#9752=(
GEOMETRIC_REPRESENTATION_CONTEXT(3)
GLOBAL_UNCERTAINTY_ASSIGNED_CONTEXT((#9747))
GLOBAL_UNIT_ASSIGNED_CONTEXT((#9755,#9757,#9758))
REPRESENTATION_CONTEXT('','3D')
);
#9753=(
GEOMETRIC_REPRESENTATION_CONTEXT(3)
GLOBAL_UNCERTAINTY_ASSIGNED_CONTEXT((#9748))
GLOBAL_UNIT_ASSIGNED_CONTEXT((#9755,#9757,#9758))
REPRESENTATION_CONTEXT('','3D')
);
#9754=(
GEOMETRIC_REPRESENTATION_CONTEXT(3)
GLOBAL_UNCERTAINTY_ASSIGNED_CONTEXT((#9749))
GLOBAL_UNIT_ASSIGNED_CONTEXT((#9755,#9757,#9758))
REPRESENTATION_CONTEXT('','3D')
);
#9755=(
LENGTH_UNIT()
NAMED_UNIT(*)
SI_UNIT(.MILLI.,.METRE.)
);
#9756=(
LENGTH_UNIT()
NAMED_UNIT(*)
SI_UNIT($,.METRE.)
);
#9757=(
NAMED_UNIT(*)
PLANE_ANGLE_UNIT()
SI_UNIT($,.RADIAN.)
);
#9758=(
NAMED_UNIT(*)
SI_UNIT($,.STERADIAN.)
SOLID_ANGLE_UNIT()
);
#9759=SHAPE_DEFINITION_REPRESENTATION(#9763,#9845);
#9760=SHAPE_DEFINITION_REPRESENTATION(#9764,#9846);
#9761=SHAPE_DEFINITION_REPRESENTATION(#9765,#9847);
#9762=SHAPE_DEFINITION_REPRESENTATION(#9766,#9848);
#9763=PRODUCT_DEFINITION_SHAPE('',$,#9850);
#9764=PRODUCT_DEFINITION_SHAPE('',$,#9851);
#9765=PRODUCT_DEFINITION_SHAPE('',$,#9852);
#9766=PRODUCT_DEFINITION_SHAPE('',$,#9853);
#9767=PRODUCT_DEFINITION_SHAPE($,$,#245);
#9768=PRODUCT_DEFINITION_SHAPE($,$,#246);
#9769=PRODUCT_DEFINITION_SHAPE($,$,#247);
#9770=PRODUCT_DEFINITION_SHAPE($,$,#248);
#9771=PRODUCT_DEFINITION_SHAPE($,$,#249);
#9772=PRODUCT_DEFINITION_SHAPE($,$,#250);
#9773=PRODUCT_DEFINITION_SHAPE($,$,#251);
#9774=PRODUCT_DEFINITION_SHAPE($,$,#252);
#9775=PRODUCT_DEFINITION_SHAPE($,$,#253);
#9776=PRODUCT_DEFINITION_SHAPE($,$,#254);
#9777=PRODUCT_DEFINITION_SHAPE($,$,#255);
#9778=PRODUCT_DEFINITION_SHAPE($,$,#256);
#9779=PRODUCT_DEFINITION_SHAPE($,$,#257);
#9780=PRODUCT_DEFINITION_SHAPE($,$,#258);
#9781=PRODUCT_DEFINITION_SHAPE($,$,#259);
#9782=PRODUCT_DEFINITION_SHAPE($,$,#260);
#9783=PRODUCT_DEFINITION_SHAPE($,$,#261);
#9784=PRODUCT_DEFINITION_SHAPE($,$,#262);
#9785=PRODUCT_DEFINITION_SHAPE($,$,#263);
#9786=PRODUCT_DEFINITION_SHAPE($,$,#264);
#9787=PRODUCT_DEFINITION_SHAPE($,$,#265);
#9788=PRODUCT_DEFINITION_SHAPE($,$,#266);
#9789=PRODUCT_DEFINITION_SHAPE($,$,#267);
#9790=PRODUCT_DEFINITION_SHAPE($,$,#268);
#9791=PRODUCT_DEFINITION_SHAPE($,$,#269);
#9792=PRODUCT_DEFINITION_SHAPE($,$,#270);
#9793=PRODUCT_DEFINITION_SHAPE($,$,#271);
#9794=PRODUCT_DEFINITION_SHAPE($,$,#272);
#9795=PRODUCT_DEFINITION_SHAPE($,$,#273);
#9796=PRODUCT_DEFINITION_SHAPE($,$,#274);
#9797=PRODUCT_DEFINITION_SHAPE($,$,#275);
#9798=PRODUCT_DEFINITION_SHAPE($,$,#276);
#9799=PRODUCT_DEFINITION_SHAPE($,$,#277);
#9800=PRODUCT_DEFINITION_SHAPE($,$,#278);
#9801=PRODUCT_DEFINITION_SHAPE($,$,#279);
#9802=PRODUCT_DEFINITION_SHAPE($,$,#280);
#9803=PRODUCT_DEFINITION_SHAPE($,$,#281);
#9804=PRODUCT_DEFINITION_SHAPE($,$,#282);
#9805=PRODUCT_DEFINITION_SHAPE($,$,#283);
#9806=PRODUCT_DEFINITION_SHAPE($,$,#284);
#9807=PRODUCT_DEFINITION_SHAPE($,$,#285);
#9808=PRODUCT_DEFINITION_SHAPE($,$,#286);
#9809=PRODUCT_DEFINITION_SHAPE($,$,#287);
#9810=PRODUCT_DEFINITION_SHAPE($,$,#288);
#9811=PRODUCT_DEFINITION_SHAPE($,$,#289);
#9812=PRODUCT_DEFINITION_SHAPE($,$,#290);
#9813=PRODUCT_DEFINITION_SHAPE($,$,#291);
#9814=PRODUCT_DEFINITION_SHAPE($,$,#292);
#9815=PRODUCT_DEFINITION_SHAPE($,$,#293);
#9816=PRODUCT_DEFINITION_SHAPE($,$,#294);
#9817=PRODUCT_DEFINITION_SHAPE($,$,#295);
#9818=PRODUCT_DEFINITION_SHAPE($,$,#296);
#9819=PRODUCT_DEFINITION_SHAPE($,$,#297);
#9820=PRODUCT_DEFINITION_SHAPE($,$,#298);
#9821=PRODUCT_DEFINITION_SHAPE($,$,#299);
#9822=PRODUCT_DEFINITION_SHAPE($,$,#300);
#9823=PRODUCT_DEFINITION_SHAPE($,$,#301);
#9824=PRODUCT_DEFINITION_SHAPE($,$,#302);
#9825=PRODUCT_DEFINITION_SHAPE($,$,#303);
#9826=PRODUCT_DEFINITION_SHAPE($,$,#304);
#9827=PRODUCT_DEFINITION_SHAPE($,$,#305);
#9828=PRODUCT_DEFINITION_SHAPE($,$,#306);
#9829=PRODUCT_DEFINITION_SHAPE($,$,#307);
#9830=PRODUCT_DEFINITION_SHAPE($,$,#308);
#9831=PRODUCT_DEFINITION_SHAPE($,$,#309);
#9832=PRODUCT_DEFINITION_SHAPE($,$,#310);
#9833=PRODUCT_DEFINITION_SHAPE($,$,#311);
#9834=PRODUCT_DEFINITION_SHAPE($,$,#312);
#9835=PRODUCT_DEFINITION_SHAPE($,$,#313);
#9836=PRODUCT_DEFINITION_SHAPE($,$,#314);
#9837=PRODUCT_DEFINITION_SHAPE($,$,#315);
#9838=PRODUCT_DEFINITION_SHAPE($,$,#316);
#9839=PRODUCT_DEFINITION_SHAPE($,$,#317);
#9840=PRODUCT_DEFINITION_SHAPE($,$,#318);
#9841=PRODUCT_DEFINITION_SHAPE($,$,#319);
#9842=PRODUCT_DEFINITION_SHAPE($,$,#320);
#9843=PRODUCT_DEFINITION_SHAPE($,$,#321);
#9844=PRODUCT_DEFINITION_SHAPE($,$,#322);
#9845=SHAPE_REPRESENTATION('',(#540,#566,#567,#568,#569,#570,#571,#572,
#573,#574,#575,#576,#577,#578,#579,#580,#581,#582,#583,#584,#585,#586,#587,
#588,#589,#590,#591,#592,#593,#594,#595,#596,#597,#598,#599,#600,#601,#602,
#603,#604,#605,#606,#607,#608,#609,#610,#611,#612,#613,#614,#615,#616,#617,
#618,#619,#620,#621,#622,#623,#624,#625,#626,#627,#628,#629,#630,#631,#632,
#633,#634,#635,#636,#637,#638,#639,#640,#641,#642,#643),#9750);
#9846=SHAPE_REPRESENTATION('',(#541),#9751);
#9847=SHAPE_REPRESENTATION('',(#552),#9752);
#9848=SHAPE_REPRESENTATION('',(#561),#9753);
#9849=PRODUCT_DEFINITION_CONTEXT('part definition',#9863,'design');
#9850=PRODUCT_DEFINITION('Tokamak','Tokamak v3',#9854,#9849);
#9851=PRODUCT_DEFINITION('toroidal coil','toroidal coil v2',#9855,#9849);
#9852=PRODUCT_DEFINITION('outer poloidal coil','outer poloidal coil v4',
#9856,#9849);
#9853=PRODUCT_DEFINITION('central solenoid','central solenoid v3',#9857,
#9849);
#9854=PRODUCT_DEFINITION_FORMATION('',$,#9865);
#9855=PRODUCT_DEFINITION_FORMATION('',$,#9866);
#9856=PRODUCT_DEFINITION_FORMATION('',$,#9867);
#9857=PRODUCT_DEFINITION_FORMATION('',$,#9868);
#9858=PRODUCT_RELATED_PRODUCT_CATEGORY('Tokamak v3','Tokamak v3',(#9865));
#9859=PRODUCT_RELATED_PRODUCT_CATEGORY('toroidal coil v2',
'toroidal coil v2',(#9866));
#9860=PRODUCT_RELATED_PRODUCT_CATEGORY('outer poloidal coil v4',
'outer poloidal coil v4',(#9867));
#9861=PRODUCT_RELATED_PRODUCT_CATEGORY('central solenoid v3',
'central solenoid v3',(#9868));
#9862=APPLICATION_PROTOCOL_DEFINITION('international standard',
'ap242_managed_model_based_3d_engineering',2011,#9863);
#9863=APPLICATION_CONTEXT('Managed model based 3d engineering');
#9864=PRODUCT_CONTEXT('part definition',#9863,'mechanical');
#9865=PRODUCT('Tokamak','Tokamak v3',$,(#9864));
#9866=PRODUCT('toroidal coil','toroidal coil v2',$,(#9864));
#9867=PRODUCT('outer poloidal coil','outer poloidal coil v4',$,(#9864));
#9868=PRODUCT('central solenoid','central solenoid v3',$,(#9864));
#9869=PRESENTATION_STYLE_ASSIGNMENT((#9870));
#9870=SURFACE_STYLE_USAGE(.BOTH.,#9871);
#9871=SURFACE_SIDE_STYLE('',(#9872));
#9872=SURFACE_STYLE_FILL_AREA(#9873);
#9873=FILL_AREA_STYLE('Steel - Satin',(#9874));
#9874=FILL_AREA_STYLE_COLOUR('Steel - Satin',#9875);
#9875=COLOUR_RGB('Steel - Satin',0.627450980392157,0.627450980392157,0.627450980392157);
ENDSEC;
END-ISO-10303-21;
